solid OpenSCAD_Model
  facet normal 0.0454076 -0.998969 0
    outer loop
      vertex 0 -11 0
      vertex 60 -8.27273 6
      vertex 0 -11 6
    endloop
  endfacet
  facet normal 0.0454076 -0.998969 0
    outer loop
      vertex 60 -8.27273 6
      vertex 0 -11 0
      vertex 60 -8.27273 0
    endloop
  endfacet
  facet normal -0.80321 0.595696 0
    outer loop
      vertex -9.14616 6.11127 0
      vertex -8.50311 6.97833 6
      vertex -8.50311 6.97833 0
    endloop
  endfacet
  facet normal -0.80321 0.595696 0
    outer loop
      vertex -8.50311 6.97833 6
      vertex -9.14616 6.11127 0
      vertex -9.14616 6.11127 6
    endloop
  endfacet
  facet normal -0.0490972 0.998794 0
    outer loop
      vertex 0 11 0
      vertex -1.07819 10.947 6
      vertex 0 11 6
    endloop
  endfacet
  facet normal -0.0490972 0.998794 0
    outer loop
      vertex -1.07819 10.947 6
      vertex 0 11 0
      vertex -1.07819 10.947 0
    endloop
  endfacet
  facet normal -0.242985 -0.97003 0
    outer loop
      vertex -3.19313 -10.5263 0
      vertex -2.14599 -10.7886 6
      vertex -3.19313 -10.5263 6
    endloop
  endfacet
  facet normal -0.242985 -0.97003 -0
    outer loop
      vertex -2.14599 -10.7886 6
      vertex -3.19313 -10.5263 0
      vertex -2.14599 -10.7886 0
    endloop
  endfacet
  facet normal -0.0490972 -0.998794 0
    outer loop
      vertex -1.07819 -10.947 0
      vertex 0 -11 6
      vertex -1.07819 -10.947 6
    endloop
  endfacet
  facet normal -0.0490972 -0.998794 -0
    outer loop
      vertex 0 -11 6
      vertex -1.07819 -10.947 0
      vertex 0 -11 0
    endloop
  endfacet
  facet normal -0.903978 0.427579 0
    outer loop
      vertex -10.1627 4.20952 0
      vertex -9.70113 5.18536 6
      vertex -9.70113 5.18536 0
    endloop
  endfacet
  facet normal -0.903978 0.427579 0
    outer loop
      vertex -9.70113 5.18536 6
      vertex -10.1627 4.20952 0
      vertex -10.1627 4.20952 6
    endloop
  endfacet
  facet normal -0.427579 0.903978 0
    outer loop
      vertex -4.20952 10.1627 0
      vertex -5.18536 9.70113 6
      vertex -4.20952 10.1627 6
    endloop
  endfacet
  facet normal -0.427579 0.903978 0
    outer loop
      vertex -5.18536 9.70113 6
      vertex -4.20952 10.1627 0
      vertex -5.18536 9.70113 0
    endloop
  endfacet
  facet normal -0.427579 -0.903978 0
    outer loop
      vertex -5.18536 -9.70113 0
      vertex -4.20952 -10.1627 6
      vertex -5.18536 -9.70113 6
    endloop
  endfacet
  facet normal -0.427579 -0.903978 -0
    outer loop
      vertex -4.20952 -10.1627 6
      vertex -5.18536 -9.70113 0
      vertex -4.20952 -10.1627 0
    endloop
  endfacet
  facet normal 0.0454076 0.998969 -0
    outer loop
      vertex 60 8.27273 0
      vertex 0 11 6
      vertex 60 8.27273 6
    endloop
  endfacet
  facet normal 0.0454076 0.998969 0
    outer loop
      vertex 0 11 6
      vertex 60 8.27273 0
      vertex 0 11 0
    endloop
  endfacet
  facet normal -0.595696 0.80321 0
    outer loop
      vertex -6.11127 9.14616 0
      vertex -6.97833 8.50311 6
      vertex -6.11127 9.14616 6
    endloop
  endfacet
  facet normal -0.595696 0.80321 0
    outer loop
      vertex -6.97833 8.50311 6
      vertex -6.11127 9.14616 0
      vertex -6.97833 8.50311 0
    endloop
  endfacet
  facet normal -0.941565 0.336832 0
    outer loop
      vertex -10.5263 3.19313 0
      vertex -10.1627 4.20952 6
      vertex -10.1627 4.20952 0
    endloop
  endfacet
  facet normal -0.941565 0.336832 0
    outer loop
      vertex -10.1627 4.20952 6
      vertex -10.5263 3.19313 0
      vertex -10.5263 3.19313 6
    endloop
  endfacet
  facet normal -0.903978 -0.427579 0
    outer loop
      vertex -9.70113 -5.18536 0
      vertex -10.1627 -4.20952 6
      vertex -10.1627 -4.20952 0
    endloop
  endfacet
  facet normal -0.903978 -0.427579 0
    outer loop
      vertex -10.1627 -4.20952 6
      vertex -9.70113 -5.18536 0
      vertex -9.70113 -5.18536 6
    endloop
  endfacet
  facet normal -0.671563 -0.740948 0
    outer loop
      vertex -7.77817 -7.77817 0
      vertex -6.97833 -8.50311 6
      vertex -7.77817 -7.77817 6
    endloop
  endfacet
  facet normal -0.671563 -0.740948 -0
    outer loop
      vertex -6.97833 -8.50311 6
      vertex -7.77817 -7.77817 0
      vertex -6.97833 -8.50311 0
    endloop
  endfacet
  facet normal -0.989172 0.146763 0
    outer loop
      vertex -10.9442 1.09726 0
      vertex -10.7886 2.14599 6
      vertex -10.7886 2.14599 0
    endloop
  endfacet
  facet normal -0.989172 0.146763 0
    outer loop
      vertex -10.7886 2.14599 6
      vertex -10.9442 1.09726 0
      vertex -10.9442 1.09726 6
    endloop
  endfacet
  facet normal -0.97003 0.242985 0
    outer loop
      vertex -10.7886 2.14599 0
      vertex -10.5263 3.19313 6
      vertex -10.5263 3.19313 0
    endloop
  endfacet
  facet normal -0.97003 0.242985 0
    outer loop
      vertex -10.5263 3.19313 6
      vertex -10.7886 2.14599 0
      vertex -10.7886 2.14599 6
    endloop
  endfacet
  facet normal -0.740948 -0.671563 0
    outer loop
      vertex -7.77817 -7.77817 0
      vertex -8.50311 -6.97833 6
      vertex -8.50311 -6.97833 0
    endloop
  endfacet
  facet normal -0.740948 -0.671563 0
    outer loop
      vertex -8.50311 -6.97833 6
      vertex -7.77817 -7.77817 0
      vertex -7.77817 -7.77817 6
    endloop
  endfacet
  facet normal -0.514103 0.857728 0
    outer loop
      vertex -5.18536 9.70113 0
      vertex -6.11127 9.14616 6
      vertex -5.18536 9.70113 6
    endloop
  endfacet
  facet normal -0.514103 0.857728 0
    outer loop
      vertex -6.11127 9.14616 6
      vertex -5.18536 9.70113 0
      vertex -6.11127 9.14616 0
    endloop
  endfacet
  facet normal -0.336832 0.941565 0
    outer loop
      vertex -3.19313 10.5263 0
      vertex -4.20952 10.1627 6
      vertex -3.19313 10.5263 6
    endloop
  endfacet
  facet normal -0.336832 0.941565 0
    outer loop
      vertex -4.20952 10.1627 6
      vertex -3.19313 10.5263 0
      vertex -4.20952 10.1627 0
    endloop
  endfacet
  facet normal -0.857728 0.514103 0
    outer loop
      vertex -9.70113 5.18536 0
      vertex -9.14616 6.11127 6
      vertex -9.14616 6.11127 0
    endloop
  endfacet
  facet normal -0.857728 0.514103 0
    outer loop
      vertex -9.14616 6.11127 6
      vertex -9.70113 5.18536 0
      vertex -9.70113 5.18536 6
    endloop
  endfacet
  facet normal -0.941565 -0.336832 0
    outer loop
      vertex -10.1627 -4.20952 0
      vertex -10.5263 -3.19313 6
      vertex -10.5263 -3.19313 0
    endloop
  endfacet
  facet normal -0.941565 -0.336832 0
    outer loop
      vertex -10.5263 -3.19313 6
      vertex -10.1627 -4.20952 0
      vertex -10.1627 -4.20952 6
    endloop
  endfacet
  facet normal -0.97003 -0.242985 0
    outer loop
      vertex -10.5263 -3.19313 0
      vertex -10.7886 -2.14599 6
      vertex -10.7886 -2.14599 0
    endloop
  endfacet
  facet normal -0.97003 -0.242985 0
    outer loop
      vertex -10.7886 -2.14599 6
      vertex -10.5263 -3.19313 0
      vertex -10.5263 -3.19313 6
    endloop
  endfacet
  facet normal -0.514103 -0.857728 0
    outer loop
      vertex -6.11127 -9.14616 0
      vertex -5.18536 -9.70113 6
      vertex -6.11127 -9.14616 6
    endloop
  endfacet
  facet normal -0.514103 -0.857728 -0
    outer loop
      vertex -5.18536 -9.70113 6
      vertex -6.11127 -9.14616 0
      vertex -5.18536 -9.70113 0
    endloop
  endfacet
  facet normal -0.989172 -0.146763 0
    outer loop
      vertex -10.7886 -2.14599 0
      vertex -10.9442 -1.09726 6
      vertex -10.9442 -1.09726 0
    endloop
  endfacet
  facet normal -0.989172 -0.146763 0
    outer loop
      vertex -10.9442 -1.09726 6
      vertex -10.7886 -2.14599 0
      vertex -10.7886 -2.14599 6
    endloop
  endfacet
  facet normal -0.80321 -0.595696 0
    outer loop
      vertex -8.50311 -6.97833 0
      vertex -9.14616 -6.11127 6
      vertex -9.14616 -6.11127 0
    endloop
  endfacet
  facet normal -0.80321 -0.595696 0
    outer loop
      vertex -9.14616 -6.11127 6
      vertex -8.50311 -6.97833 0
      vertex -8.50311 -6.97833 6
    endloop
  endfacet
  facet normal 0 0 -1
    outer loop
      vertex -10.0299 0.518536 0
      vertex -8.97011 0.518536 0
      vertex -9.98373 0.420951 0
    endloop
  endfacet
  facet normal 0 0 -1
    outer loop
      vertex -8.97011 0.518536 0
      vertex -10.0299 0.518536 0
      vertex -8.91462 0.611127 0
    endloop
  endfacet
  facet normal 0 0 -1
    outer loop
      vertex -10.0854 0.611127 0
      vertex -8.91462 0.611127 0
      vertex -10.0299 0.518536 0
    endloop
  endfacet
  facet normal 0 0 -1
    outer loop
      vertex -8.91462 0.611127 0
      vertex -10.0854 0.611127 0
      vertex -8.85031 0.697832 0
    endloop
  endfacet
  facet normal 0 0 -1
    outer loop
      vertex -10.1497 0.697832 0
      vertex -8.85031 0.697832 0
      vertex -10.0854 0.611127 0
    endloop
  endfacet
  facet normal 0 0 -1
    outer loop
      vertex -8.85031 0.697832 0
      vertex -10.1497 0.697832 0
      vertex -8.77782 0.777817 0
    endloop
  endfacet
  facet normal 0 0 -1
    outer loop
      vertex -10.2222 0.777817 0
      vertex -8.77782 0.777817 0
      vertex -10.1497 0.697832 0
    endloop
  endfacet
  facet normal 0 0 -1
    outer loop
      vertex -8.77782 0.777817 0
      vertex -10.1627 4.20952 0
      vertex -9.70113 5.18536 0
    endloop
  endfacet
  facet normal 0 0 -1
    outer loop
      vertex -10.3022 0.850311 0
      vertex -8.77782 0.777817 0
      vertex -10.2222 0.777817 0
    endloop
  endfacet
  facet normal 0 0 -1
    outer loop
      vertex -8.77782 0.777817 0
      vertex -10.3022 0.850311 0
      vertex -10.7886 2.14599 0
    endloop
  endfacet
  facet normal 0 0 -1
    outer loop
      vertex -10.7886 2.14599 0
      vertex -10.3022 0.850311 0
      vertex -10.3889 0.914616 0
    endloop
  endfacet
  facet normal 0 0 -1
    outer loop
      vertex -10.7886 2.14599 0
      vertex -10.3889 0.914616 0
      vertex -10.4815 0.970113 0
    endloop
  endfacet
  facet normal 0 0 -1
    outer loop
      vertex -8.77782 0.777817 0
      vertex -10.5263 3.19313 0
      vertex -10.1627 4.20952 0
    endloop
  endfacet
  facet normal 0 0 -1
    outer loop
      vertex -10.7886 2.14599 0
      vertex -10.4815 0.970113 0
      vertex -10.579 1.01627 0
    endloop
  endfacet
  facet normal 0 0 -1
    outer loop
      vertex -10.7886 2.14599 0
      vertex -10.579 1.01627 0
      vertex -10.6807 1.05263 0
    endloop
  endfacet
  facet normal 0 0 -1
    outer loop
      vertex -10.7886 2.14599 0
      vertex -10.6807 1.05263 0
      vertex -10.7854 1.07886 0
    endloop
  endfacet
  facet normal 0 0 -1
    outer loop
      vertex -8.77782 0.777817 0
      vertex -10.7886 2.14599 0
      vertex -10.5263 3.19313 0
    endloop
  endfacet
  facet normal 0 0 -1
    outer loop
      vertex -10.8922 1.0947 0
      vertex -10.7886 2.14599 0
      vertex -10.7854 1.07886 0
    endloop
  endfacet
  facet normal 0 0 -1
    outer loop
      vertex -10.7886 2.14599 0
      vertex -10.8922 1.0947 0
      vertex -10.9442 1.09726 0
    endloop
  endfacet
  facet normal 0 0 -1
    outer loop
      vertex -5.97011 0.518536 0
      vertex -7.02989 0.518536 0
      vertex -5.91462 0.611127 0
    endloop
  endfacet
  facet normal 0 0 -1
    outer loop
      vertex -7.08538 0.611127 0
      vertex -5.91462 0.611127 0
      vertex -7.02989 0.518536 0
    endloop
  endfacet
  facet normal 0 0 -1
    outer loop
      vertex -5.91462 0.611127 0
      vertex -7.08538 0.611127 0
      vertex -5.85031 0.697832 0
    endloop
  endfacet
  facet normal 0 0 -1
    outer loop
      vertex -7.14969 0.697832 0
      vertex -5.85031 0.697832 0
      vertex -7.08538 0.611127 0
    endloop
  endfacet
  facet normal 0 0 -1
    outer loop
      vertex -5.85031 0.697832 0
      vertex -7.14969 0.697832 0
      vertex -5.77782 0.777817 0
    endloop
  endfacet
  facet normal 0 0 -1
    outer loop
      vertex -7.22218 0.777817 0
      vertex -5.77782 0.777817 0
      vertex -7.14969 0.697832 0
    endloop
  endfacet
  facet normal 0 0 -1
    outer loop
      vertex -5.77782 0.777817 0
      vertex -7.22218 0.777817 0
      vertex -5.69783 0.850311 0
    endloop
  endfacet
  facet normal 0 0 -1
    outer loop
      vertex -7.30217 0.850311 0
      vertex -5.69783 0.850311 0
      vertex -7.22218 0.777817 0
    endloop
  endfacet
  facet normal 0 0 -1
    outer loop
      vertex -5.69783 0.850311 0
      vertex -6.97833 8.50311 0
      vertex -6.11127 9.14616 0
    endloop
  endfacet
  facet normal 0 0 -1
    outer loop
      vertex -7.38887 0.914616 0
      vertex -5.69783 0.850311 0
      vertex -7.30217 0.850311 0
    endloop
  endfacet
  facet normal 0 0 -1
    outer loop
      vertex -7.48146 0.970113 0
      vertex -5.69783 0.850311 0
      vertex -7.38887 0.914616 0
    endloop
  endfacet
  facet normal 0 0 -1
    outer loop
      vertex -7.57905 1.01627 0
      vertex -5.69783 0.850311 0
      vertex -7.48146 0.970113 0
    endloop
  endfacet
  facet normal 0 0 -1
    outer loop
      vertex -5.69783 0.850311 0
      vertex -7.57905 1.01627 0
      vertex -9.14616 6.11127 0
    endloop
  endfacet
  facet normal 0 0 -1
    outer loop
      vertex -9.14616 6.11127 0
      vertex -7.57905 1.01627 0
      vertex -7.68069 1.05263 0
    endloop
  endfacet
  facet normal 0 0 -1
    outer loop
      vertex -5.69783 0.850311 0
      vertex -7.77817 7.77817 0
      vertex -6.97833 8.50311 0
    endloop
  endfacet
  facet normal 0 0 -1
    outer loop
      vertex -9.70113 5.18536 0
      vertex -7.68069 1.05263 0
      vertex -7.7854 1.07886 0
    endloop
  endfacet
  facet normal 0 0 -1
    outer loop
      vertex -9.70113 5.18536 0
      vertex -7.7854 1.07886 0
      vertex -7.89218 1.0947 0
    endloop
  endfacet
  facet normal 0 0 -1
    outer loop
      vertex -9.70113 5.18536 0
      vertex -7.89218 1.0947 0
      vertex -8 1.1 0
    endloop
  endfacet
  facet normal 0 0 -1
    outer loop
      vertex -9.70113 5.18536 0
      vertex -8 1.1 0
      vertex -8.10782 1.0947 0
    endloop
  endfacet
  facet normal 0 0 -1
    outer loop
      vertex -9.70113 5.18536 0
      vertex -8.10782 1.0947 0
      vertex -8.2146 1.07886 0
    endloop
  endfacet
  facet normal 0 0 -1
    outer loop
      vertex -9.70113 5.18536 0
      vertex -8.2146 1.07886 0
      vertex -8.31931 1.05263 0
    endloop
  endfacet
  facet normal 0 0 -1
    outer loop
      vertex -9.70113 5.18536 0
      vertex -8.31931 1.05263 0
      vertex -8.42095 1.01627 0
    endloop
  endfacet
  facet normal 0 0 -1
    outer loop
      vertex -5.69783 0.850311 0
      vertex -8.50311 6.97833 0
      vertex -7.77817 7.77817 0
    endloop
  endfacet
  facet normal 0 0 -1
    outer loop
      vertex -9.70113 5.18536 0
      vertex -8.42095 1.01627 0
      vertex -8.51854 0.970113 0
    endloop
  endfacet
  facet normal 0 0 -1
    outer loop
      vertex -9.70113 5.18536 0
      vertex -8.51854 0.970113 0
      vertex -8.61113 0.914616 0
    endloop
  endfacet
  facet normal 0 0 -1
    outer loop
      vertex -9.70113 5.18536 0
      vertex -8.61113 0.914616 0
      vertex -8.69783 0.850311 0
    endloop
  endfacet
  facet normal 0 0 -1
    outer loop
      vertex -9.70113 5.18536 0
      vertex -8.69783 0.850311 0
      vertex -8.77782 0.777817 0
    endloop
  endfacet
  facet normal 0 0 -1
    outer loop
      vertex -9.01627 0.420951 0
      vertex -9.98373 0.420951 0
      vertex -8.97011 0.518536 0
    endloop
  endfacet
  facet normal 0 0 -1
    outer loop
      vertex -9.05263 0.319313 0
      vertex -9.94736 0.319313 0
      vertex -9.01627 0.420951 0
    endloop
  endfacet
  facet normal 0 0 -1
    outer loop
      vertex -9.94736 0.319313 0
      vertex -9.05263 0.319313 0
      vertex -9.92114 0.214599 0
    endloop
  endfacet
  facet normal 0 0 -1
    outer loop
      vertex -9.07886 0.214599 0
      vertex -9.92114 0.214599 0
      vertex -9.05263 0.319313 0
    endloop
  endfacet
  facet normal 0 0 -1
    outer loop
      vertex -9.92114 0.214599 0
      vertex -9.07886 0.214599 0
      vertex -9.9053 0.107819 0
    endloop
  endfacet
  facet normal 0 0 -1
    outer loop
      vertex -9.0947 0.107819 0
      vertex -9.9053 0.107819 0
      vertex -9.07886 0.214599 0
    endloop
  endfacet
  facet normal 0 0 -1
    outer loop
      vertex -9.9053 0.107819 0
      vertex -9.0947 0.107819 0
      vertex -9.9 0 0
    endloop
  endfacet
  facet normal 0 0 -1
    outer loop
      vertex -5.69783 0.850311 0
      vertex -9.14616 6.11127 0
      vertex -8.50311 6.97833 0
    endloop
  endfacet
  facet normal 0 0 -1
    outer loop
      vertex -9.9 0 0
      vertex -9.0947 0.107819 0
      vertex -9.1 0 0
    endloop
  endfacet
  facet normal 0 -0 -1
    outer loop
      vertex -10.0854 -0.611127 0
      vertex -8.91462 -0.611127 0
      vertex -10.1497 -0.697832 0
    endloop
  endfacet
  facet normal 0 0 -1
    outer loop
      vertex -8.91462 -0.611127 0
      vertex -10.0854 -0.611127 0
      vertex -8.97011 -0.518536 0
    endloop
  endfacet
  facet normal 0 0 -1
    outer loop
      vertex -9.98373 0.420951 0
      vertex -9.01627 0.420951 0
      vertex -9.94736 0.319313 0
    endloop
  endfacet
  facet normal 0 0 -1
    outer loop
      vertex -7.68069 1.05263 0
      vertex -9.70113 5.18536 0
      vertex -9.14616 6.11127 0
    endloop
  endfacet
  facet normal -0 0 -1
    outer loop
      vertex -9.1 0 0
      vertex -9.9053 -0.107819 0
      vertex -9.9 0 0
    endloop
  endfacet
  facet normal 0 0 -1
    outer loop
      vertex -9.0947 -0.107819 0
      vertex -9.9053 -0.107819 0
      vertex -9.1 0 0
    endloop
  endfacet
  facet normal 0 -0 -1
    outer loop
      vertex -9.9053 -0.107819 0
      vertex -9.0947 -0.107819 0
      vertex -9.92114 -0.214599 0
    endloop
  endfacet
  facet normal 0 0 -1
    outer loop
      vertex -9.07886 -0.214599 0
      vertex -9.92114 -0.214599 0
      vertex -9.0947 -0.107819 0
    endloop
  endfacet
  facet normal 0 0 -1
    outer loop
      vertex -8.97011 -0.518536 0
      vertex -10.0299 -0.518536 0
      vertex -9.01627 -0.420951 0
    endloop
  endfacet
  facet normal 0 -0 -1
    outer loop
      vertex -9.92114 -0.214599 0
      vertex -9.07886 -0.214599 0
      vertex -9.94736 -0.319313 0
    endloop
  endfacet
  facet normal 0 0 -1
    outer loop
      vertex -9.05263 -0.319313 0
      vertex -9.94736 -0.319313 0
      vertex -9.07886 -0.214599 0
    endloop
  endfacet
  facet normal 0 0 -1
    outer loop
      vertex -9.01627 -0.420951 0
      vertex -9.98373 -0.420951 0
      vertex -9.05263 -0.319313 0
    endloop
  endfacet
  facet normal 0 -0 -1
    outer loop
      vertex -9.94736 -0.319313 0
      vertex -9.05263 -0.319313 0
      vertex -9.98373 -0.420951 0
    endloop
  endfacet
  facet normal 0 -0 -1
    outer loop
      vertex -9.98373 -0.420951 0
      vertex -9.01627 -0.420951 0
      vertex -10.0299 -0.518536 0
    endloop
  endfacet
  facet normal 0 -0 -1
    outer loop
      vertex -10.0299 -0.518536 0
      vertex -8.97011 -0.518536 0
      vertex -10.0854 -0.611127 0
    endloop
  endfacet
  facet normal 0 0 -1
    outer loop
      vertex -10.2222 -0.777817 0
      vertex -10.7886 -2.14599 0
      vertex -10.3022 -0.850311 0
    endloop
  endfacet
  facet normal 0 0 -1
    outer loop
      vertex -10.3022 -0.850311 0
      vertex -10.7886 -2.14599 0
      vertex -10.3889 -0.914616 0
    endloop
  endfacet
  facet normal 0 0 -1
    outer loop
      vertex -10.3889 -0.914616 0
      vertex -10.7886 -2.14599 0
      vertex -10.4815 -0.970113 0
    endloop
  endfacet
  facet normal 0 0 -1
    outer loop
      vertex -10.4815 -0.970113 0
      vertex -10.7886 -2.14599 0
      vertex -10.579 -1.01627 0
    endloop
  endfacet
  facet normal 0 0 -1
    outer loop
      vertex -10.579 -1.01627 0
      vertex -10.7886 -2.14599 0
      vertex -10.6807 -1.05263 0
    endloop
  endfacet
  facet normal 0 0 -1
    outer loop
      vertex -10.6807 -1.05263 0
      vertex -10.7886 -2.14599 0
      vertex -10.7854 -1.07886 0
    endloop
  endfacet
  facet normal 0 0 -1
    outer loop
      vertex -10.7886 -2.14599 0
      vertex -10.8922 -1.0947 0
      vertex -10.7854 -1.07886 0
    endloop
  endfacet
  facet normal 0 -0 -1
    outer loop
      vertex -10.8922 -1.0947 0
      vertex -10.7886 -2.14599 0
      vertex -10.9442 -1.09726 0
    endloop
  endfacet
  facet normal 0 0 -1
    outer loop
      vertex -4.08538 0.611127 0
      vertex -1.32288 0.707094 0
      vertex -4.02989 0.518536 0
    endloop
  endfacet
  facet normal -0 0 -1
    outer loop
      vertex -1.32288 0.707094 0
      vertex -4.08538 0.611127 0
      vertex -1.2472 0.833355 0
    endloop
  endfacet
  facet normal 0 0 -1
    outer loop
      vertex -4.14969 0.697832 0
      vertex -1.2472 0.833355 0
      vertex -4.08538 0.611127 0
    endloop
  endfacet
  facet normal -0 0 -1
    outer loop
      vertex -1.2472 0.833355 0
      vertex -4.14969 0.697832 0
      vertex -1.15952 0.95159 0
    endloop
  endfacet
  facet normal 0 0 -1
    outer loop
      vertex -4.22218 0.777817 0
      vertex -1.15952 0.95159 0
      vertex -4.14969 0.697832 0
    endloop
  endfacet
  facet normal 0 0 -1
    outer loop
      vertex -4.30217 0.850311 0
      vertex -1.15952 0.95159 0
      vertex -4.22218 0.777817 0
    endloop
  endfacet
  facet normal -0 0 -1
    outer loop
      vertex -1.15952 0.95159 0
      vertex -4.30217 0.850311 0
      vertex -1.06066 1.06066 0
    endloop
  endfacet
  facet normal 0 0 -1
    outer loop
      vertex -4.38887 0.914616 0
      vertex -1.06066 1.06066 0
      vertex -4.30217 0.850311 0
    endloop
  endfacet
  facet normal -0 0 -1
    outer loop
      vertex -1.06066 1.06066 0
      vertex -4.38887 0.914616 0
      vertex -0.95159 1.15952 0
    endloop
  endfacet
  facet normal 0 0 -1
    outer loop
      vertex -4.48146 0.970113 0
      vertex -0.95159 1.15952 0
      vertex -4.38887 0.914616 0
    endloop
  endfacet
  facet normal 0 0 -1
    outer loop
      vertex -4.57905 1.01627 0
      vertex -0.95159 1.15952 0
      vertex -4.48146 0.970113 0
    endloop
  endfacet
  facet normal 0 0 -1
    outer loop
      vertex -0.95159 1.15952 0
      vertex -4.20952 10.1627 0
      vertex -3.19313 10.5263 0
    endloop
  endfacet
  facet normal 0 0 -1
    outer loop
      vertex -5.18536 9.70113 0
      vertex -0.95159 1.15952 0
      vertex -4.57905 1.01627 0
    endloop
  endfacet
  facet normal 0 0 -1
    outer loop
      vertex -5.18536 9.70113 0
      vertex -4.57905 1.01627 0
      vertex -4.68069 1.05263 0
    endloop
  endfacet
  facet normal 0 0 -1
    outer loop
      vertex -6.11127 9.14616 0
      vertex -4.68069 1.05263 0
      vertex -4.7854 1.07886 0
    endloop
  endfacet
  facet normal 0 0 -1
    outer loop
      vertex -6.11127 9.14616 0
      vertex -4.7854 1.07886 0
      vertex -4.89218 1.0947 0
    endloop
  endfacet
  facet normal 0 0 -1
    outer loop
      vertex -6.11127 9.14616 0
      vertex -4.89218 1.0947 0
      vertex -5 1.1 0
    endloop
  endfacet
  facet normal 0 0 -1
    outer loop
      vertex -6.11127 9.14616 0
      vertex -5 1.1 0
      vertex -5.10782 1.0947 0
    endloop
  endfacet
  facet normal 0 0 -1
    outer loop
      vertex -0.95159 1.15952 0
      vertex -5.18536 9.70113 0
      vertex -4.20952 10.1627 0
    endloop
  endfacet
  facet normal 0 0 -1
    outer loop
      vertex -6.11127 9.14616 0
      vertex -5.10782 1.0947 0
      vertex -5.2146 1.07886 0
    endloop
  endfacet
  facet normal 0 0 -1
    outer loop
      vertex -6.11127 9.14616 0
      vertex -5.2146 1.07886 0
      vertex -5.31931 1.05263 0
    endloop
  endfacet
  facet normal 0 0 -1
    outer loop
      vertex -6.11127 9.14616 0
      vertex -5.31931 1.05263 0
      vertex -5.42095 1.01627 0
    endloop
  endfacet
  facet normal 0 0 -1
    outer loop
      vertex -6.11127 9.14616 0
      vertex -5.42095 1.01627 0
      vertex -5.51854 0.970113 0
    endloop
  endfacet
  facet normal 0 0 -1
    outer loop
      vertex -6.11127 9.14616 0
      vertex -5.51854 0.970113 0
      vertex -5.61113 0.914616 0
    endloop
  endfacet
  facet normal 0 0 -1
    outer loop
      vertex -6.11127 9.14616 0
      vertex -5.61113 0.914616 0
      vertex -5.69783 0.850311 0
    endloop
  endfacet
  facet normal 0 0 -1
    outer loop
      vertex -7.02989 0.518536 0
      vertex -5.97011 0.518536 0
      vertex -6.98373 0.420951 0
    endloop
  endfacet
  facet normal 0 0 -1
    outer loop
      vertex -6.98373 0.420951 0
      vertex -6.01627 0.420951 0
      vertex -6.94736 0.319313 0
    endloop
  endfacet
  facet normal 0 0 -1
    outer loop
      vertex -6.05263 0.319313 0
      vertex -6.94736 0.319313 0
      vertex -6.01627 0.420951 0
    endloop
  endfacet
  facet normal 0 0 -1
    outer loop
      vertex -6.94736 0.319313 0
      vertex -6.05263 0.319313 0
      vertex -6.92114 0.214599 0
    endloop
  endfacet
  facet normal 0 0 -1
    outer loop
      vertex -6.07886 0.214599 0
      vertex -6.92114 0.214599 0
      vertex -6.05263 0.319313 0
    endloop
  endfacet
  facet normal 0 0 -1
    outer loop
      vertex -6.92114 0.214599 0
      vertex -6.07886 0.214599 0
      vertex -6.9053 0.107819 0
    endloop
  endfacet
  facet normal 0 0 -1
    outer loop
      vertex -6.0947 0.107819 0
      vertex -6.9053 0.107819 0
      vertex -6.07886 0.214599 0
    endloop
  endfacet
  facet normal 0 0 -1
    outer loop
      vertex -6.9053 0.107819 0
      vertex -6.0947 0.107819 0
      vertex -6.9 0 0
    endloop
  endfacet
  facet normal 0 0 -1
    outer loop
      vertex -4.68069 1.05263 0
      vertex -6.11127 9.14616 0
      vertex -5.18536 9.70113 0
    endloop
  endfacet
  facet normal 0 0 -1
    outer loop
      vertex -6.9 0 0
      vertex -6.0947 0.107819 0
      vertex -6.1 0 0
    endloop
  endfacet
  facet normal 0 0 -1
    outer loop
      vertex -5.91462 -0.611127 0
      vertex -7.08538 -0.611127 0
      vertex -5.97011 -0.518536 0
    endloop
  endfacet
  facet normal 0 0 -1
    outer loop
      vertex -6.01627 0.420951 0
      vertex -6.98373 0.420951 0
      vertex -5.97011 0.518536 0
    endloop
  endfacet
  facet normal -0 0 -1
    outer loop
      vertex -6.1 0 0
      vertex -6.9053 -0.107819 0
      vertex -6.9 0 0
    endloop
  endfacet
  facet normal 0 0 -1
    outer loop
      vertex -6.0947 -0.107819 0
      vertex -6.9053 -0.107819 0
      vertex -6.1 0 0
    endloop
  endfacet
  facet normal 0 -0 -1
    outer loop
      vertex -6.9053 -0.107819 0
      vertex -6.0947 -0.107819 0
      vertex -6.92114 -0.214599 0
    endloop
  endfacet
  facet normal 0 -0 -1
    outer loop
      vertex -6.98373 -0.420951 0
      vertex -6.01627 -0.420951 0
      vertex -7.02989 -0.518536 0
    endloop
  endfacet
  facet normal 0 0 -1
    outer loop
      vertex -6.07886 -0.214599 0
      vertex -6.92114 -0.214599 0
      vertex -6.0947 -0.107819 0
    endloop
  endfacet
  facet normal 0 -0 -1
    outer loop
      vertex -6.92114 -0.214599 0
      vertex -6.07886 -0.214599 0
      vertex -6.94736 -0.319313 0
    endloop
  endfacet
  facet normal 0 0 -1
    outer loop
      vertex -6.05263 -0.319313 0
      vertex -6.94736 -0.319313 0
      vertex -6.07886 -0.214599 0
    endloop
  endfacet
  facet normal 0 -0 -1
    outer loop
      vertex -6.94736 -0.319313 0
      vertex -6.05263 -0.319313 0
      vertex -6.98373 -0.420951 0
    endloop
  endfacet
  facet normal 0 0 -1
    outer loop
      vertex -6.01627 -0.420951 0
      vertex -6.98373 -0.420951 0
      vertex -6.05263 -0.319313 0
    endloop
  endfacet
  facet normal 0 0 -1
    outer loop
      vertex -5.97011 -0.518536 0
      vertex -7.02989 -0.518536 0
      vertex -6.01627 -0.420951 0
    endloop
  endfacet
  facet normal 0 -0 -1
    outer loop
      vertex -7.02989 -0.518536 0
      vertex -5.97011 -0.518536 0
      vertex -7.08538 -0.611127 0
    endloop
  endfacet
  facet normal 0 0 -1
    outer loop
      vertex -7.30217 -0.850311 0
      vertex -7.77817 -7.77817 0
      vertex -7.38887 -0.914616 0
    endloop
  endfacet
  facet normal 0 0 -1
    outer loop
      vertex -8.50311 -6.97833 0
      vertex -7.38887 -0.914616 0
      vertex -7.77817 -7.77817 0
    endloop
  endfacet
  facet normal 0 0 -1
    outer loop
      vertex -7.38887 -0.914616 0
      vertex -8.50311 -6.97833 0
      vertex -7.48146 -0.970113 0
    endloop
  endfacet
  facet normal 0 0 -1
    outer loop
      vertex -9.14616 -6.11127 0
      vertex -7.48146 -0.970113 0
      vertex -8.50311 -6.97833 0
    endloop
  endfacet
  facet normal 0 0 -1
    outer loop
      vertex -7.48146 -0.970113 0
      vertex -9.14616 -6.11127 0
      vertex -7.57905 -1.01627 0
    endloop
  endfacet
  facet normal 0 0 -1
    outer loop
      vertex -7.57905 -1.01627 0
      vertex -9.14616 -6.11127 0
      vertex -7.68069 -1.05263 0
    endloop
  endfacet
  facet normal 0 0 -1
    outer loop
      vertex -9.70113 -5.18536 0
      vertex -7.68069 -1.05263 0
      vertex -9.14616 -6.11127 0
    endloop
  endfacet
  facet normal 0 0 -1
    outer loop
      vertex -7.68069 -1.05263 0
      vertex -9.70113 -5.18536 0
      vertex -7.7854 -1.07886 0
    endloop
  endfacet
  facet normal 0 0 -1
    outer loop
      vertex -7.7854 -1.07886 0
      vertex -9.70113 -5.18536 0
      vertex -7.89218 -1.0947 0
    endloop
  endfacet
  facet normal 0 0 -1
    outer loop
      vertex -10.1627 -4.20952 0
      vertex -7.89218 -1.0947 0
      vertex -9.70113 -5.18536 0
    endloop
  endfacet
  facet normal 0 0 -1
    outer loop
      vertex -7.89218 -1.0947 0
      vertex -10.1627 -4.20952 0
      vertex -8 -1.1 0
    endloop
  endfacet
  facet normal -0 0 -1
    outer loop
      vertex -8 -1.1 0
      vertex -10.1627 -4.20952 0
      vertex -8.10782 -1.0947 0
    endloop
  endfacet
  facet normal -0 0 -1
    outer loop
      vertex -8.10782 -1.0947 0
      vertex -10.1627 -4.20952 0
      vertex -8.2146 -1.07886 0
    endloop
  endfacet
  facet normal 0 0 -1
    outer loop
      vertex -10.5263 -3.19313 0
      vertex -8.2146 -1.07886 0
      vertex -10.1627 -4.20952 0
    endloop
  endfacet
  facet normal -0 0 -1
    outer loop
      vertex -8.2146 -1.07886 0
      vertex -10.5263 -3.19313 0
      vertex -8.31931 -1.05263 0
    endloop
  endfacet
  facet normal -0 0 -1
    outer loop
      vertex -8.31931 -1.05263 0
      vertex -10.5263 -3.19313 0
      vertex -8.42095 -1.01627 0
    endloop
  endfacet
  facet normal -0 0 -1
    outer loop
      vertex -8.42095 -1.01627 0
      vertex -10.5263 -3.19313 0
      vertex -8.51854 -0.970113 0
    endloop
  endfacet
  facet normal 0 0 -1
    outer loop
      vertex -10.7886 -2.14599 0
      vertex -8.51854 -0.970113 0
      vertex -10.5263 -3.19313 0
    endloop
  endfacet
  facet normal -0 0 -1
    outer loop
      vertex -8.51854 -0.970113 0
      vertex -10.7886 -2.14599 0
      vertex -8.61113 -0.914616 0
    endloop
  endfacet
  facet normal -0 0 -1
    outer loop
      vertex -8.61113 -0.914616 0
      vertex -10.7886 -2.14599 0
      vertex -8.69783 -0.850311 0
    endloop
  endfacet
  facet normal 0 -0 -1
    outer loop
      vertex -10.2222 -0.777817 0
      vertex -8.69783 -0.850311 0
      vertex -10.7886 -2.14599 0
    endloop
  endfacet
  facet normal 0 0 -1
    outer loop
      vertex -8.69783 -0.850311 0
      vertex -10.2222 -0.777817 0
      vertex -8.77782 -0.777817 0
    endloop
  endfacet
  facet normal 0 0 -1
    outer loop
      vertex -8.77782 -0.777817 0
      vertex -10.2222 -0.777817 0
      vertex -8.85031 -0.697832 0
    endloop
  endfacet
  facet normal 0 0 -1
    outer loop
      vertex -8.85031 -0.697832 0
      vertex -10.1497 -0.697832 0
      vertex -8.91462 -0.611127 0
    endloop
  endfacet
  facet normal 0 -0 -1
    outer loop
      vertex -10.1497 -0.697832 0
      vertex -8.85031 -0.697832 0
      vertex -10.2222 -0.777817 0
    endloop
  endfacet
  facet normal 0 0 -1
    outer loop
      vertex 60 -8.27273 0
      vertex 15.1 0 0
      vertex 60 8.27273 0
    endloop
  endfacet
  facet normal 0 0 -1
    outer loop
      vertex 60 -8.27273 0
      vertex 15.0947 -0.107819 0
      vertex 15.1 0 0
    endloop
  endfacet
  facet normal 0 0 -1
    outer loop
      vertex 60 -8.27273 0
      vertex 15.0789 -0.214599 0
      vertex 15.0947 -0.107819 0
    endloop
  endfacet
  facet normal 0 0 -1
    outer loop
      vertex 60 -8.27273 0
      vertex 15.0526 -0.319313 0
      vertex 15.0789 -0.214599 0
    endloop
  endfacet
  facet normal 0 0 -1
    outer loop
      vertex 60 -8.27273 0
      vertex 15.0163 -0.420951 0
      vertex 15.0526 -0.319313 0
    endloop
  endfacet
  facet normal 0 0 -1
    outer loop
      vertex 60 -8.27273 0
      vertex 14.9701 -0.518536 0
      vertex 15.0163 -0.420951 0
    endloop
  endfacet
  facet normal 0 0 -1
    outer loop
      vertex 60 -8.27273 0
      vertex 14.9146 -0.611127 0
      vertex 14.9701 -0.518536 0
    endloop
  endfacet
  facet normal 0 0 -1
    outer loop
      vertex 60 -8.27273 0
      vertex 14.8503 -0.697832 0
      vertex 14.9146 -0.611127 0
    endloop
  endfacet
  facet normal 0 0 -1
    outer loop
      vertex 60 -8.27273 0
      vertex 14.7778 -0.777817 0
      vertex 14.8503 -0.697832 0
    endloop
  endfacet
  facet normal 0 0 -1
    outer loop
      vertex 60 -8.27273 0
      vertex 14.6978 -0.850311 0
      vertex 14.7778 -0.777817 0
    endloop
  endfacet
  facet normal 0 0 -1
    outer loop
      vertex 60 -8.27273 0
      vertex 14.6111 -0.914616 0
      vertex 14.6978 -0.850311 0
    endloop
  endfacet
  facet normal 0 0 -1
    outer loop
      vertex 60 -8.27273 0
      vertex 14.5185 -0.970113 0
      vertex 14.6111 -0.914616 0
    endloop
  endfacet
  facet normal 0 0 -1
    outer loop
      vertex 60 -8.27273 0
      vertex 14.421 -1.01627 0
      vertex 14.5185 -0.970113 0
    endloop
  endfacet
  facet normal 0 0 -1
    outer loop
      vertex 0 -11 0
      vertex 14.421 -1.01627 0
      vertex 60 -8.27273 0
    endloop
  endfacet
  facet normal 0 0 -1
    outer loop
      vertex 14.421 -1.01627 0
      vertex 0 -11 0
      vertex 14.3193 -1.05263 0
    endloop
  endfacet
  facet normal 0 0 -1
    outer loop
      vertex 14.3193 -1.05263 0
      vertex 0 -11 0
      vertex 14.2146 -1.07886 0
    endloop
  endfacet
  facet normal 0 0 -1
    outer loop
      vertex 14.2146 -1.07886 0
      vertex 0 -11 0
      vertex 14.1078 -1.0947 0
    endloop
  endfacet
  facet normal 0 0 -1
    outer loop
      vertex 14.1078 -1.0947 0
      vertex 0 -11 0
      vertex 14 -1.1 0
    endloop
  endfacet
  facet normal -0 0 -1
    outer loop
      vertex 14 -1.1 0
      vertex 0 -11 0
      vertex 13.8922 -1.0947 0
    endloop
  endfacet
  facet normal 0 0 -1
    outer loop
      vertex 12.9053 -0.107819 0
      vertex 12.1 0 0
      vertex 12.9 0 0
    endloop
  endfacet
  facet normal 0 0 -1
    outer loop
      vertex 12.0947 -0.107819 0
      vertex 12.9053 -0.107819 0
      vertex 12.9211 -0.214599 0
    endloop
  endfacet
  facet normal 0 0 -1
    outer loop
      vertex 12.0789 -0.214599 0
      vertex 12.9211 -0.214599 0
      vertex 12.9474 -0.319313 0
    endloop
  endfacet
  facet normal 0 0 -1
    outer loop
      vertex 12.0526 -0.319313 0
      vertex 12.9474 -0.319313 0
      vertex 12.9837 -0.420951 0
    endloop
  endfacet
  facet normal 0 0 -1
    outer loop
      vertex 12.0163 -0.420951 0
      vertex 12.9837 -0.420951 0
      vertex 13.0299 -0.518536 0
    endloop
  endfacet
  facet normal 0 0 -1
    outer loop
      vertex 11.9701 -0.518536 0
      vertex 13.0299 -0.518536 0
      vertex 13.0854 -0.611127 0
    endloop
  endfacet
  facet normal 0 0 -1
    outer loop
      vertex 11.9146 -0.611127 0
      vertex 13.0854 -0.611127 0
      vertex 13.1497 -0.697832 0
    endloop
  endfacet
  facet normal 0 0 -1
    outer loop
      vertex 11.8503 -0.697832 0
      vertex 13.1497 -0.697832 0
      vertex 13.2222 -0.777817 0
    endloop
  endfacet
  facet normal 0 0 -1
    outer loop
      vertex 11.7778 -0.777817 0
      vertex 13.2222 -0.777817 0
      vertex 13.3022 -0.850311 0
    endloop
  endfacet
  facet normal 0 0 -1
    outer loop
      vertex 11.6978 -0.850311 0
      vertex 13.3022 -0.850311 0
      vertex 13.3889 -0.914616 0
    endloop
  endfacet
  facet normal 0 0 -1
    outer loop
      vertex 12.9053 -0.107819 0
      vertex 12.0947 -0.107819 0
      vertex 12.1 0 0
    endloop
  endfacet
  facet normal 0 0 -1
    outer loop
      vertex 12.9211 -0.214599 0
      vertex 12.0789 -0.214599 0
      vertex 12.0947 -0.107819 0
    endloop
  endfacet
  facet normal 0 0 -1
    outer loop
      vertex 11.6111 -0.914616 0
      vertex 13.3889 -0.914616 0
      vertex 13.4815 -0.970113 0
    endloop
  endfacet
  facet normal 0 0 -1
    outer loop
      vertex 12.9474 -0.319313 0
      vertex 12.0526 -0.319313 0
      vertex 12.0789 -0.214599 0
    endloop
  endfacet
  facet normal 0 0 -1
    outer loop
      vertex 11.5185 -0.970113 0
      vertex 13.4815 -0.970113 0
      vertex 13.579 -1.01627 0
    endloop
  endfacet
  facet normal 0 0 -1
    outer loop
      vertex 12.9837 -0.420951 0
      vertex 12.0163 -0.420951 0
      vertex 12.0526 -0.319313 0
    endloop
  endfacet
  facet normal 0 0 -1
    outer loop
      vertex 13.0299 -0.518536 0
      vertex 11.9701 -0.518536 0
      vertex 12.0163 -0.420951 0
    endloop
  endfacet
  facet normal 0 0 -1
    outer loop
      vertex 11.421 -1.01627 0
      vertex 13.579 -1.01627 0
      vertex 13.6807 -1.05263 0
    endloop
  endfacet
  facet normal 0 0 -1
    outer loop
      vertex 13.0854 -0.611127 0
      vertex 11.9146 -0.611127 0
      vertex 11.9701 -0.518536 0
    endloop
  endfacet
  facet normal 0 0 -1
    outer loop
      vertex 11.3193 -1.05263 0
      vertex 13.6807 -1.05263 0
      vertex 13.7854 -1.07886 0
    endloop
  endfacet
  facet normal 0 0 -1
    outer loop
      vertex 13.1497 -0.697832 0
      vertex 11.8503 -0.697832 0
      vertex 11.9146 -0.611127 0
    endloop
  endfacet
  facet normal 0 0 -1
    outer loop
      vertex 13.2222 -0.777817 0
      vertex 11.7778 -0.777817 0
      vertex 11.8503 -0.697832 0
    endloop
  endfacet
  facet normal 0 -0 -1
    outer loop
      vertex 11.1078 -1.0947 0
      vertex 13.8922 -1.0947 0
      vertex 0 -11 0
    endloop
  endfacet
  facet normal 0 0 -1
    outer loop
      vertex 13.3022 -0.850311 0
      vertex 11.6978 -0.850311 0
      vertex 11.7778 -0.777817 0
    endloop
  endfacet
  facet normal 0 0 -1
    outer loop
      vertex 13.3889 -0.914616 0
      vertex 11.6111 -0.914616 0
      vertex 11.6978 -0.850311 0
    endloop
  endfacet
  facet normal 0 0 -1
    outer loop
      vertex 13.4815 -0.970113 0
      vertex 11.5185 -0.970113 0
      vertex 11.6111 -0.914616 0
    endloop
  endfacet
  facet normal 0 0 -1
    outer loop
      vertex 13.8922 -1.0947 0
      vertex 11.1078 -1.0947 0
      vertex 13.7854 -1.07886 0
    endloop
  endfacet
  facet normal 0 0 -1
    outer loop
      vertex 13.579 -1.01627 0
      vertex 11.421 -1.01627 0
      vertex 11.5185 -0.970113 0
    endloop
  endfacet
  facet normal 0 0 -1
    outer loop
      vertex 13.6807 -1.05263 0
      vertex 11.3193 -1.05263 0
      vertex 11.421 -1.01627 0
    endloop
  endfacet
  facet normal 0 0 -1
    outer loop
      vertex 13.7854 -1.07886 0
      vertex 11.2146 -1.07886 0
      vertex 11.3193 -1.05263 0
    endloop
  endfacet
  facet normal -0 0 -1
    outer loop
      vertex 13.7854 -1.07886 0
      vertex 11.1078 -1.0947 0
      vertex 11.2146 -1.07886 0
    endloop
  endfacet
  facet normal 0 0 -1
    outer loop
      vertex 11.1078 -1.0947 0
      vertex 0 -11 0
      vertex 11 -1.1 0
    endloop
  endfacet
  facet normal 0 0 -1
    outer loop
      vertex 9.9053 -0.107819 0
      vertex 9.1 0 0
      vertex 9.9 0 0
    endloop
  endfacet
  facet normal 0 0 -1
    outer loop
      vertex 9.0947 -0.107819 0
      vertex 9.9053 -0.107819 0
      vertex 9.92114 -0.214599 0
    endloop
  endfacet
  facet normal 0 0 -1
    outer loop
      vertex 9.07886 -0.214599 0
      vertex 9.92114 -0.214599 0
      vertex 9.94736 -0.319313 0
    endloop
  endfacet
  facet normal 0 0 -1
    outer loop
      vertex 9.05263 -0.319313 0
      vertex 9.94736 -0.319313 0
      vertex 9.98373 -0.420951 0
    endloop
  endfacet
  facet normal 0 0 -1
    outer loop
      vertex 9.01627 -0.420951 0
      vertex 9.98373 -0.420951 0
      vertex 10.0299 -0.518536 0
    endloop
  endfacet
  facet normal 0 0 -1
    outer loop
      vertex 8.97011 -0.518536 0
      vertex 10.0299 -0.518536 0
      vertex 10.0854 -0.611127 0
    endloop
  endfacet
  facet normal 0 0 -1
    outer loop
      vertex 8.91462 -0.611127 0
      vertex 10.0854 -0.611127 0
      vertex 10.1497 -0.697832 0
    endloop
  endfacet
  facet normal 0 0 -1
    outer loop
      vertex 8.85031 -0.697832 0
      vertex 10.1497 -0.697832 0
      vertex 10.2222 -0.777817 0
    endloop
  endfacet
  facet normal 0 0 -1
    outer loop
      vertex 8.77782 -0.777817 0
      vertex 10.2222 -0.777817 0
      vertex 10.3022 -0.850311 0
    endloop
  endfacet
  facet normal 0 0 -1
    outer loop
      vertex 8.69783 -0.850311 0
      vertex 10.3022 -0.850311 0
      vertex 10.3889 -0.914616 0
    endloop
  endfacet
  facet normal 0 0 -1
    outer loop
      vertex 9.9053 -0.107819 0
      vertex 9.0947 -0.107819 0
      vertex 9.1 0 0
    endloop
  endfacet
  facet normal 0 0 -1
    outer loop
      vertex 9.92114 -0.214599 0
      vertex 9.07886 -0.214599 0
      vertex 9.0947 -0.107819 0
    endloop
  endfacet
  facet normal 0 0 -1
    outer loop
      vertex 8.61113 -0.914616 0
      vertex 10.3889 -0.914616 0
      vertex 10.4815 -0.970113 0
    endloop
  endfacet
  facet normal 0 0 -1
    outer loop
      vertex 9.94736 -0.319313 0
      vertex 9.05263 -0.319313 0
      vertex 9.07886 -0.214599 0
    endloop
  endfacet
  facet normal 0 0 -1
    outer loop
      vertex 8.51854 -0.970113 0
      vertex 10.4815 -0.970113 0
      vertex 10.579 -1.01627 0
    endloop
  endfacet
  facet normal 0 0 -1
    outer loop
      vertex 9.98373 -0.420951 0
      vertex 9.01627 -0.420951 0
      vertex 9.05263 -0.319313 0
    endloop
  endfacet
  facet normal 0 0 -1
    outer loop
      vertex 10.0299 -0.518536 0
      vertex 8.97011 -0.518536 0
      vertex 9.01627 -0.420951 0
    endloop
  endfacet
  facet normal 0 0 -1
    outer loop
      vertex 8.42095 -1.01627 0
      vertex 10.579 -1.01627 0
      vertex 10.6807 -1.05263 0
    endloop
  endfacet
  facet normal 0 0 -1
    outer loop
      vertex 10.0854 -0.611127 0
      vertex 8.91462 -0.611127 0
      vertex 8.97011 -0.518536 0
    endloop
  endfacet
  facet normal 0 0 -1
    outer loop
      vertex 8.31931 -1.05263 0
      vertex 10.6807 -1.05263 0
      vertex 10.7854 -1.07886 0
    endloop
  endfacet
  facet normal 0 0 -1
    outer loop
      vertex 10.1497 -0.697832 0
      vertex 8.85031 -0.697832 0
      vertex 8.91462 -0.611127 0
    endloop
  endfacet
  facet normal 0 0 -1
    outer loop
      vertex 10.2222 -0.777817 0
      vertex 8.77782 -0.777817 0
      vertex 8.85031 -0.697832 0
    endloop
  endfacet
  facet normal 0 0 -1
    outer loop
      vertex 10.3022 -0.850311 0
      vertex 8.69783 -0.850311 0
      vertex 8.77782 -0.777817 0
    endloop
  endfacet
  facet normal 0 0 -1
    outer loop
      vertex 8.2146 -1.07886 0
      vertex 10.7854 -1.07886 0
      vertex 10.8922 -1.0947 0
    endloop
  endfacet
  facet normal -0 0 -1
    outer loop
      vertex 11 -1.1 0
      vertex 0 -11 0
      vertex 10.8922 -1.0947 0
    endloop
  endfacet
  facet normal 0 -0 -1
    outer loop
      vertex 8.2146 -1.07886 0
      vertex 10.8922 -1.0947 0
      vertex 0 -11 0
    endloop
  endfacet
  facet normal 0 0 -1
    outer loop
      vertex 10.3889 -0.914616 0
      vertex 8.61113 -0.914616 0
      vertex 8.69783 -0.850311 0
    endloop
  endfacet
  facet normal 0 0 -1
    outer loop
      vertex 10.4815 -0.970113 0
      vertex 8.51854 -0.970113 0
      vertex 8.61113 -0.914616 0
    endloop
  endfacet
  facet normal 0 0 -1
    outer loop
      vertex 10.579 -1.01627 0
      vertex 8.42095 -1.01627 0
      vertex 8.51854 -0.970113 0
    endloop
  endfacet
  facet normal 0 0 -1
    outer loop
      vertex 10.6807 -1.05263 0
      vertex 8.31931 -1.05263 0
      vertex 8.42095 -1.01627 0
    endloop
  endfacet
  facet normal 0 0 -1
    outer loop
      vertex 10.7854 -1.07886 0
      vertex 8.2146 -1.07886 0
      vertex 8.31931 -1.05263 0
    endloop
  endfacet
  facet normal 0 0 -1
    outer loop
      vertex 8.2146 -1.07886 0
      vertex 0 -11 0
      vertex 8.10782 -1.0947 0
    endloop
  endfacet
  facet normal 0 0 -1
    outer loop
      vertex 8.10782 -1.0947 0
      vertex 0 -11 0
      vertex 8 -1.1 0
    endloop
  endfacet
  facet normal 0 0 -1
    outer loop
      vertex 6.9053 -0.107819 0
      vertex 6.1 0 0
      vertex 6.9 0 0
    endloop
  endfacet
  facet normal 0 0 -1
    outer loop
      vertex 6.0947 -0.107819 0
      vertex 6.9053 -0.107819 0
      vertex 6.92114 -0.214599 0
    endloop
  endfacet
  facet normal 0 0 -1
    outer loop
      vertex 6.07886 -0.214599 0
      vertex 6.92114 -0.214599 0
      vertex 6.94736 -0.319313 0
    endloop
  endfacet
  facet normal 0 0 -1
    outer loop
      vertex 6.05263 -0.319313 0
      vertex 6.94736 -0.319313 0
      vertex 6.98373 -0.420951 0
    endloop
  endfacet
  facet normal 0 0 -1
    outer loop
      vertex 6.01627 -0.420951 0
      vertex 6.98373 -0.420951 0
      vertex 7.02989 -0.518536 0
    endloop
  endfacet
  facet normal 0 0 -1
    outer loop
      vertex 5.97011 -0.518536 0
      vertex 7.02989 -0.518536 0
      vertex 7.08538 -0.611127 0
    endloop
  endfacet
  facet normal 0 0 -1
    outer loop
      vertex 5.91462 -0.611127 0
      vertex 7.08538 -0.611127 0
      vertex 7.14969 -0.697832 0
    endloop
  endfacet
  facet normal 0 0 -1
    outer loop
      vertex 5.85031 -0.697832 0
      vertex 7.14969 -0.697832 0
      vertex 7.22218 -0.777817 0
    endloop
  endfacet
  facet normal 0 0 -1
    outer loop
      vertex 5.77782 -0.777817 0
      vertex 7.22218 -0.777817 0
      vertex 7.30217 -0.850311 0
    endloop
  endfacet
  facet normal 0 0 -1
    outer loop
      vertex 5.69783 -0.850311 0
      vertex 7.30217 -0.850311 0
      vertex 7.38887 -0.914616 0
    endloop
  endfacet
  facet normal 0 0 -1
    outer loop
      vertex 6.9053 -0.107819 0
      vertex 6.0947 -0.107819 0
      vertex 6.1 0 0
    endloop
  endfacet
  facet normal 0 0 -1
    outer loop
      vertex 6.92114 -0.214599 0
      vertex 6.07886 -0.214599 0
      vertex 6.0947 -0.107819 0
    endloop
  endfacet
  facet normal 0 0 -1
    outer loop
      vertex 5.61113 -0.914616 0
      vertex 7.38887 -0.914616 0
      vertex 7.48146 -0.970113 0
    endloop
  endfacet
  facet normal 0 0 -1
    outer loop
      vertex 6.94736 -0.319313 0
      vertex 6.05263 -0.319313 0
      vertex 6.07886 -0.214599 0
    endloop
  endfacet
  facet normal 0 0 -1
    outer loop
      vertex 5.51854 -0.970113 0
      vertex 7.48146 -0.970113 0
      vertex 7.57905 -1.01627 0
    endloop
  endfacet
  facet normal 0 0 -1
    outer loop
      vertex 6.98373 -0.420951 0
      vertex 6.01627 -0.420951 0
      vertex 6.05263 -0.319313 0
    endloop
  endfacet
  facet normal 0 0 -1
    outer loop
      vertex 7.02989 -0.518536 0
      vertex 5.97011 -0.518536 0
      vertex 6.01627 -0.420951 0
    endloop
  endfacet
  facet normal 0 0 -1
    outer loop
      vertex 5.42095 -1.01627 0
      vertex 7.57905 -1.01627 0
      vertex 7.68069 -1.05263 0
    endloop
  endfacet
  facet normal 0 0 -1
    outer loop
      vertex 7.08538 -0.611127 0
      vertex 5.91462 -0.611127 0
      vertex 5.97011 -0.518536 0
    endloop
  endfacet
  facet normal 0 0 -1
    outer loop
      vertex 5.31931 -1.05263 0
      vertex 7.68069 -1.05263 0
      vertex 7.7854 -1.07886 0
    endloop
  endfacet
  facet normal 0 0 -1
    outer loop
      vertex 7.14969 -0.697832 0
      vertex 5.85031 -0.697832 0
      vertex 5.91462 -0.611127 0
    endloop
  endfacet
  facet normal 0 0 -1
    outer loop
      vertex 7.22218 -0.777817 0
      vertex 5.77782 -0.777817 0
      vertex 5.85031 -0.697832 0
    endloop
  endfacet
  facet normal 0 0 -1
    outer loop
      vertex 7.30217 -0.850311 0
      vertex 5.69783 -0.850311 0
      vertex 5.77782 -0.777817 0
    endloop
  endfacet
  facet normal 0 0 -1
    outer loop
      vertex 0 -11 0
      vertex 7.7854 -1.07886 0
      vertex 7.89218 -1.0947 0
    endloop
  endfacet
  facet normal -0 0 -1
    outer loop
      vertex 8 -1.1 0
      vertex 0 -11 0
      vertex 7.89218 -1.0947 0
    endloop
  endfacet
  facet normal -0 0 -1
    outer loop
      vertex 7.7854 -1.07886 0
      vertex 0 -11 0
      vertex 5.2146 -1.07886 0
    endloop
  endfacet
  facet normal 0 0 -1
    outer loop
      vertex 7.38887 -0.914616 0
      vertex 5.61113 -0.914616 0
      vertex 5.69783 -0.850311 0
    endloop
  endfacet
  facet normal 0 0 -1
    outer loop
      vertex 7.48146 -0.970113 0
      vertex 5.51854 -0.970113 0
      vertex 5.61113 -0.914616 0
    endloop
  endfacet
  facet normal 0 0 -1
    outer loop
      vertex 7.57905 -1.01627 0
      vertex 5.42095 -1.01627 0
      vertex 5.51854 -0.970113 0
    endloop
  endfacet
  facet normal 0 0 -1
    outer loop
      vertex 7.68069 -1.05263 0
      vertex 5.31931 -1.05263 0
      vertex 5.42095 -1.01627 0
    endloop
  endfacet
  facet normal 0 0 -1
    outer loop
      vertex 7.7854 -1.07886 0
      vertex 5.2146 -1.07886 0
      vertex 5.31931 -1.05263 0
    endloop
  endfacet
  facet normal 0 0 -1
    outer loop
      vertex 5.2146 -1.07886 0
      vertex 0 -11 0
      vertex 5.10782 -1.0947 0
    endloop
  endfacet
  facet normal 0 0 -1
    outer loop
      vertex 5.10782 -1.0947 0
      vertex 0 -11 0
      vertex 5 -1.1 0
    endloop
  endfacet
  facet normal 0 0 -1
    outer loop
      vertex 3.9053 -0.107819 0
      vertex 1.5 0 0
      vertex 3.9 0 0
    endloop
  endfacet
  facet normal 0 0 -1
    outer loop
      vertex 1.49278 -0.147025 0
      vertex 3.9053 -0.107819 0
      vertex 3.92114 -0.214599 0
    endloop
  endfacet
  facet normal 0 0 -1
    outer loop
      vertex 1.47118 -0.292635 0
      vertex 3.92114 -0.214599 0
      vertex 3.94736 -0.319313 0
    endloop
  endfacet
  facet normal 0 0 -1
    outer loop
      vertex 1.43541 -0.435427 0
      vertex 3.94736 -0.319313 0
      vertex 3.98373 -0.420951 0
    endloop
  endfacet
  facet normal 0 0 -1
    outer loop
      vertex 1.38582 -0.574024 0
      vertex 3.98373 -0.420951 0
      vertex 4.02989 -0.518536 0
    endloop
  endfacet
  facet normal 0 0 -1
    outer loop
      vertex 1.32288 -0.707094 0
      vertex 4.02989 -0.518536 0
      vertex 4.08538 -0.611127 0
    endloop
  endfacet
  facet normal 0 0 -1
    outer loop
      vertex 1.2472 -0.833355 0
      vertex 4.08538 -0.611127 0
      vertex 4.14969 -0.697832 0
    endloop
  endfacet
  facet normal 0 0 -1
    outer loop
      vertex 1.2472 -0.833355 0
      vertex 4.14969 -0.697832 0
      vertex 4.22218 -0.777817 0
    endloop
  endfacet
  facet normal 0 0 -1
    outer loop
      vertex 1.15952 -0.95159 0
      vertex 4.22218 -0.777817 0
      vertex 4.30217 -0.850311 0
    endloop
  endfacet
  facet normal 0 0 -1
    outer loop
      vertex 1.06066 -1.06066 0
      vertex 4.30217 -0.850311 0
      vertex 4.38887 -0.914616 0
    endloop
  endfacet
  facet normal 0 0 -1
    outer loop
      vertex 0.95159 -1.15952 0
      vertex 4.38887 -0.914616 0
      vertex 4.48146 -0.970113 0
    endloop
  endfacet
  facet normal 0 0 -1
    outer loop
      vertex 0.833355 -1.2472 0
      vertex 4.48146 -0.970113 0
      vertex 4.57905 -1.01627 0
    endloop
  endfacet
  facet normal 0 0 -1
    outer loop
      vertex 0.707094 -1.32288 0
      vertex 4.57905 -1.01627 0
      vertex 4.68069 -1.05263 0
    endloop
  endfacet
  facet normal -0 0 -1
    outer loop
      vertex 3.9053 -0.107819 0
      vertex 1.49278 -0.147025 0
      vertex 1.5 0 0
    endloop
  endfacet
  facet normal -0 0 -1
    outer loop
      vertex 3.92114 -0.214599 0
      vertex 1.47118 -0.292635 0
      vertex 1.49278 -0.147025 0
    endloop
  endfacet
  facet normal 0 0 -1
    outer loop
      vertex 0 -11 0
      vertex 4.68069 -1.05263 0
      vertex 4.7854 -1.07886 0
    endloop
  endfacet
  facet normal -0 0 -1
    outer loop
      vertex 3.94736 -0.319313 0
      vertex 1.43541 -0.435427 0
      vertex 1.47118 -0.292635 0
    endloop
  endfacet
  facet normal 0 0 -1
    outer loop
      vertex 3.98373 -0.420951 0
      vertex 1.38582 -0.574024 0
      vertex 1.43541 -0.435427 0
    endloop
  endfacet
  facet normal 0 0 -1
    outer loop
      vertex 4.02989 -0.518536 0
      vertex 1.32288 -0.707094 0
      vertex 1.38582 -0.574024 0
    endloop
  endfacet
  facet normal 0 0 -1
    outer loop
      vertex 0 -11 0
      vertex 4.7854 -1.07886 0
      vertex 4.89218 -1.0947 0
    endloop
  endfacet
  facet normal -0 0 -1
    outer loop
      vertex 5 -1.1 0
      vertex 0 -11 0
      vertex 4.89218 -1.0947 0
    endloop
  endfacet
  facet normal 0 0 -1
    outer loop
      vertex 4.68069 -1.05263 0
      vertex 0 -11 0
      vertex 0.707094 -1.32288 0
    endloop
  endfacet
  facet normal 0 0 -1
    outer loop
      vertex 4.08538 -0.611127 0
      vertex 1.2472 -0.833355 0
      vertex 1.32288 -0.707094 0
    endloop
  endfacet
  facet normal 0 0 -1
    outer loop
      vertex 4.22218 -0.777817 0
      vertex 1.15952 -0.95159 0
      vertex 1.2472 -0.833355 0
    endloop
  endfacet
  facet normal 0 0 -1
    outer loop
      vertex 4.30217 -0.850311 0
      vertex 1.06066 -1.06066 0
      vertex 1.15952 -0.95159 0
    endloop
  endfacet
  facet normal 0 0 -1
    outer loop
      vertex 4.38887 -0.914616 0
      vertex 0.95159 -1.15952 0
      vertex 1.06066 -1.06066 0
    endloop
  endfacet
  facet normal 0 0 -1
    outer loop
      vertex 4.48146 -0.970113 0
      vertex 0.833355 -1.2472 0
      vertex 0.95159 -1.15952 0
    endloop
  endfacet
  facet normal 0 0 -1
    outer loop
      vertex 4.57905 -1.01627 0
      vertex 0.707094 -1.32288 0
      vertex 0.833355 -1.2472 0
    endloop
  endfacet
  facet normal 0 0 -1
    outer loop
      vertex 0.707094 -1.32288 0
      vertex 0 -11 0
      vertex 0.574024 -1.38582 0
    endloop
  endfacet
  facet normal 0 0 -1
    outer loop
      vertex 0.574024 -1.38582 0
      vertex 0 -11 0
      vertex 0.435427 -1.43541 0
    endloop
  endfacet
  facet normal 0 0 -1
    outer loop
      vertex 0.435427 -1.43541 0
      vertex 0 -11 0
      vertex 0.292635 -1.47118 0
    endloop
  endfacet
  facet normal 0 0 -1
    outer loop
      vertex 0.292635 -1.47118 0
      vertex 0 -11 0
      vertex 0.147025 -1.49278 0
    endloop
  endfacet
  facet normal 0 0 -1
    outer loop
      vertex 0 -11 0
      vertex 0 -1.5 0
      vertex 0.147025 -1.49278 0
    endloop
  endfacet
  facet normal 0 0 -1
    outer loop
      vertex 0 -11 0
      vertex -0.147025 -1.49278 0
      vertex 0 -1.5 0
    endloop
  endfacet
  facet normal 0 0 -1
    outer loop
      vertex -1.07819 -10.947 0
      vertex -0.147025 -1.49278 0
      vertex 0 -11 0
    endloop
  endfacet
  facet normal -0 0 -1
    outer loop
      vertex -0.147025 -1.49278 0
      vertex -1.07819 -10.947 0
      vertex -0.292635 -1.47118 0
    endloop
  endfacet
  facet normal 0 0 -1
    outer loop
      vertex -2.14599 -10.7886 0
      vertex -0.292635 -1.47118 0
      vertex -1.07819 -10.947 0
    endloop
  endfacet
  facet normal -0 0 -1
    outer loop
      vertex -0.292635 -1.47118 0
      vertex -2.14599 -10.7886 0
      vertex -0.435427 -1.43541 0
    endloop
  endfacet
  facet normal 0 0 -1
    outer loop
      vertex -3.19313 -10.5263 0
      vertex -0.435427 -1.43541 0
      vertex -2.14599 -10.7886 0
    endloop
  endfacet
  facet normal -0 0 -1
    outer loop
      vertex -0.435427 -1.43541 0
      vertex -3.19313 -10.5263 0
      vertex -0.574024 -1.38582 0
    endloop
  endfacet
  facet normal 0 0 -1
    outer loop
      vertex -4.20952 -10.1627 0
      vertex -0.574024 -1.38582 0
      vertex -3.19313 -10.5263 0
    endloop
  endfacet
  facet normal -0 0 -1
    outer loop
      vertex -0.574024 -1.38582 0
      vertex -4.20952 -10.1627 0
      vertex -0.707094 -1.32288 0
    endloop
  endfacet
  facet normal 0 0 -1
    outer loop
      vertex -5.18536 -9.70113 0
      vertex -0.707094 -1.32288 0
      vertex -4.20952 -10.1627 0
    endloop
  endfacet
  facet normal 0 -0 -1
    outer loop
      vertex -4.57905 -1.01627 0
      vertex -0.707094 -1.32288 0
      vertex -5.18536 -9.70113 0
    endloop
  endfacet
  facet normal 0 0 -1
    outer loop
      vertex -0.707094 -1.32288 0
      vertex -4.57905 -1.01627 0
      vertex -0.833355 -1.2472 0
    endloop
  endfacet
  facet normal 0 -0 -1
    outer loop
      vertex -4.48146 -0.970113 0
      vertex -0.833355 -1.2472 0
      vertex -4.57905 -1.01627 0
    endloop
  endfacet
  facet normal 0 0 -1
    outer loop
      vertex -0.833355 -1.2472 0
      vertex -4.48146 -0.970113 0
      vertex -0.95159 -1.15952 0
    endloop
  endfacet
  facet normal 0 0 -1
    outer loop
      vertex -0.95159 -1.15952 0
      vertex -4.38887 -0.914616 0
      vertex -1.06066 -1.06066 0
    endloop
  endfacet
  facet normal 0 -0 -1
    outer loop
      vertex -4.30217 -0.850311 0
      vertex -1.06066 -1.06066 0
      vertex -4.38887 -0.914616 0
    endloop
  endfacet
  facet normal 0 -0 -1
    outer loop
      vertex -4.22218 -0.777817 0
      vertex -1.15952 -0.95159 0
      vertex -4.30217 -0.850311 0
    endloop
  endfacet
  facet normal 0 -0 -1
    outer loop
      vertex -4.14969 -0.697832 0
      vertex -1.2472 -0.833355 0
      vertex -4.22218 -0.777817 0
    endloop
  endfacet
  facet normal 0 0 -1
    outer loop
      vertex 60 -8.27273 0
      vertex 95 -11.5 0
      vertex 60 -11.5 0
    endloop
  endfacet
  facet normal 0 0 -1
    outer loop
      vertex 95 -11.5 0
      vertex 60 -8.27273 0
      vertex 95 11.5 0
    endloop
  endfacet
  facet normal 0 0 -1
    outer loop
      vertex 60 8.27273 0
      vertex 95 11.5 0
      vertex 60 -8.27273 0
    endloop
  endfacet
  facet normal -0 0 -1
    outer loop
      vertex 95 11.5 0
      vertex 60 8.27273 0
      vertex 60 11.5 0
    endloop
  endfacet
  facet normal 0 0 -1
    outer loop
      vertex 15.0947 0.107819 0
      vertex 60 8.27273 0
      vertex 15.1 0 0
    endloop
  endfacet
  facet normal 0 0 -1
    outer loop
      vertex 15.0789 0.214599 0
      vertex 60 8.27273 0
      vertex 15.0947 0.107819 0
    endloop
  endfacet
  facet normal 0 0 -1
    outer loop
      vertex 15.0526 0.319313 0
      vertex 60 8.27273 0
      vertex 15.0789 0.214599 0
    endloop
  endfacet
  facet normal 0 0 -1
    outer loop
      vertex 15.0163 0.420951 0
      vertex 60 8.27273 0
      vertex 15.0526 0.319313 0
    endloop
  endfacet
  facet normal 0 0 -1
    outer loop
      vertex 14.9701 0.518536 0
      vertex 60 8.27273 0
      vertex 15.0163 0.420951 0
    endloop
  endfacet
  facet normal 0 0 -1
    outer loop
      vertex 14.9146 0.611127 0
      vertex 60 8.27273 0
      vertex 14.9701 0.518536 0
    endloop
  endfacet
  facet normal 0 0 -1
    outer loop
      vertex 14.8503 0.697832 0
      vertex 60 8.27273 0
      vertex 14.9146 0.611127 0
    endloop
  endfacet
  facet normal 0 0 -1
    outer loop
      vertex 14.7778 0.777817 0
      vertex 60 8.27273 0
      vertex 14.8503 0.697832 0
    endloop
  endfacet
  facet normal 0 0 -1
    outer loop
      vertex 14.6978 0.850311 0
      vertex 60 8.27273 0
      vertex 14.7778 0.777817 0
    endloop
  endfacet
  facet normal 0 0 -1
    outer loop
      vertex 14.6111 0.914616 0
      vertex 60 8.27273 0
      vertex 14.6978 0.850311 0
    endloop
  endfacet
  facet normal 0 0 -1
    outer loop
      vertex 14.5185 0.970113 0
      vertex 60 8.27273 0
      vertex 14.6111 0.914616 0
    endloop
  endfacet
  facet normal 0 0 -1
    outer loop
      vertex 14.421 1.01627 0
      vertex 60 8.27273 0
      vertex 14.5185 0.970113 0
    endloop
  endfacet
  facet normal 0 0 -1
    outer loop
      vertex 0 11 0
      vertex 14.421 1.01627 0
      vertex 14.3193 1.05263 0
    endloop
  endfacet
  facet normal 0 0 -1
    outer loop
      vertex 0 11 0
      vertex 14.3193 1.05263 0
      vertex 14.2146 1.07886 0
    endloop
  endfacet
  facet normal 0 0 -1
    outer loop
      vertex 0 11 0
      vertex 14.2146 1.07886 0
      vertex 14.1078 1.0947 0
    endloop
  endfacet
  facet normal 0 0 -1
    outer loop
      vertex 0 11 0
      vertex 14.1078 1.0947 0
      vertex 14 1.1 0
    endloop
  endfacet
  facet normal 0 0 -1
    outer loop
      vertex 0 11 0
      vertex 14 1.1 0
      vertex 13.8922 1.0947 0
    endloop
  endfacet
  facet normal 0 0 -1
    outer loop
      vertex 11.1078 1.0947 0
      vertex 13.8922 1.0947 0
      vertex 13.7854 1.07886 0
    endloop
  endfacet
  facet normal 0 0 -1
    outer loop
      vertex 12.1 0 0
      vertex 12.9053 0.107819 0
      vertex 12.9 0 0
    endloop
  endfacet
  facet normal 0 0 -1
    outer loop
      vertex 12.0947 0.107819 0
      vertex 12.9053 0.107819 0
      vertex 12.1 0 0
    endloop
  endfacet
  facet normal 0 0 -1
    outer loop
      vertex 12.9053 0.107819 0
      vertex 12.0947 0.107819 0
      vertex 12.9211 0.214599 0
    endloop
  endfacet
  facet normal 0 0 -1
    outer loop
      vertex 12.0789 0.214599 0
      vertex 12.9211 0.214599 0
      vertex 12.0947 0.107819 0
    endloop
  endfacet
  facet normal 0 0 -1
    outer loop
      vertex 12.9211 0.214599 0
      vertex 12.0789 0.214599 0
      vertex 12.9474 0.319313 0
    endloop
  endfacet
  facet normal 0 0 -1
    outer loop
      vertex 12.0526 0.319313 0
      vertex 12.9474 0.319313 0
      vertex 12.0789 0.214599 0
    endloop
  endfacet
  facet normal 0 0 -1
    outer loop
      vertex 12.9474 0.319313 0
      vertex 12.0526 0.319313 0
      vertex 12.9837 0.420951 0
    endloop
  endfacet
  facet normal 0 0 -1
    outer loop
      vertex 12.0163 0.420951 0
      vertex 12.9837 0.420951 0
      vertex 12.0526 0.319313 0
    endloop
  endfacet
  facet normal 0 0 -1
    outer loop
      vertex 12.9837 0.420951 0
      vertex 12.0163 0.420951 0
      vertex 13.0299 0.518536 0
    endloop
  endfacet
  facet normal 0 0 -1
    outer loop
      vertex 11.9701 0.518536 0
      vertex 13.0299 0.518536 0
      vertex 12.0163 0.420951 0
    endloop
  endfacet
  facet normal 0 0 -1
    outer loop
      vertex 13.0299 0.518536 0
      vertex 11.9701 0.518536 0
      vertex 13.0854 0.611127 0
    endloop
  endfacet
  facet normal 0 0 -1
    outer loop
      vertex 11.9146 0.611127 0
      vertex 13.0854 0.611127 0
      vertex 11.9701 0.518536 0
    endloop
  endfacet
  facet normal 0 0 -1
    outer loop
      vertex 13.0854 0.611127 0
      vertex 11.9146 0.611127 0
      vertex 13.1497 0.697832 0
    endloop
  endfacet
  facet normal 0 0 -1
    outer loop
      vertex 11.8503 0.697832 0
      vertex 13.1497 0.697832 0
      vertex 11.9146 0.611127 0
    endloop
  endfacet
  facet normal 0 0 -1
    outer loop
      vertex 13.1497 0.697832 0
      vertex 11.8503 0.697832 0
      vertex 13.2222 0.777817 0
    endloop
  endfacet
  facet normal 0 0 -1
    outer loop
      vertex 11.7778 0.777817 0
      vertex 13.2222 0.777817 0
      vertex 11.8503 0.697832 0
    endloop
  endfacet
  facet normal 0 0 -1
    outer loop
      vertex 13.2222 0.777817 0
      vertex 11.7778 0.777817 0
      vertex 13.3022 0.850311 0
    endloop
  endfacet
  facet normal 0 0 -1
    outer loop
      vertex 11.6978 0.850311 0
      vertex 13.3022 0.850311 0
      vertex 11.7778 0.777817 0
    endloop
  endfacet
  facet normal 0 0 -1
    outer loop
      vertex 13.3022 0.850311 0
      vertex 11.6978 0.850311 0
      vertex 13.3889 0.914616 0
    endloop
  endfacet
  facet normal 0 0 -1
    outer loop
      vertex 11.6111 0.914616 0
      vertex 13.3889 0.914616 0
      vertex 11.6978 0.850311 0
    endloop
  endfacet
  facet normal 0 0 -1
    outer loop
      vertex 13.3889 0.914616 0
      vertex 11.6111 0.914616 0
      vertex 13.4815 0.970113 0
    endloop
  endfacet
  facet normal 0 0 -1
    outer loop
      vertex 11.5185 0.970113 0
      vertex 13.4815 0.970113 0
      vertex 11.6111 0.914616 0
    endloop
  endfacet
  facet normal 0 0 -1
    outer loop
      vertex 13.4815 0.970113 0
      vertex 11.5185 0.970113 0
      vertex 13.579 1.01627 0
    endloop
  endfacet
  facet normal 0 0 -1
    outer loop
      vertex 11.421 1.01627 0
      vertex 13.579 1.01627 0
      vertex 11.5185 0.970113 0
    endloop
  endfacet
  facet normal 0 0 -1
    outer loop
      vertex 13.579 1.01627 0
      vertex 11.421 1.01627 0
      vertex 13.6807 1.05263 0
    endloop
  endfacet
  facet normal 0 0 -1
    outer loop
      vertex 11.3193 1.05263 0
      vertex 13.6807 1.05263 0
      vertex 11.421 1.01627 0
    endloop
  endfacet
  facet normal 0 0 -1
    outer loop
      vertex 13.6807 1.05263 0
      vertex 11.3193 1.05263 0
      vertex 13.7854 1.07886 0
    endloop
  endfacet
  facet normal 0 0 -1
    outer loop
      vertex 11.2146 1.07886 0
      vertex 13.7854 1.07886 0
      vertex 11.3193 1.05263 0
    endloop
  endfacet
  facet normal 0 0 -1
    outer loop
      vertex 11.1078 1.0947 0
      vertex 13.7854 1.07886 0
      vertex 11.2146 1.07886 0
    endloop
  endfacet
  facet normal 0 0 -1
    outer loop
      vertex 13.8922 1.0947 0
      vertex 11.1078 1.0947 0
      vertex 0 11 0
    endloop
  endfacet
  facet normal 0 0 -1
    outer loop
      vertex 0 11 0
      vertex 11.1078 1.0947 0
      vertex 11 1.1 0
    endloop
  endfacet
  facet normal 0 0 -1
    outer loop
      vertex 0 11 0
      vertex 11 1.1 0
      vertex 10.8922 1.0947 0
    endloop
  endfacet
  facet normal 0 0 -1
    outer loop
      vertex 9.1 0 0
      vertex 9.9053 0.107819 0
      vertex 9.9 0 0
    endloop
  endfacet
  facet normal 0 0 -1
    outer loop
      vertex 9.0947 0.107819 0
      vertex 9.9053 0.107819 0
      vertex 9.1 0 0
    endloop
  endfacet
  facet normal 0 0 -1
    outer loop
      vertex 9.9053 0.107819 0
      vertex 9.0947 0.107819 0
      vertex 9.92114 0.214599 0
    endloop
  endfacet
  facet normal 0 0 -1
    outer loop
      vertex 9.07886 0.214599 0
      vertex 9.92114 0.214599 0
      vertex 9.0947 0.107819 0
    endloop
  endfacet
  facet normal 0 0 -1
    outer loop
      vertex 9.92114 0.214599 0
      vertex 9.07886 0.214599 0
      vertex 9.94736 0.319313 0
    endloop
  endfacet
  facet normal 0 0 -1
    outer loop
      vertex 9.05263 0.319313 0
      vertex 9.94736 0.319313 0
      vertex 9.07886 0.214599 0
    endloop
  endfacet
  facet normal 0 0 -1
    outer loop
      vertex 9.94736 0.319313 0
      vertex 9.05263 0.319313 0
      vertex 9.98373 0.420951 0
    endloop
  endfacet
  facet normal 0 0 -1
    outer loop
      vertex 9.01627 0.420951 0
      vertex 9.98373 0.420951 0
      vertex 9.05263 0.319313 0
    endloop
  endfacet
  facet normal 0 0 -1
    outer loop
      vertex 9.98373 0.420951 0
      vertex 9.01627 0.420951 0
      vertex 10.0299 0.518536 0
    endloop
  endfacet
  facet normal 0 0 -1
    outer loop
      vertex 8.97011 0.518536 0
      vertex 10.0299 0.518536 0
      vertex 9.01627 0.420951 0
    endloop
  endfacet
  facet normal 0 0 -1
    outer loop
      vertex 10.0299 0.518536 0
      vertex 8.97011 0.518536 0
      vertex 10.0854 0.611127 0
    endloop
  endfacet
  facet normal 0 0 -1
    outer loop
      vertex 8.91462 0.611127 0
      vertex 10.0854 0.611127 0
      vertex 8.97011 0.518536 0
    endloop
  endfacet
  facet normal 0 0 -1
    outer loop
      vertex 10.0854 0.611127 0
      vertex 8.91462 0.611127 0
      vertex 10.1497 0.697832 0
    endloop
  endfacet
  facet normal 0 0 -1
    outer loop
      vertex 8.85031 0.697832 0
      vertex 10.1497 0.697832 0
      vertex 8.91462 0.611127 0
    endloop
  endfacet
  facet normal 0 0 -1
    outer loop
      vertex 10.1497 0.697832 0
      vertex 8.85031 0.697832 0
      vertex 10.2222 0.777817 0
    endloop
  endfacet
  facet normal 0 0 -1
    outer loop
      vertex 8.77782 0.777817 0
      vertex 10.2222 0.777817 0
      vertex 8.85031 0.697832 0
    endloop
  endfacet
  facet normal 0 0 -1
    outer loop
      vertex 10.2222 0.777817 0
      vertex 8.77782 0.777817 0
      vertex 10.3022 0.850311 0
    endloop
  endfacet
  facet normal 0 0 -1
    outer loop
      vertex 8.69783 0.850311 0
      vertex 10.3022 0.850311 0
      vertex 8.77782 0.777817 0
    endloop
  endfacet
  facet normal 0 0 -1
    outer loop
      vertex 10.3022 0.850311 0
      vertex 8.69783 0.850311 0
      vertex 10.3889 0.914616 0
    endloop
  endfacet
  facet normal 0 0 -1
    outer loop
      vertex 8.61113 0.914616 0
      vertex 10.3889 0.914616 0
      vertex 8.69783 0.850311 0
    endloop
  endfacet
  facet normal 0 0 -1
    outer loop
      vertex 10.3889 0.914616 0
      vertex 8.61113 0.914616 0
      vertex 10.4815 0.970113 0
    endloop
  endfacet
  facet normal 0 0 -1
    outer loop
      vertex 8.51854 0.970113 0
      vertex 10.4815 0.970113 0
      vertex 8.61113 0.914616 0
    endloop
  endfacet
  facet normal 0 0 -1
    outer loop
      vertex 10.4815 0.970113 0
      vertex 8.51854 0.970113 0
      vertex 10.579 1.01627 0
    endloop
  endfacet
  facet normal 0 0 -1
    outer loop
      vertex 8.42095 1.01627 0
      vertex 10.579 1.01627 0
      vertex 8.51854 0.970113 0
    endloop
  endfacet
  facet normal 0 0 -1
    outer loop
      vertex 10.579 1.01627 0
      vertex 8.42095 1.01627 0
      vertex 10.6807 1.05263 0
    endloop
  endfacet
  facet normal 0 0 -1
    outer loop
      vertex 8.31931 1.05263 0
      vertex 10.6807 1.05263 0
      vertex 8.42095 1.01627 0
    endloop
  endfacet
  facet normal 0 0 -1
    outer loop
      vertex 10.6807 1.05263 0
      vertex 8.31931 1.05263 0
      vertex 10.7854 1.07886 0
    endloop
  endfacet
  facet normal 0 0 -1
    outer loop
      vertex 8.2146 1.07886 0
      vertex 10.7854 1.07886 0
      vertex 8.31931 1.05263 0
    endloop
  endfacet
  facet normal 0 0 -1
    outer loop
      vertex 10.7854 1.07886 0
      vertex 8.2146 1.07886 0
      vertex 10.8922 1.0947 0
    endloop
  endfacet
  facet normal -0 0 -1
    outer loop
      vertex 10.8922 1.0947 0
      vertex 8.2146 1.07886 0
      vertex 0 11 0
    endloop
  endfacet
  facet normal 0 0 -1
    outer loop
      vertex 0 11 0
      vertex 8.2146 1.07886 0
      vertex 8.10782 1.0947 0
    endloop
  endfacet
  facet normal 0 0 -1
    outer loop
      vertex 0 11 0
      vertex 8.10782 1.0947 0
      vertex 8 1.1 0
    endloop
  endfacet
  facet normal 0 0 -1
    outer loop
      vertex 0 11 0
      vertex 8 1.1 0
      vertex 7.89218 1.0947 0
    endloop
  endfacet
  facet normal 0 0 -1
    outer loop
      vertex 6.1 0 0
      vertex 6.9053 0.107819 0
      vertex 6.9 0 0
    endloop
  endfacet
  facet normal 0 0 -1
    outer loop
      vertex 6.0947 0.107819 0
      vertex 6.9053 0.107819 0
      vertex 6.1 0 0
    endloop
  endfacet
  facet normal 0 0 -1
    outer loop
      vertex 6.9053 0.107819 0
      vertex 6.0947 0.107819 0
      vertex 6.92114 0.214599 0
    endloop
  endfacet
  facet normal 0 0 -1
    outer loop
      vertex 6.07886 0.214599 0
      vertex 6.92114 0.214599 0
      vertex 6.0947 0.107819 0
    endloop
  endfacet
  facet normal 0 0 -1
    outer loop
      vertex 6.92114 0.214599 0
      vertex 6.07886 0.214599 0
      vertex 6.94736 0.319313 0
    endloop
  endfacet
  facet normal 0 0 -1
    outer loop
      vertex 6.05263 0.319313 0
      vertex 6.94736 0.319313 0
      vertex 6.07886 0.214599 0
    endloop
  endfacet
  facet normal 0 0 -1
    outer loop
      vertex 6.94736 0.319313 0
      vertex 6.05263 0.319313 0
      vertex 6.98373 0.420951 0
    endloop
  endfacet
  facet normal 0 0 -1
    outer loop
      vertex 6.01627 0.420951 0
      vertex 6.98373 0.420951 0
      vertex 6.05263 0.319313 0
    endloop
  endfacet
  facet normal 0 0 -1
    outer loop
      vertex 6.98373 0.420951 0
      vertex 6.01627 0.420951 0
      vertex 7.02989 0.518536 0
    endloop
  endfacet
  facet normal 0 0 -1
    outer loop
      vertex 5.97011 0.518536 0
      vertex 7.02989 0.518536 0
      vertex 6.01627 0.420951 0
    endloop
  endfacet
  facet normal 0 0 -1
    outer loop
      vertex 7.02989 0.518536 0
      vertex 5.97011 0.518536 0
      vertex 7.08538 0.611127 0
    endloop
  endfacet
  facet normal 0 0 -1
    outer loop
      vertex 5.91462 0.611127 0
      vertex 7.08538 0.611127 0
      vertex 5.97011 0.518536 0
    endloop
  endfacet
  facet normal 0 0 -1
    outer loop
      vertex 7.08538 0.611127 0
      vertex 5.91462 0.611127 0
      vertex 7.14969 0.697832 0
    endloop
  endfacet
  facet normal 0 0 -1
    outer loop
      vertex 5.85031 0.697832 0
      vertex 7.14969 0.697832 0
      vertex 5.91462 0.611127 0
    endloop
  endfacet
  facet normal 0 0 -1
    outer loop
      vertex 7.14969 0.697832 0
      vertex 5.85031 0.697832 0
      vertex 7.22218 0.777817 0
    endloop
  endfacet
  facet normal 0 0 -1
    outer loop
      vertex 5.77782 0.777817 0
      vertex 7.22218 0.777817 0
      vertex 5.85031 0.697832 0
    endloop
  endfacet
  facet normal 0 0 -1
    outer loop
      vertex 7.22218 0.777817 0
      vertex 5.77782 0.777817 0
      vertex 7.30217 0.850311 0
    endloop
  endfacet
  facet normal 0 0 -1
    outer loop
      vertex 5.69783 0.850311 0
      vertex 7.30217 0.850311 0
      vertex 5.77782 0.777817 0
    endloop
  endfacet
  facet normal 0 0 -1
    outer loop
      vertex 7.30217 0.850311 0
      vertex 5.69783 0.850311 0
      vertex 7.38887 0.914616 0
    endloop
  endfacet
  facet normal 0 0 -1
    outer loop
      vertex 5.61113 0.914616 0
      vertex 7.38887 0.914616 0
      vertex 5.69783 0.850311 0
    endloop
  endfacet
  facet normal 0 0 -1
    outer loop
      vertex 7.38887 0.914616 0
      vertex 5.61113 0.914616 0
      vertex 7.48146 0.970113 0
    endloop
  endfacet
  facet normal 0 0 -1
    outer loop
      vertex 5.51854 0.970113 0
      vertex 7.48146 0.970113 0
      vertex 5.61113 0.914616 0
    endloop
  endfacet
  facet normal 0 0 -1
    outer loop
      vertex 7.48146 0.970113 0
      vertex 5.51854 0.970113 0
      vertex 7.57905 1.01627 0
    endloop
  endfacet
  facet normal 0 0 -1
    outer loop
      vertex 5.42095 1.01627 0
      vertex 7.57905 1.01627 0
      vertex 5.51854 0.970113 0
    endloop
  endfacet
  facet normal 0 0 -1
    outer loop
      vertex 7.57905 1.01627 0
      vertex 5.42095 1.01627 0
      vertex 7.68069 1.05263 0
    endloop
  endfacet
  facet normal 0 0 -1
    outer loop
      vertex 5.31931 1.05263 0
      vertex 7.68069 1.05263 0
      vertex 5.42095 1.01627 0
    endloop
  endfacet
  facet normal 0 0 -1
    outer loop
      vertex 7.68069 1.05263 0
      vertex 5.31931 1.05263 0
      vertex 7.7854 1.07886 0
    endloop
  endfacet
  facet normal 0 0 -1
    outer loop
      vertex 5.2146 1.07886 0
      vertex 7.7854 1.07886 0
      vertex 5.31931 1.05263 0
    endloop
  endfacet
  facet normal 0 0 -1
    outer loop
      vertex 0 11 0
      vertex 7.7854 1.07886 0
      vertex 5.2146 1.07886 0
    endloop
  endfacet
  facet normal 0 0 -1
    outer loop
      vertex 7.7854 1.07886 0
      vertex 0 11 0
      vertex 7.89218 1.0947 0
    endloop
  endfacet
  facet normal 0 0 -1
    outer loop
      vertex 0 11 0
      vertex 5.2146 1.07886 0
      vertex 5.10782 1.0947 0
    endloop
  endfacet
  facet normal 0 0 -1
    outer loop
      vertex 0 11 0
      vertex 5.10782 1.0947 0
      vertex 5 1.1 0
    endloop
  endfacet
  facet normal 0 0 -1
    outer loop
      vertex 0 11 0
      vertex 5 1.1 0
      vertex 4.89218 1.0947 0
    endloop
  endfacet
  facet normal 0 0 -1
    outer loop
      vertex 1.5 0 0
      vertex 3.9053 0.107819 0
      vertex 3.9 0 0
    endloop
  endfacet
  facet normal 0 0 -1
    outer loop
      vertex 1.49278 0.147025 0
      vertex 3.9053 0.107819 0
      vertex 1.5 0 0
    endloop
  endfacet
  facet normal 0 0 -1
    outer loop
      vertex 3.9053 0.107819 0
      vertex 1.49278 0.147025 0
      vertex 3.92114 0.214599 0
    endloop
  endfacet
  facet normal 0 0 -1
    outer loop
      vertex 1.47118 0.292635 0
      vertex 3.92114 0.214599 0
      vertex 1.49278 0.147025 0
    endloop
  endfacet
  facet normal 0 0 -1
    outer loop
      vertex 3.92114 0.214599 0
      vertex 1.47118 0.292635 0
      vertex 3.94736 0.319313 0
    endloop
  endfacet
  facet normal 0 0 -1
    outer loop
      vertex 1.43541 0.435427 0
      vertex 3.94736 0.319313 0
      vertex 1.47118 0.292635 0
    endloop
  endfacet
  facet normal 0 0 -1
    outer loop
      vertex 3.94736 0.319313 0
      vertex 1.43541 0.435427 0
      vertex 3.98373 0.420951 0
    endloop
  endfacet
  facet normal 0 0 -1
    outer loop
      vertex 1.38582 0.574024 0
      vertex 3.98373 0.420951 0
      vertex 1.43541 0.435427 0
    endloop
  endfacet
  facet normal 0 0 -1
    outer loop
      vertex 3.98373 0.420951 0
      vertex 1.38582 0.574024 0
      vertex 4.02989 0.518536 0
    endloop
  endfacet
  facet normal 0 0 -1
    outer loop
      vertex 1.32288 0.707094 0
      vertex 4.02989 0.518536 0
      vertex 1.38582 0.574024 0
    endloop
  endfacet
  facet normal 0 0 -1
    outer loop
      vertex 4.02989 0.518536 0
      vertex 1.32288 0.707094 0
      vertex 4.08538 0.611127 0
    endloop
  endfacet
  facet normal 0 0 -1
    outer loop
      vertex 1.2472 0.833355 0
      vertex 4.08538 0.611127 0
      vertex 1.32288 0.707094 0
    endloop
  endfacet
  facet normal 0 0 -1
    outer loop
      vertex 4.08538 0.611127 0
      vertex 1.2472 0.833355 0
      vertex 4.14969 0.697832 0
    endloop
  endfacet
  facet normal 0 0 -1
    outer loop
      vertex 4.14969 0.697832 0
      vertex 1.2472 0.833355 0
      vertex 4.22218 0.777817 0
    endloop
  endfacet
  facet normal 0 0 -1
    outer loop
      vertex 1.15952 0.95159 0
      vertex 4.22218 0.777817 0
      vertex 1.2472 0.833355 0
    endloop
  endfacet
  facet normal 0 0 -1
    outer loop
      vertex 4.22218 0.777817 0
      vertex 1.15952 0.95159 0
      vertex 4.30217 0.850311 0
    endloop
  endfacet
  facet normal 0 0 -1
    outer loop
      vertex 1.06066 1.06066 0
      vertex 4.30217 0.850311 0
      vertex 1.15952 0.95159 0
    endloop
  endfacet
  facet normal 0 0 -1
    outer loop
      vertex 4.30217 0.850311 0
      vertex 1.06066 1.06066 0
      vertex 4.38887 0.914616 0
    endloop
  endfacet
  facet normal 0 0 -1
    outer loop
      vertex 0.95159 1.15952 0
      vertex 4.38887 0.914616 0
      vertex 1.06066 1.06066 0
    endloop
  endfacet
  facet normal 0 0 -1
    outer loop
      vertex 4.38887 0.914616 0
      vertex 0.95159 1.15952 0
      vertex 4.48146 0.970113 0
    endloop
  endfacet
  facet normal 0 0 -1
    outer loop
      vertex 0.833355 1.2472 0
      vertex 4.48146 0.970113 0
      vertex 0.95159 1.15952 0
    endloop
  endfacet
  facet normal 0 0 -1
    outer loop
      vertex 4.48146 0.970113 0
      vertex 0.833355 1.2472 0
      vertex 4.57905 1.01627 0
    endloop
  endfacet
  facet normal 0 0 -1
    outer loop
      vertex 0.707094 1.32288 0
      vertex 4.57905 1.01627 0
      vertex 0.833355 1.2472 0
    endloop
  endfacet
  facet normal 0 0 -1
    outer loop
      vertex 4.57905 1.01627 0
      vertex 0.707094 1.32288 0
      vertex 4.68069 1.05263 0
    endloop
  endfacet
  facet normal 0 0 -1
    outer loop
      vertex 0 11 0
      vertex 4.68069 1.05263 0
      vertex 0.707094 1.32288 0
    endloop
  endfacet
  facet normal 0 0 -1
    outer loop
      vertex 4.68069 1.05263 0
      vertex 0 11 0
      vertex 4.7854 1.07886 0
    endloop
  endfacet
  facet normal 0 0 -1
    outer loop
      vertex 4.7854 1.07886 0
      vertex 0 11 0
      vertex 4.89218 1.0947 0
    endloop
  endfacet
  facet normal 0 0 -1
    outer loop
      vertex 0 11 0
      vertex 0.707094 1.32288 0
      vertex 0.574024 1.38582 0
    endloop
  endfacet
  facet normal 0 0 -1
    outer loop
      vertex 0 11 0
      vertex 0.574024 1.38582 0
      vertex 0.435427 1.43541 0
    endloop
  endfacet
  facet normal 0 0 -1
    outer loop
      vertex 0 11 0
      vertex 0.435427 1.43541 0
      vertex 0.292635 1.47118 0
    endloop
  endfacet
  facet normal 0 0 -1
    outer loop
      vertex 0 11 0
      vertex 0.292635 1.47118 0
      vertex 0.147025 1.49278 0
    endloop
  endfacet
  facet normal 0 0 -1
    outer loop
      vertex 0 11 0
      vertex 0.147025 1.49278 0
      vertex 0 1.5 0
    endloop
  endfacet
  facet normal 0 0 -1
    outer loop
      vertex 14.421 1.01627 0
      vertex 0 11 0
      vertex 60 8.27273 0
    endloop
  endfacet
  facet normal 0 0 -1
    outer loop
      vertex -0.147025 1.49278 0
      vertex 0 11 0
      vertex 0 1.5 0
    endloop
  endfacet
  facet normal 0 0 -1
    outer loop
      vertex -1.07819 10.947 0
      vertex -0.147025 1.49278 0
      vertex -0.292635 1.47118 0
    endloop
  endfacet
  facet normal 0 0 -1
    outer loop
      vertex -2.14599 10.7886 0
      vertex -0.292635 1.47118 0
      vertex -0.435427 1.43541 0
    endloop
  endfacet
  facet normal 0 0 -1
    outer loop
      vertex -3.19313 10.5263 0
      vertex -0.435427 1.43541 0
      vertex -0.574024 1.38582 0
    endloop
  endfacet
  facet normal 0 0 -1
    outer loop
      vertex -3.19313 10.5263 0
      vertex -0.574024 1.38582 0
      vertex -0.707094 1.32288 0
    endloop
  endfacet
  facet normal 0 0 -1
    outer loop
      vertex -3.19313 10.5263 0
      vertex -0.707094 1.32288 0
      vertex -0.833355 1.2472 0
    endloop
  endfacet
  facet normal 0 0 -1
    outer loop
      vertex -3.19313 10.5263 0
      vertex -0.833355 1.2472 0
      vertex -0.95159 1.15952 0
    endloop
  endfacet
  facet normal 0 0 -1
    outer loop
      vertex -4.02989 0.518536 0
      vertex -1.38582 0.574024 0
      vertex -3.98373 0.420951 0
    endloop
  endfacet
  facet normal 0 0 -1
    outer loop
      vertex -0.147025 1.49278 0
      vertex -1.07819 10.947 0
      vertex 0 11 0
    endloop
  endfacet
  facet normal -0 0 -1
    outer loop
      vertex -1.43541 0.435427 0
      vertex -3.98373 0.420951 0
      vertex -1.38582 0.574024 0
    endloop
  endfacet
  facet normal 0 0 -1
    outer loop
      vertex -3.98373 0.420951 0
      vertex -1.43541 0.435427 0
      vertex -3.94736 0.319313 0
    endloop
  endfacet
  facet normal 0 0 -1
    outer loop
      vertex -1.47118 0.292635 0
      vertex -3.94736 0.319313 0
      vertex -1.43541 0.435427 0
    endloop
  endfacet
  facet normal 0 0 -1
    outer loop
      vertex -3.94736 0.319313 0
      vertex -1.47118 0.292635 0
      vertex -3.92114 0.214599 0
    endloop
  endfacet
  facet normal 0 0 -1
    outer loop
      vertex -1.49278 0.147025 0
      vertex -3.92114 0.214599 0
      vertex -1.47118 0.292635 0
    endloop
  endfacet
  facet normal 0 0 -1
    outer loop
      vertex -3.92114 0.214599 0
      vertex -1.49278 0.147025 0
      vertex -3.9053 0.107819 0
    endloop
  endfacet
  facet normal 0 0 -1
    outer loop
      vertex -1.5 0 0
      vertex -3.9053 0.107819 0
      vertex -1.49278 0.147025 0
    endloop
  endfacet
  facet normal 0 0 -1
    outer loop
      vertex -3.9053 0.107819 0
      vertex -1.5 0 0
      vertex -3.9 0 0
    endloop
  endfacet
  facet normal 0 -0 -1
    outer loop
      vertex -4.02989 -0.518536 0
      vertex -1.32288 -0.707094 0
      vertex -4.08538 -0.611127 0
    endloop
  endfacet
  facet normal -0 0 -1
    outer loop
      vertex -1.38582 0.574024 0
      vertex -4.02989 0.518536 0
      vertex -1.32288 0.707094 0
    endloop
  endfacet
  facet normal 0 0 -1
    outer loop
      vertex -1.2472 -0.833355 0
      vertex -4.08538 -0.611127 0
      vertex -1.32288 -0.707094 0
    endloop
  endfacet
  facet normal 0 0 -1
    outer loop
      vertex -0.292635 1.47118 0
      vertex -2.14599 10.7886 0
      vertex -1.07819 10.947 0
    endloop
  endfacet
  facet normal 0 0 -1
    outer loop
      vertex -0.435427 1.43541 0
      vertex -3.19313 10.5263 0
      vertex -2.14599 10.7886 0
    endloop
  endfacet
  facet normal -0 0 -1
    outer loop
      vertex -1.5 0 0
      vertex -3.9053 -0.107819 0
      vertex -3.9 0 0
    endloop
  endfacet
  facet normal 0 0 -1
    outer loop
      vertex -1.49278 -0.147025 0
      vertex -3.9053 -0.107819 0
      vertex -1.5 0 0
    endloop
  endfacet
  facet normal 0 -0 -1
    outer loop
      vertex -3.9053 -0.107819 0
      vertex -1.49278 -0.147025 0
      vertex -3.92114 -0.214599 0
    endloop
  endfacet
  facet normal 0 0 -1
    outer loop
      vertex -1.47118 -0.292635 0
      vertex -3.92114 -0.214599 0
      vertex -1.49278 -0.147025 0
    endloop
  endfacet
  facet normal 0 -0 -1
    outer loop
      vertex -3.92114 -0.214599 0
      vertex -1.47118 -0.292635 0
      vertex -3.94736 -0.319313 0
    endloop
  endfacet
  facet normal 0 0 -1
    outer loop
      vertex -1.43541 -0.435427 0
      vertex -3.94736 -0.319313 0
      vertex -1.47118 -0.292635 0
    endloop
  endfacet
  facet normal 0 -0 -1
    outer loop
      vertex -3.94736 -0.319313 0
      vertex -1.43541 -0.435427 0
      vertex -3.98373 -0.420951 0
    endloop
  endfacet
  facet normal 0 0 -1
    outer loop
      vertex -1.15952 -0.95159 0
      vertex -4.22218 -0.777817 0
      vertex -1.2472 -0.833355 0
    endloop
  endfacet
  facet normal 0 0 -1
    outer loop
      vertex -1.38582 -0.574024 0
      vertex -3.98373 -0.420951 0
      vertex -1.43541 -0.435427 0
    endloop
  endfacet
  facet normal 0 -0 -1
    outer loop
      vertex -3.98373 -0.420951 0
      vertex -1.38582 -0.574024 0
      vertex -4.02989 -0.518536 0
    endloop
  endfacet
  facet normal 0 0 -1
    outer loop
      vertex -1.32288 -0.707094 0
      vertex -4.02989 -0.518536 0
      vertex -1.38582 -0.574024 0
    endloop
  endfacet
  facet normal 0 -0 -1
    outer loop
      vertex -4.08538 -0.611127 0
      vertex -1.2472 -0.833355 0
      vertex -4.14969 -0.697832 0
    endloop
  endfacet
  facet normal 0 0 -1
    outer loop
      vertex -1.06066 -1.06066 0
      vertex -4.30217 -0.850311 0
      vertex -1.15952 -0.95159 0
    endloop
  endfacet
  facet normal 0 -0 -1
    outer loop
      vertex -4.38887 -0.914616 0
      vertex -0.95159 -1.15952 0
      vertex -4.48146 -0.970113 0
    endloop
  endfacet
  facet normal 0 0 -1
    outer loop
      vertex -4.57905 -1.01627 0
      vertex -5.18536 -9.70113 0
      vertex -4.68069 -1.05263 0
    endloop
  endfacet
  facet normal 0 0 -1
    outer loop
      vertex -6.11127 -9.14616 0
      vertex -4.68069 -1.05263 0
      vertex -5.18536 -9.70113 0
    endloop
  endfacet
  facet normal 0 0 -1
    outer loop
      vertex -4.68069 -1.05263 0
      vertex -6.11127 -9.14616 0
      vertex -4.7854 -1.07886 0
    endloop
  endfacet
  facet normal 0 0 -1
    outer loop
      vertex -6.97833 -8.50311 0
      vertex -4.7854 -1.07886 0
      vertex -6.11127 -9.14616 0
    endloop
  endfacet
  facet normal 0 0 -1
    outer loop
      vertex -4.7854 -1.07886 0
      vertex -6.97833 -8.50311 0
      vertex -4.89218 -1.0947 0
    endloop
  endfacet
  facet normal 0 0 -1
    outer loop
      vertex -7.77817 -7.77817 0
      vertex -4.89218 -1.0947 0
      vertex -6.97833 -8.50311 0
    endloop
  endfacet
  facet normal 0 0 -1
    outer loop
      vertex -4.89218 -1.0947 0
      vertex -7.77817 -7.77817 0
      vertex -5 -1.1 0
    endloop
  endfacet
  facet normal -0 0 -1
    outer loop
      vertex -5 -1.1 0
      vertex -7.77817 -7.77817 0
      vertex -5.10782 -1.0947 0
    endloop
  endfacet
  facet normal -0 0 -1
    outer loop
      vertex -5.10782 -1.0947 0
      vertex -7.77817 -7.77817 0
      vertex -5.2146 -1.07886 0
    endloop
  endfacet
  facet normal -0 0 -1
    outer loop
      vertex -5.2146 -1.07886 0
      vertex -7.77817 -7.77817 0
      vertex -5.31931 -1.05263 0
    endloop
  endfacet
  facet normal -0 0 -1
    outer loop
      vertex -5.31931 -1.05263 0
      vertex -7.77817 -7.77817 0
      vertex -5.42095 -1.01627 0
    endloop
  endfacet
  facet normal 0 -0 -1
    outer loop
      vertex -7.30217 -0.850311 0
      vertex -5.42095 -1.01627 0
      vertex -7.77817 -7.77817 0
    endloop
  endfacet
  facet normal 0 0 -1
    outer loop
      vertex -5.42095 -1.01627 0
      vertex -7.30217 -0.850311 0
      vertex -5.51854 -0.970113 0
    endloop
  endfacet
  facet normal 0 0 -1
    outer loop
      vertex -5.51854 -0.970113 0
      vertex -7.30217 -0.850311 0
      vertex -5.61113 -0.914616 0
    endloop
  endfacet
  facet normal 0 0 -1
    outer loop
      vertex -5.61113 -0.914616 0
      vertex -7.30217 -0.850311 0
      vertex -5.69783 -0.850311 0
    endloop
  endfacet
  facet normal 0 0 -1
    outer loop
      vertex -5.69783 -0.850311 0
      vertex -7.30217 -0.850311 0
      vertex -5.77782 -0.777817 0
    endloop
  endfacet
  facet normal 0 -0 -1
    outer loop
      vertex -7.22218 -0.777817 0
      vertex -5.77782 -0.777817 0
      vertex -7.30217 -0.850311 0
    endloop
  endfacet
  facet normal 0 0 -1
    outer loop
      vertex -5.77782 -0.777817 0
      vertex -7.22218 -0.777817 0
      vertex -5.85031 -0.697832 0
    endloop
  endfacet
  facet normal 0 -0 -1
    outer loop
      vertex -7.14969 -0.697832 0
      vertex -5.85031 -0.697832 0
      vertex -7.22218 -0.777817 0
    endloop
  endfacet
  facet normal 0 -0 -1
    outer loop
      vertex -7.08538 -0.611127 0
      vertex -5.91462 -0.611127 0
      vertex -7.14969 -0.697832 0
    endloop
  endfacet
  facet normal 0 0 -1
    outer loop
      vertex -5.85031 -0.697832 0
      vertex -7.14969 -0.697832 0
      vertex -5.91462 -0.611127 0
    endloop
  endfacet
  facet normal -0.336832 -0.941565 0
    outer loop
      vertex -4.20952 -10.1627 0
      vertex -3.19313 -10.5263 6
      vertex -4.20952 -10.1627 6
    endloop
  endfacet
  facet normal -0.336832 -0.941565 -0
    outer loop
      vertex -3.19313 -10.5263 6
      vertex -4.20952 -10.1627 0
      vertex -3.19313 -10.5263 0
    endloop
  endfacet
  facet normal -0.242985 0.97003 0
    outer loop
      vertex -2.14599 10.7886 0
      vertex -3.19313 10.5263 6
      vertex -2.14599 10.7886 6
    endloop
  endfacet
  facet normal -0.242985 0.97003 0
    outer loop
      vertex -3.19313 10.5263 6
      vertex -2.14599 10.7886 0
      vertex -3.19313 10.5263 0
    endloop
  endfacet
  facet normal -0.146737 0.989176 0
    outer loop
      vertex -1.07819 10.947 0
      vertex -2.14599 10.7886 6
      vertex -1.07819 10.947 6
    endloop
  endfacet
  facet normal -0.146737 0.989176 0
    outer loop
      vertex -2.14599 10.7886 6
      vertex -1.07819 10.947 0
      vertex -2.14599 10.7886 0
    endloop
  endfacet
  facet normal -0.857728 -0.514103 0
    outer loop
      vertex -9.14616 -6.11127 0
      vertex -9.70113 -5.18536 6
      vertex -9.70113 -5.18536 0
    endloop
  endfacet
  facet normal -0.857728 -0.514103 0
    outer loop
      vertex -9.70113 -5.18536 6
      vertex -9.14616 -6.11127 0
      vertex -9.14616 -6.11127 6
    endloop
  endfacet
  facet normal -0.740948 0.671563 0
    outer loop
      vertex -8.50311 6.97833 0
      vertex -7.77817 7.77817 6
      vertex -7.77817 7.77817 0
    endloop
  endfacet
  facet normal -0.740948 0.671563 0
    outer loop
      vertex -7.77817 7.77817 6
      vertex -8.50311 6.97833 0
      vertex -8.50311 6.97833 6
    endloop
  endfacet
  facet normal -0.671563 0.740948 0
    outer loop
      vertex -6.97833 8.50311 0
      vertex -7.77817 7.77817 6
      vertex -6.97833 8.50311 6
    endloop
  endfacet
  facet normal -0.671563 0.740948 0
    outer loop
      vertex -7.77817 7.77817 6
      vertex -6.97833 8.50311 0
      vertex -7.77817 7.77817 0
    endloop
  endfacet
  facet normal -0.146737 -0.989176 0
    outer loop
      vertex -2.14599 -10.7886 0
      vertex -1.07819 -10.947 6
      vertex -2.14599 -10.7886 6
    endloop
  endfacet
  facet normal -0.146737 -0.989176 -0
    outer loop
      vertex -1.07819 -10.947 6
      vertex -2.14599 -10.7886 0
      vertex -1.07819 -10.947 0
    endloop
  endfacet
  facet normal -0.595696 -0.80321 0
    outer loop
      vertex -6.97833 -8.50311 0
      vertex -6.11127 -9.14616 6
      vertex -6.97833 -8.50311 6
    endloop
  endfacet
  facet normal -0.595696 -0.80321 -0
    outer loop
      vertex -6.11127 -9.14616 6
      vertex -6.97833 -8.50311 0
      vertex -6.11127 -9.14616 0
    endloop
  endfacet
  facet normal 0 0 1
    outer loop
      vertex -10.0299 -0.518536 6
      vertex -8.97011 -0.518536 6
      vertex -9.98373 -0.420951 6
    endloop
  endfacet
  facet normal 0 0 1
    outer loop
      vertex -8.97011 -0.518536 6
      vertex -10.0299 -0.518536 6
      vertex -8.91462 -0.611127 6
    endloop
  endfacet
  facet normal 0 0 1
    outer loop
      vertex -10.0854 -0.611127 6
      vertex -8.91462 -0.611127 6
      vertex -10.0299 -0.518536 6
    endloop
  endfacet
  facet normal 0 0 1
    outer loop
      vertex -8.91462 -0.611127 6
      vertex -10.0854 -0.611127 6
      vertex -8.85031 -0.697832 6
    endloop
  endfacet
  facet normal 0 0 1
    outer loop
      vertex -10.1497 -0.697832 6
      vertex -8.85031 -0.697832 6
      vertex -10.0854 -0.611127 6
    endloop
  endfacet
  facet normal 0 0 1
    outer loop
      vertex -8.85031 -0.697832 6
      vertex -10.1497 -0.697832 6
      vertex -8.77782 -0.777817 6
    endloop
  endfacet
  facet normal 0 0 1
    outer loop
      vertex -10.2222 -0.777817 6
      vertex -8.77782 -0.777817 6
      vertex -10.1497 -0.697832 6
    endloop
  endfacet
  facet normal 0 0 1
    outer loop
      vertex -8.77782 -0.777817 6
      vertex -10.1627 -4.20952 6
      vertex -9.70113 -5.18536 6
    endloop
  endfacet
  facet normal 0 0 1
    outer loop
      vertex -10.3022 -0.850311 6
      vertex -8.77782 -0.777817 6
      vertex -10.2222 -0.777817 6
    endloop
  endfacet
  facet normal 0 0 1
    outer loop
      vertex -8.77782 -0.777817 6
      vertex -10.3022 -0.850311 6
      vertex -10.7886 -2.14599 6
    endloop
  endfacet
  facet normal 0 0 1
    outer loop
      vertex -10.7886 -2.14599 6
      vertex -10.3022 -0.850311 6
      vertex -10.3889 -0.914616 6
    endloop
  endfacet
  facet normal 0 0 1
    outer loop
      vertex -10.7886 -2.14599 6
      vertex -10.3889 -0.914616 6
      vertex -10.4815 -0.970113 6
    endloop
  endfacet
  facet normal 0 0 1
    outer loop
      vertex -8.77782 -0.777817 6
      vertex -10.5263 -3.19313 6
      vertex -10.1627 -4.20952 6
    endloop
  endfacet
  facet normal 0 0 1
    outer loop
      vertex -10.7886 -2.14599 6
      vertex -10.4815 -0.970113 6
      vertex -10.579 -1.01627 6
    endloop
  endfacet
  facet normal 0 0 1
    outer loop
      vertex -10.7886 -2.14599 6
      vertex -10.579 -1.01627 6
      vertex -10.6807 -1.05263 6
    endloop
  endfacet
  facet normal 0 0 1
    outer loop
      vertex -10.7886 -2.14599 6
      vertex -10.6807 -1.05263 6
      vertex -10.7854 -1.07886 6
    endloop
  endfacet
  facet normal 0 0 1
    outer loop
      vertex -8.77782 -0.777817 6
      vertex -10.7886 -2.14599 6
      vertex -10.5263 -3.19313 6
    endloop
  endfacet
  facet normal -0 0 1
    outer loop
      vertex -10.8922 -1.0947 6
      vertex -10.7886 -2.14599 6
      vertex -10.7854 -1.07886 6
    endloop
  endfacet
  facet normal 0 0 1
    outer loop
      vertex -10.7886 -2.14599 6
      vertex -10.8922 -1.0947 6
      vertex -10.9442 -1.09726 6
    endloop
  endfacet
  facet normal 0 0 1
    outer loop
      vertex -5.97011 -0.518536 6
      vertex -7.02989 -0.518536 6
      vertex -5.91462 -0.611127 6
    endloop
  endfacet
  facet normal 0 0 1
    outer loop
      vertex -7.08538 -0.611127 6
      vertex -5.91462 -0.611127 6
      vertex -7.02989 -0.518536 6
    endloop
  endfacet
  facet normal 0 0 1
    outer loop
      vertex -5.91462 -0.611127 6
      vertex -7.08538 -0.611127 6
      vertex -5.85031 -0.697832 6
    endloop
  endfacet
  facet normal 0 0 1
    outer loop
      vertex -7.14969 -0.697832 6
      vertex -5.85031 -0.697832 6
      vertex -7.08538 -0.611127 6
    endloop
  endfacet
  facet normal 0 0 1
    outer loop
      vertex -5.85031 -0.697832 6
      vertex -7.14969 -0.697832 6
      vertex -5.77782 -0.777817 6
    endloop
  endfacet
  facet normal 0 0 1
    outer loop
      vertex -7.22218 -0.777817 6
      vertex -5.77782 -0.777817 6
      vertex -7.14969 -0.697832 6
    endloop
  endfacet
  facet normal 0 0 1
    outer loop
      vertex -5.77782 -0.777817 6
      vertex -7.22218 -0.777817 6
      vertex -5.69783 -0.850311 6
    endloop
  endfacet
  facet normal 0 0 1
    outer loop
      vertex -7.30217 -0.850311 6
      vertex -5.69783 -0.850311 6
      vertex -7.22218 -0.777817 6
    endloop
  endfacet
  facet normal 0 0 1
    outer loop
      vertex -5.69783 -0.850311 6
      vertex -6.97833 -8.50311 6
      vertex -6.11127 -9.14616 6
    endloop
  endfacet
  facet normal 0 0 1
    outer loop
      vertex -7.38887 -0.914616 6
      vertex -5.69783 -0.850311 6
      vertex -7.30217 -0.850311 6
    endloop
  endfacet
  facet normal 0 0 1
    outer loop
      vertex -7.48146 -0.970113 6
      vertex -5.69783 -0.850311 6
      vertex -7.38887 -0.914616 6
    endloop
  endfacet
  facet normal 0 0 1
    outer loop
      vertex -7.57905 -1.01627 6
      vertex -5.69783 -0.850311 6
      vertex -7.48146 -0.970113 6
    endloop
  endfacet
  facet normal 0 0 1
    outer loop
      vertex -5.69783 -0.850311 6
      vertex -7.57905 -1.01627 6
      vertex -9.14616 -6.11127 6
    endloop
  endfacet
  facet normal 0 0 1
    outer loop
      vertex -9.14616 -6.11127 6
      vertex -7.57905 -1.01627 6
      vertex -7.68069 -1.05263 6
    endloop
  endfacet
  facet normal 0 0 1
    outer loop
      vertex -5.69783 -0.850311 6
      vertex -7.77817 -7.77817 6
      vertex -6.97833 -8.50311 6
    endloop
  endfacet
  facet normal 0 0 1
    outer loop
      vertex -9.70113 -5.18536 6
      vertex -7.68069 -1.05263 6
      vertex -7.7854 -1.07886 6
    endloop
  endfacet
  facet normal 0 0 1
    outer loop
      vertex -9.70113 -5.18536 6
      vertex -7.7854 -1.07886 6
      vertex -7.89218 -1.0947 6
    endloop
  endfacet
  facet normal 0 0 1
    outer loop
      vertex -9.70113 -5.18536 6
      vertex -7.89218 -1.0947 6
      vertex -8 -1.1 6
    endloop
  endfacet
  facet normal 0 0 1
    outer loop
      vertex -9.70113 -5.18536 6
      vertex -8 -1.1 6
      vertex -8.10782 -1.0947 6
    endloop
  endfacet
  facet normal 0 0 1
    outer loop
      vertex -9.70113 -5.18536 6
      vertex -8.10782 -1.0947 6
      vertex -8.2146 -1.07886 6
    endloop
  endfacet
  facet normal 0 0 1
    outer loop
      vertex -9.70113 -5.18536 6
      vertex -8.2146 -1.07886 6
      vertex -8.31931 -1.05263 6
    endloop
  endfacet
  facet normal 0 0 1
    outer loop
      vertex -9.70113 -5.18536 6
      vertex -8.31931 -1.05263 6
      vertex -8.42095 -1.01627 6
    endloop
  endfacet
  facet normal 0 0 1
    outer loop
      vertex -5.69783 -0.850311 6
      vertex -8.50311 -6.97833 6
      vertex -7.77817 -7.77817 6
    endloop
  endfacet
  facet normal 0 0 1
    outer loop
      vertex -9.70113 -5.18536 6
      vertex -8.42095 -1.01627 6
      vertex -8.51854 -0.970113 6
    endloop
  endfacet
  facet normal 0 0 1
    outer loop
      vertex -9.70113 -5.18536 6
      vertex -8.51854 -0.970113 6
      vertex -8.61113 -0.914616 6
    endloop
  endfacet
  facet normal 0 0 1
    outer loop
      vertex -9.70113 -5.18536 6
      vertex -8.61113 -0.914616 6
      vertex -8.69783 -0.850311 6
    endloop
  endfacet
  facet normal 0 0 1
    outer loop
      vertex -9.70113 -5.18536 6
      vertex -8.69783 -0.850311 6
      vertex -8.77782 -0.777817 6
    endloop
  endfacet
  facet normal 0 0 1
    outer loop
      vertex -9.01627 -0.420951 6
      vertex -9.98373 -0.420951 6
      vertex -8.97011 -0.518536 6
    endloop
  endfacet
  facet normal 0 0 1
    outer loop
      vertex -9.05263 -0.319313 6
      vertex -9.94736 -0.319313 6
      vertex -9.01627 -0.420951 6
    endloop
  endfacet
  facet normal 0 0 1
    outer loop
      vertex -9.94736 -0.319313 6
      vertex -9.05263 -0.319313 6
      vertex -9.92114 -0.214599 6
    endloop
  endfacet
  facet normal 0 0 1
    outer loop
      vertex -9.07886 -0.214599 6
      vertex -9.92114 -0.214599 6
      vertex -9.05263 -0.319313 6
    endloop
  endfacet
  facet normal 0 0 1
    outer loop
      vertex -9.92114 -0.214599 6
      vertex -9.07886 -0.214599 6
      vertex -9.9053 -0.107819 6
    endloop
  endfacet
  facet normal 0 0 1
    outer loop
      vertex -9.0947 -0.107819 6
      vertex -9.9053 -0.107819 6
      vertex -9.07886 -0.214599 6
    endloop
  endfacet
  facet normal 0 0 1
    outer loop
      vertex -9.9053 -0.107819 6
      vertex -9.0947 -0.107819 6
      vertex -9.9 0 6
    endloop
  endfacet
  facet normal 0 0 1
    outer loop
      vertex -5.69783 -0.850311 6
      vertex -9.14616 -6.11127 6
      vertex -8.50311 -6.97833 6
    endloop
  endfacet
  facet normal -0 0 1
    outer loop
      vertex -9.9 0 6
      vertex -9.0947 -0.107819 6
      vertex -9.1 0 6
    endloop
  endfacet
  facet normal 0 -0 1
    outer loop
      vertex -10.0854 0.611127 6
      vertex -8.91462 0.611127 6
      vertex -10.1497 0.697832 6
    endloop
  endfacet
  facet normal 0 0 1
    outer loop
      vertex -8.91462 0.611127 6
      vertex -10.0854 0.611127 6
      vertex -8.97011 0.518536 6
    endloop
  endfacet
  facet normal 0 0 1
    outer loop
      vertex -9.98373 -0.420951 6
      vertex -9.01627 -0.420951 6
      vertex -9.94736 -0.319313 6
    endloop
  endfacet
  facet normal 0 0 1
    outer loop
      vertex -7.68069 -1.05263 6
      vertex -9.70113 -5.18536 6
      vertex -9.14616 -6.11127 6
    endloop
  endfacet
  facet normal 0 0 1
    outer loop
      vertex -9.1 0 6
      vertex -9.9053 0.107819 6
      vertex -9.9 0 6
    endloop
  endfacet
  facet normal 0 0 1
    outer loop
      vertex -9.0947 0.107819 6
      vertex -9.9053 0.107819 6
      vertex -9.1 0 6
    endloop
  endfacet
  facet normal 0 -0 1
    outer loop
      vertex -9.9053 0.107819 6
      vertex -9.0947 0.107819 6
      vertex -9.92114 0.214599 6
    endloop
  endfacet
  facet normal 0 0 1
    outer loop
      vertex -9.07886 0.214599 6
      vertex -9.92114 0.214599 6
      vertex -9.0947 0.107819 6
    endloop
  endfacet
  facet normal 0 0 1
    outer loop
      vertex -8.97011 0.518536 6
      vertex -10.0299 0.518536 6
      vertex -9.01627 0.420951 6
    endloop
  endfacet
  facet normal 0 -0 1
    outer loop
      vertex -9.92114 0.214599 6
      vertex -9.07886 0.214599 6
      vertex -9.94736 0.319313 6
    endloop
  endfacet
  facet normal 0 0 1
    outer loop
      vertex -9.05263 0.319313 6
      vertex -9.94736 0.319313 6
      vertex -9.07886 0.214599 6
    endloop
  endfacet
  facet normal 0 0 1
    outer loop
      vertex -9.01627 0.420951 6
      vertex -9.98373 0.420951 6
      vertex -9.05263 0.319313 6
    endloop
  endfacet
  facet normal 0 -0 1
    outer loop
      vertex -9.94736 0.319313 6
      vertex -9.05263 0.319313 6
      vertex -9.98373 0.420951 6
    endloop
  endfacet
  facet normal 0 -0 1
    outer loop
      vertex -9.98373 0.420951 6
      vertex -9.01627 0.420951 6
      vertex -10.0299 0.518536 6
    endloop
  endfacet
  facet normal 0 -0 1
    outer loop
      vertex -10.0299 0.518536 6
      vertex -8.97011 0.518536 6
      vertex -10.0854 0.611127 6
    endloop
  endfacet
  facet normal 0 0 1
    outer loop
      vertex -10.2222 0.777817 6
      vertex -10.7886 2.14599 6
      vertex -10.3022 0.850311 6
    endloop
  endfacet
  facet normal 0 0 1
    outer loop
      vertex -10.3022 0.850311 6
      vertex -10.7886 2.14599 6
      vertex -10.3889 0.914616 6
    endloop
  endfacet
  facet normal 0 0 1
    outer loop
      vertex -10.3889 0.914616 6
      vertex -10.7886 2.14599 6
      vertex -10.4815 0.970113 6
    endloop
  endfacet
  facet normal 0 0 1
    outer loop
      vertex -10.4815 0.970113 6
      vertex -10.7886 2.14599 6
      vertex -10.579 1.01627 6
    endloop
  endfacet
  facet normal 0 0 1
    outer loop
      vertex -10.579 1.01627 6
      vertex -10.7886 2.14599 6
      vertex -10.6807 1.05263 6
    endloop
  endfacet
  facet normal 0 0 1
    outer loop
      vertex -10.6807 1.05263 6
      vertex -10.7886 2.14599 6
      vertex -10.7854 1.07886 6
    endloop
  endfacet
  facet normal 0 0 1
    outer loop
      vertex -10.7886 2.14599 6
      vertex -10.8922 1.0947 6
      vertex -10.7854 1.07886 6
    endloop
  endfacet
  facet normal 0 -0 1
    outer loop
      vertex -10.8922 1.0947 6
      vertex -10.7886 2.14599 6
      vertex -10.9442 1.09726 6
    endloop
  endfacet
  facet normal -0 0 1
    outer loop
      vertex -4.08538 -0.611127 6
      vertex -1.32288 -0.707094 6
      vertex -4.02989 -0.518536 6
    endloop
  endfacet
  facet normal 0 0 1
    outer loop
      vertex -1.32288 -0.707094 6
      vertex -4.08538 -0.611127 6
      vertex -1.2472 -0.833355 6
    endloop
  endfacet
  facet normal -0 0 1
    outer loop
      vertex -4.14969 -0.697832 6
      vertex -1.2472 -0.833355 6
      vertex -4.08538 -0.611127 6
    endloop
  endfacet
  facet normal 0 0 1
    outer loop
      vertex -1.2472 -0.833355 6
      vertex -4.14969 -0.697832 6
      vertex -1.15952 -0.95159 6
    endloop
  endfacet
  facet normal -0 0 1
    outer loop
      vertex -4.22218 -0.777817 6
      vertex -1.15952 -0.95159 6
      vertex -4.14969 -0.697832 6
    endloop
  endfacet
  facet normal -0 0 1
    outer loop
      vertex -4.30217 -0.850311 6
      vertex -1.15952 -0.95159 6
      vertex -4.22218 -0.777817 6
    endloop
  endfacet
  facet normal 0 0 1
    outer loop
      vertex -1.15952 -0.95159 6
      vertex -4.30217 -0.850311 6
      vertex -1.06066 -1.06066 6
    endloop
  endfacet
  facet normal -0 0 1
    outer loop
      vertex -4.38887 -0.914616 6
      vertex -1.06066 -1.06066 6
      vertex -4.30217 -0.850311 6
    endloop
  endfacet
  facet normal 0 0 1
    outer loop
      vertex -1.06066 -1.06066 6
      vertex -4.38887 -0.914616 6
      vertex -0.95159 -1.15952 6
    endloop
  endfacet
  facet normal -0 0 1
    outer loop
      vertex -4.48146 -0.970113 6
      vertex -0.95159 -1.15952 6
      vertex -4.38887 -0.914616 6
    endloop
  endfacet
  facet normal -0 0 1
    outer loop
      vertex -4.57905 -1.01627 6
      vertex -0.95159 -1.15952 6
      vertex -4.48146 -0.970113 6
    endloop
  endfacet
  facet normal 0 0 1
    outer loop
      vertex -0.95159 -1.15952 6
      vertex -4.20952 -10.1627 6
      vertex -3.19313 -10.5263 6
    endloop
  endfacet
  facet normal 0 0 1
    outer loop
      vertex -5.18536 -9.70113 6
      vertex -0.95159 -1.15952 6
      vertex -4.57905 -1.01627 6
    endloop
  endfacet
  facet normal 0 0 1
    outer loop
      vertex -5.18536 -9.70113 6
      vertex -4.57905 -1.01627 6
      vertex -4.68069 -1.05263 6
    endloop
  endfacet
  facet normal 0 0 1
    outer loop
      vertex -6.11127 -9.14616 6
      vertex -4.68069 -1.05263 6
      vertex -4.7854 -1.07886 6
    endloop
  endfacet
  facet normal 0 0 1
    outer loop
      vertex -6.11127 -9.14616 6
      vertex -4.7854 -1.07886 6
      vertex -4.89218 -1.0947 6
    endloop
  endfacet
  facet normal 0 0 1
    outer loop
      vertex -6.11127 -9.14616 6
      vertex -4.89218 -1.0947 6
      vertex -5 -1.1 6
    endloop
  endfacet
  facet normal 0 0 1
    outer loop
      vertex -6.11127 -9.14616 6
      vertex -5 -1.1 6
      vertex -5.10782 -1.0947 6
    endloop
  endfacet
  facet normal 0 0 1
    outer loop
      vertex -0.95159 -1.15952 6
      vertex -5.18536 -9.70113 6
      vertex -4.20952 -10.1627 6
    endloop
  endfacet
  facet normal 0 0 1
    outer loop
      vertex -6.11127 -9.14616 6
      vertex -5.10782 -1.0947 6
      vertex -5.2146 -1.07886 6
    endloop
  endfacet
  facet normal 0 0 1
    outer loop
      vertex -6.11127 -9.14616 6
      vertex -5.2146 -1.07886 6
      vertex -5.31931 -1.05263 6
    endloop
  endfacet
  facet normal 0 0 1
    outer loop
      vertex -6.11127 -9.14616 6
      vertex -5.31931 -1.05263 6
      vertex -5.42095 -1.01627 6
    endloop
  endfacet
  facet normal 0 0 1
    outer loop
      vertex -6.11127 -9.14616 6
      vertex -5.42095 -1.01627 6
      vertex -5.51854 -0.970113 6
    endloop
  endfacet
  facet normal 0 0 1
    outer loop
      vertex -6.11127 -9.14616 6
      vertex -5.51854 -0.970113 6
      vertex -5.61113 -0.914616 6
    endloop
  endfacet
  facet normal 0 0 1
    outer loop
      vertex -6.11127 -9.14616 6
      vertex -5.61113 -0.914616 6
      vertex -5.69783 -0.850311 6
    endloop
  endfacet
  facet normal 0 0 1
    outer loop
      vertex -7.02989 -0.518536 6
      vertex -5.97011 -0.518536 6
      vertex -6.98373 -0.420951 6
    endloop
  endfacet
  facet normal 0 0 1
    outer loop
      vertex -6.98373 -0.420951 6
      vertex -6.01627 -0.420951 6
      vertex -6.94736 -0.319313 6
    endloop
  endfacet
  facet normal 0 0 1
    outer loop
      vertex -6.05263 -0.319313 6
      vertex -6.94736 -0.319313 6
      vertex -6.01627 -0.420951 6
    endloop
  endfacet
  facet normal 0 0 1
    outer loop
      vertex -6.94736 -0.319313 6
      vertex -6.05263 -0.319313 6
      vertex -6.92114 -0.214599 6
    endloop
  endfacet
  facet normal 0 0 1
    outer loop
      vertex -6.07886 -0.214599 6
      vertex -6.92114 -0.214599 6
      vertex -6.05263 -0.319313 6
    endloop
  endfacet
  facet normal 0 0 1
    outer loop
      vertex -6.92114 -0.214599 6
      vertex -6.07886 -0.214599 6
      vertex -6.9053 -0.107819 6
    endloop
  endfacet
  facet normal 0 0 1
    outer loop
      vertex -6.0947 -0.107819 6
      vertex -6.9053 -0.107819 6
      vertex -6.07886 -0.214599 6
    endloop
  endfacet
  facet normal 0 0 1
    outer loop
      vertex -6.9053 -0.107819 6
      vertex -6.0947 -0.107819 6
      vertex -6.9 0 6
    endloop
  endfacet
  facet normal 0 0 1
    outer loop
      vertex -4.68069 -1.05263 6
      vertex -6.11127 -9.14616 6
      vertex -5.18536 -9.70113 6
    endloop
  endfacet
  facet normal -0 0 1
    outer loop
      vertex -6.9 0 6
      vertex -6.0947 -0.107819 6
      vertex -6.1 0 6
    endloop
  endfacet
  facet normal 0 0 1
    outer loop
      vertex -5.91462 0.611127 6
      vertex -7.08538 0.611127 6
      vertex -5.97011 0.518536 6
    endloop
  endfacet
  facet normal 0 0 1
    outer loop
      vertex -6.01627 -0.420951 6
      vertex -6.98373 -0.420951 6
      vertex -5.97011 -0.518536 6
    endloop
  endfacet
  facet normal 0 0 1
    outer loop
      vertex -6.1 0 6
      vertex -6.9053 0.107819 6
      vertex -6.9 0 6
    endloop
  endfacet
  facet normal 0 0 1
    outer loop
      vertex -6.0947 0.107819 6
      vertex -6.9053 0.107819 6
      vertex -6.1 0 6
    endloop
  endfacet
  facet normal 0 -0 1
    outer loop
      vertex -6.9053 0.107819 6
      vertex -6.0947 0.107819 6
      vertex -6.92114 0.214599 6
    endloop
  endfacet
  facet normal 0 -0 1
    outer loop
      vertex -6.98373 0.420951 6
      vertex -6.01627 0.420951 6
      vertex -7.02989 0.518536 6
    endloop
  endfacet
  facet normal 0 0 1
    outer loop
      vertex -6.07886 0.214599 6
      vertex -6.92114 0.214599 6
      vertex -6.0947 0.107819 6
    endloop
  endfacet
  facet normal 0 -0 1
    outer loop
      vertex -6.92114 0.214599 6
      vertex -6.07886 0.214599 6
      vertex -6.94736 0.319313 6
    endloop
  endfacet
  facet normal 0 0 1
    outer loop
      vertex -6.05263 0.319313 6
      vertex -6.94736 0.319313 6
      vertex -6.07886 0.214599 6
    endloop
  endfacet
  facet normal 0 -0 1
    outer loop
      vertex -6.94736 0.319313 6
      vertex -6.05263 0.319313 6
      vertex -6.98373 0.420951 6
    endloop
  endfacet
  facet normal 0 0 1
    outer loop
      vertex -6.01627 0.420951 6
      vertex -6.98373 0.420951 6
      vertex -6.05263 0.319313 6
    endloop
  endfacet
  facet normal 0 0 1
    outer loop
      vertex -5.97011 0.518536 6
      vertex -7.02989 0.518536 6
      vertex -6.01627 0.420951 6
    endloop
  endfacet
  facet normal 0 -0 1
    outer loop
      vertex -7.02989 0.518536 6
      vertex -5.97011 0.518536 6
      vertex -7.08538 0.611127 6
    endloop
  endfacet
  facet normal 0 0 1
    outer loop
      vertex -7.30217 0.850311 6
      vertex -7.77817 7.77817 6
      vertex -7.38887 0.914616 6
    endloop
  endfacet
  facet normal -0 0 1
    outer loop
      vertex -8.50311 6.97833 6
      vertex -7.38887 0.914616 6
      vertex -7.77817 7.77817 6
    endloop
  endfacet
  facet normal 0 0 1
    outer loop
      vertex -7.38887 0.914616 6
      vertex -8.50311 6.97833 6
      vertex -7.48146 0.970113 6
    endloop
  endfacet
  facet normal -0 0 1
    outer loop
      vertex -9.14616 6.11127 6
      vertex -7.48146 0.970113 6
      vertex -8.50311 6.97833 6
    endloop
  endfacet
  facet normal 0 0 1
    outer loop
      vertex -7.48146 0.970113 6
      vertex -9.14616 6.11127 6
      vertex -7.57905 1.01627 6
    endloop
  endfacet
  facet normal 0 0 1
    outer loop
      vertex -7.57905 1.01627 6
      vertex -9.14616 6.11127 6
      vertex -7.68069 1.05263 6
    endloop
  endfacet
  facet normal -0 0 1
    outer loop
      vertex -9.70113 5.18536 6
      vertex -7.68069 1.05263 6
      vertex -9.14616 6.11127 6
    endloop
  endfacet
  facet normal 0 0 1
    outer loop
      vertex -7.68069 1.05263 6
      vertex -9.70113 5.18536 6
      vertex -7.7854 1.07886 6
    endloop
  endfacet
  facet normal 0 0 1
    outer loop
      vertex -7.7854 1.07886 6
      vertex -9.70113 5.18536 6
      vertex -7.89218 1.0947 6
    endloop
  endfacet
  facet normal -0 0 1
    outer loop
      vertex -10.1627 4.20952 6
      vertex -7.89218 1.0947 6
      vertex -9.70113 5.18536 6
    endloop
  endfacet
  facet normal 0 0 1
    outer loop
      vertex -7.89218 1.0947 6
      vertex -10.1627 4.20952 6
      vertex -8 1.1 6
    endloop
  endfacet
  facet normal 0 0 1
    outer loop
      vertex -8 1.1 6
      vertex -10.1627 4.20952 6
      vertex -8.10782 1.0947 6
    endloop
  endfacet
  facet normal 0 0 1
    outer loop
      vertex -8.10782 1.0947 6
      vertex -10.1627 4.20952 6
      vertex -8.2146 1.07886 6
    endloop
  endfacet
  facet normal -0 0 1
    outer loop
      vertex -10.5263 3.19313 6
      vertex -8.2146 1.07886 6
      vertex -10.1627 4.20952 6
    endloop
  endfacet
  facet normal 0 0 1
    outer loop
      vertex -8.2146 1.07886 6
      vertex -10.5263 3.19313 6
      vertex -8.31931 1.05263 6
    endloop
  endfacet
  facet normal 0 0 1
    outer loop
      vertex -8.31931 1.05263 6
      vertex -10.5263 3.19313 6
      vertex -8.42095 1.01627 6
    endloop
  endfacet
  facet normal 0 0 1
    outer loop
      vertex -8.42095 1.01627 6
      vertex -10.5263 3.19313 6
      vertex -8.51854 0.970113 6
    endloop
  endfacet
  facet normal -0 0 1
    outer loop
      vertex -10.7886 2.14599 6
      vertex -8.51854 0.970113 6
      vertex -10.5263 3.19313 6
    endloop
  endfacet
  facet normal 0 0 1
    outer loop
      vertex -8.51854 0.970113 6
      vertex -10.7886 2.14599 6
      vertex -8.61113 0.914616 6
    endloop
  endfacet
  facet normal 0 0 1
    outer loop
      vertex -8.61113 0.914616 6
      vertex -10.7886 2.14599 6
      vertex -8.69783 0.850311 6
    endloop
  endfacet
  facet normal 0 -0 1
    outer loop
      vertex -10.2222 0.777817 6
      vertex -8.69783 0.850311 6
      vertex -10.7886 2.14599 6
    endloop
  endfacet
  facet normal 0 0 1
    outer loop
      vertex -8.69783 0.850311 6
      vertex -10.2222 0.777817 6
      vertex -8.77782 0.777817 6
    endloop
  endfacet
  facet normal 0 0 1
    outer loop
      vertex -8.77782 0.777817 6
      vertex -10.2222 0.777817 6
      vertex -8.85031 0.697832 6
    endloop
  endfacet
  facet normal 0 0 1
    outer loop
      vertex -8.85031 0.697832 6
      vertex -10.1497 0.697832 6
      vertex -8.91462 0.611127 6
    endloop
  endfacet
  facet normal 0 -0 1
    outer loop
      vertex -10.1497 0.697832 6
      vertex -8.85031 0.697832 6
      vertex -10.2222 0.777817 6
    endloop
  endfacet
  facet normal 0 0 1
    outer loop
      vertex 60 8.27273 6
      vertex 15.1 0 6
      vertex 60 -8.27273 6
    endloop
  endfacet
  facet normal 0 0 1
    outer loop
      vertex 60 8.27273 6
      vertex 15.0947 0.107819 6
      vertex 15.1 0 6
    endloop
  endfacet
  facet normal 0 0 1
    outer loop
      vertex 60 8.27273 6
      vertex 15.0789 0.214599 6
      vertex 15.0947 0.107819 6
    endloop
  endfacet
  facet normal 0 0 1
    outer loop
      vertex 60 8.27273 6
      vertex 15.0526 0.319313 6
      vertex 15.0789 0.214599 6
    endloop
  endfacet
  facet normal 0 0 1
    outer loop
      vertex 60 8.27273 6
      vertex 15.0163 0.420951 6
      vertex 15.0526 0.319313 6
    endloop
  endfacet
  facet normal 0 0 1
    outer loop
      vertex 60 8.27273 6
      vertex 14.9701 0.518536 6
      vertex 15.0163 0.420951 6
    endloop
  endfacet
  facet normal 0 0 1
    outer loop
      vertex 60 8.27273 6
      vertex 14.9146 0.611127 6
      vertex 14.9701 0.518536 6
    endloop
  endfacet
  facet normal 0 0 1
    outer loop
      vertex 60 8.27273 6
      vertex 14.8503 0.697832 6
      vertex 14.9146 0.611127 6
    endloop
  endfacet
  facet normal 0 0 1
    outer loop
      vertex 60 8.27273 6
      vertex 14.7778 0.777817 6
      vertex 14.8503 0.697832 6
    endloop
  endfacet
  facet normal 0 0 1
    outer loop
      vertex 60 8.27273 6
      vertex 14.6978 0.850311 6
      vertex 14.7778 0.777817 6
    endloop
  endfacet
  facet normal 0 0 1
    outer loop
      vertex 60 8.27273 6
      vertex 14.6111 0.914616 6
      vertex 14.6978 0.850311 6
    endloop
  endfacet
  facet normal 0 0 1
    outer loop
      vertex 60 8.27273 6
      vertex 14.5185 0.970113 6
      vertex 14.6111 0.914616 6
    endloop
  endfacet
  facet normal 0 0 1
    outer loop
      vertex 60 8.27273 6
      vertex 14.421 1.01627 6
      vertex 14.5185 0.970113 6
    endloop
  endfacet
  facet normal 0 0 1
    outer loop
      vertex 0 11 6
      vertex 14.421 1.01627 6
      vertex 60 8.27273 6
    endloop
  endfacet
  facet normal 0 0 1
    outer loop
      vertex 14.421 1.01627 6
      vertex 0 11 6
      vertex 14.3193 1.05263 6
    endloop
  endfacet
  facet normal 0 0 1
    outer loop
      vertex 14.3193 1.05263 6
      vertex 0 11 6
      vertex 14.2146 1.07886 6
    endloop
  endfacet
  facet normal 0 0 1
    outer loop
      vertex 14.2146 1.07886 6
      vertex 0 11 6
      vertex 14.1078 1.0947 6
    endloop
  endfacet
  facet normal 0 0 1
    outer loop
      vertex 14.1078 1.0947 6
      vertex 0 11 6
      vertex 14 1.1 6
    endloop
  endfacet
  facet normal 0 0 1
    outer loop
      vertex 14 1.1 6
      vertex 0 11 6
      vertex 13.8922 1.0947 6
    endloop
  endfacet
  facet normal 0 0 1
    outer loop
      vertex 12.9053 0.107819 6
      vertex 12.1 0 6
      vertex 12.9 0 6
    endloop
  endfacet
  facet normal 0 0 1
    outer loop
      vertex 12.0947 0.107819 6
      vertex 12.9053 0.107819 6
      vertex 12.9211 0.214599 6
    endloop
  endfacet
  facet normal 0 0 1
    outer loop
      vertex 12.0789 0.214599 6
      vertex 12.9211 0.214599 6
      vertex 12.9474 0.319313 6
    endloop
  endfacet
  facet normal 0 0 1
    outer loop
      vertex 12.0526 0.319313 6
      vertex 12.9474 0.319313 6
      vertex 12.9837 0.420951 6
    endloop
  endfacet
  facet normal 0 0 1
    outer loop
      vertex 12.0163 0.420951 6
      vertex 12.9837 0.420951 6
      vertex 13.0299 0.518536 6
    endloop
  endfacet
  facet normal 0 0 1
    outer loop
      vertex 11.9701 0.518536 6
      vertex 13.0299 0.518536 6
      vertex 13.0854 0.611127 6
    endloop
  endfacet
  facet normal 0 0 1
    outer loop
      vertex 11.9146 0.611127 6
      vertex 13.0854 0.611127 6
      vertex 13.1497 0.697832 6
    endloop
  endfacet
  facet normal 0 0 1
    outer loop
      vertex 11.8503 0.697832 6
      vertex 13.1497 0.697832 6
      vertex 13.2222 0.777817 6
    endloop
  endfacet
  facet normal 0 0 1
    outer loop
      vertex 11.7778 0.777817 6
      vertex 13.2222 0.777817 6
      vertex 13.3022 0.850311 6
    endloop
  endfacet
  facet normal 0 0 1
    outer loop
      vertex 11.6978 0.850311 6
      vertex 13.3022 0.850311 6
      vertex 13.3889 0.914616 6
    endloop
  endfacet
  facet normal 0 0 1
    outer loop
      vertex 12.9053 0.107819 6
      vertex 12.0947 0.107819 6
      vertex 12.1 0 6
    endloop
  endfacet
  facet normal 0 0 1
    outer loop
      vertex 12.9211 0.214599 6
      vertex 12.0789 0.214599 6
      vertex 12.0947 0.107819 6
    endloop
  endfacet
  facet normal 0 0 1
    outer loop
      vertex 11.6111 0.914616 6
      vertex 13.3889 0.914616 6
      vertex 13.4815 0.970113 6
    endloop
  endfacet
  facet normal 0 0 1
    outer loop
      vertex 12.9474 0.319313 6
      vertex 12.0526 0.319313 6
      vertex 12.0789 0.214599 6
    endloop
  endfacet
  facet normal 0 0 1
    outer loop
      vertex 11.5185 0.970113 6
      vertex 13.4815 0.970113 6
      vertex 13.579 1.01627 6
    endloop
  endfacet
  facet normal 0 0 1
    outer loop
      vertex 12.9837 0.420951 6
      vertex 12.0163 0.420951 6
      vertex 12.0526 0.319313 6
    endloop
  endfacet
  facet normal 0 0 1
    outer loop
      vertex 13.0299 0.518536 6
      vertex 11.9701 0.518536 6
      vertex 12.0163 0.420951 6
    endloop
  endfacet
  facet normal 0 0 1
    outer loop
      vertex 11.421 1.01627 6
      vertex 13.579 1.01627 6
      vertex 13.6807 1.05263 6
    endloop
  endfacet
  facet normal 0 0 1
    outer loop
      vertex 13.0854 0.611127 6
      vertex 11.9146 0.611127 6
      vertex 11.9701 0.518536 6
    endloop
  endfacet
  facet normal 0 0 1
    outer loop
      vertex 11.3193 1.05263 6
      vertex 13.6807 1.05263 6
      vertex 13.7854 1.07886 6
    endloop
  endfacet
  facet normal 0 0 1
    outer loop
      vertex 13.1497 0.697832 6
      vertex 11.8503 0.697832 6
      vertex 11.9146 0.611127 6
    endloop
  endfacet
  facet normal 0 0 1
    outer loop
      vertex 13.2222 0.777817 6
      vertex 11.7778 0.777817 6
      vertex 11.8503 0.697832 6
    endloop
  endfacet
  facet normal 0 -0 1
    outer loop
      vertex 11.1078 1.0947 6
      vertex 13.8922 1.0947 6
      vertex 0 11 6
    endloop
  endfacet
  facet normal 0 0 1
    outer loop
      vertex 13.3022 0.850311 6
      vertex 11.6978 0.850311 6
      vertex 11.7778 0.777817 6
    endloop
  endfacet
  facet normal 0 0 1
    outer loop
      vertex 13.3889 0.914616 6
      vertex 11.6111 0.914616 6
      vertex 11.6978 0.850311 6
    endloop
  endfacet
  facet normal 0 0 1
    outer loop
      vertex 13.4815 0.970113 6
      vertex 11.5185 0.970113 6
      vertex 11.6111 0.914616 6
    endloop
  endfacet
  facet normal 0 0 1
    outer loop
      vertex 13.8922 1.0947 6
      vertex 11.1078 1.0947 6
      vertex 13.7854 1.07886 6
    endloop
  endfacet
  facet normal 0 0 1
    outer loop
      vertex 13.579 1.01627 6
      vertex 11.421 1.01627 6
      vertex 11.5185 0.970113 6
    endloop
  endfacet
  facet normal 0 0 1
    outer loop
      vertex 13.6807 1.05263 6
      vertex 11.3193 1.05263 6
      vertex 11.421 1.01627 6
    endloop
  endfacet
  facet normal 0 0 1
    outer loop
      vertex 13.7854 1.07886 6
      vertex 11.2146 1.07886 6
      vertex 11.3193 1.05263 6
    endloop
  endfacet
  facet normal 0 0 1
    outer loop
      vertex 13.7854 1.07886 6
      vertex 11.1078 1.0947 6
      vertex 11.2146 1.07886 6
    endloop
  endfacet
  facet normal 0 0 1
    outer loop
      vertex 11.1078 1.0947 6
      vertex 0 11 6
      vertex 11 1.1 6
    endloop
  endfacet
  facet normal 0 0 1
    outer loop
      vertex 9.9053 0.107819 6
      vertex 9.1 0 6
      vertex 9.9 0 6
    endloop
  endfacet
  facet normal 0 0 1
    outer loop
      vertex 9.0947 0.107819 6
      vertex 9.9053 0.107819 6
      vertex 9.92114 0.214599 6
    endloop
  endfacet
  facet normal 0 0 1
    outer loop
      vertex 9.07886 0.214599 6
      vertex 9.92114 0.214599 6
      vertex 9.94736 0.319313 6
    endloop
  endfacet
  facet normal 0 0 1
    outer loop
      vertex 9.05263 0.319313 6
      vertex 9.94736 0.319313 6
      vertex 9.98373 0.420951 6
    endloop
  endfacet
  facet normal 0 0 1
    outer loop
      vertex 9.01627 0.420951 6
      vertex 9.98373 0.420951 6
      vertex 10.0299 0.518536 6
    endloop
  endfacet
  facet normal 0 0 1
    outer loop
      vertex 8.97011 0.518536 6
      vertex 10.0299 0.518536 6
      vertex 10.0854 0.611127 6
    endloop
  endfacet
  facet normal 0 0 1
    outer loop
      vertex 8.91462 0.611127 6
      vertex 10.0854 0.611127 6
      vertex 10.1497 0.697832 6
    endloop
  endfacet
  facet normal 0 0 1
    outer loop
      vertex 8.85031 0.697832 6
      vertex 10.1497 0.697832 6
      vertex 10.2222 0.777817 6
    endloop
  endfacet
  facet normal 0 0 1
    outer loop
      vertex 8.77782 0.777817 6
      vertex 10.2222 0.777817 6
      vertex 10.3022 0.850311 6
    endloop
  endfacet
  facet normal 0 0 1
    outer loop
      vertex 8.69783 0.850311 6
      vertex 10.3022 0.850311 6
      vertex 10.3889 0.914616 6
    endloop
  endfacet
  facet normal 0 0 1
    outer loop
      vertex 9.9053 0.107819 6
      vertex 9.0947 0.107819 6
      vertex 9.1 0 6
    endloop
  endfacet
  facet normal 0 0 1
    outer loop
      vertex 9.92114 0.214599 6
      vertex 9.07886 0.214599 6
      vertex 9.0947 0.107819 6
    endloop
  endfacet
  facet normal 0 0 1
    outer loop
      vertex 8.61113 0.914616 6
      vertex 10.3889 0.914616 6
      vertex 10.4815 0.970113 6
    endloop
  endfacet
  facet normal 0 0 1
    outer loop
      vertex 9.94736 0.319313 6
      vertex 9.05263 0.319313 6
      vertex 9.07886 0.214599 6
    endloop
  endfacet
  facet normal 0 0 1
    outer loop
      vertex 8.51854 0.970113 6
      vertex 10.4815 0.970113 6
      vertex 10.579 1.01627 6
    endloop
  endfacet
  facet normal 0 0 1
    outer loop
      vertex 9.98373 0.420951 6
      vertex 9.01627 0.420951 6
      vertex 9.05263 0.319313 6
    endloop
  endfacet
  facet normal 0 0 1
    outer loop
      vertex 10.0299 0.518536 6
      vertex 8.97011 0.518536 6
      vertex 9.01627 0.420951 6
    endloop
  endfacet
  facet normal 0 0 1
    outer loop
      vertex 8.42095 1.01627 6
      vertex 10.579 1.01627 6
      vertex 10.6807 1.05263 6
    endloop
  endfacet
  facet normal 0 0 1
    outer loop
      vertex 10.0854 0.611127 6
      vertex 8.91462 0.611127 6
      vertex 8.97011 0.518536 6
    endloop
  endfacet
  facet normal 0 0 1
    outer loop
      vertex 8.31931 1.05263 6
      vertex 10.6807 1.05263 6
      vertex 10.7854 1.07886 6
    endloop
  endfacet
  facet normal 0 0 1
    outer loop
      vertex 10.1497 0.697832 6
      vertex 8.85031 0.697832 6
      vertex 8.91462 0.611127 6
    endloop
  endfacet
  facet normal 0 0 1
    outer loop
      vertex 10.2222 0.777817 6
      vertex 8.77782 0.777817 6
      vertex 8.85031 0.697832 6
    endloop
  endfacet
  facet normal 0 0 1
    outer loop
      vertex 10.3022 0.850311 6
      vertex 8.69783 0.850311 6
      vertex 8.77782 0.777817 6
    endloop
  endfacet
  facet normal 0 0 1
    outer loop
      vertex 8.2146 1.07886 6
      vertex 10.7854 1.07886 6
      vertex 10.8922 1.0947 6
    endloop
  endfacet
  facet normal 0 0 1
    outer loop
      vertex 11 1.1 6
      vertex 0 11 6
      vertex 10.8922 1.0947 6
    endloop
  endfacet
  facet normal 0 -0 1
    outer loop
      vertex 8.2146 1.07886 6
      vertex 10.8922 1.0947 6
      vertex 0 11 6
    endloop
  endfacet
  facet normal 0 0 1
    outer loop
      vertex 10.3889 0.914616 6
      vertex 8.61113 0.914616 6
      vertex 8.69783 0.850311 6
    endloop
  endfacet
  facet normal 0 0 1
    outer loop
      vertex 10.4815 0.970113 6
      vertex 8.51854 0.970113 6
      vertex 8.61113 0.914616 6
    endloop
  endfacet
  facet normal 0 0 1
    outer loop
      vertex 10.579 1.01627 6
      vertex 8.42095 1.01627 6
      vertex 8.51854 0.970113 6
    endloop
  endfacet
  facet normal 0 0 1
    outer loop
      vertex 10.6807 1.05263 6
      vertex 8.31931 1.05263 6
      vertex 8.42095 1.01627 6
    endloop
  endfacet
  facet normal 0 0 1
    outer loop
      vertex 10.7854 1.07886 6
      vertex 8.2146 1.07886 6
      vertex 8.31931 1.05263 6
    endloop
  endfacet
  facet normal 0 0 1
    outer loop
      vertex 8.2146 1.07886 6
      vertex 0 11 6
      vertex 8.10782 1.0947 6
    endloop
  endfacet
  facet normal 0 0 1
    outer loop
      vertex 8.10782 1.0947 6
      vertex 0 11 6
      vertex 8 1.1 6
    endloop
  endfacet
  facet normal 0 0 1
    outer loop
      vertex 6.9053 0.107819 6
      vertex 6.1 0 6
      vertex 6.9 0 6
    endloop
  endfacet
  facet normal 0 0 1
    outer loop
      vertex 6.0947 0.107819 6
      vertex 6.9053 0.107819 6
      vertex 6.92114 0.214599 6
    endloop
  endfacet
  facet normal 0 0 1
    outer loop
      vertex 6.07886 0.214599 6
      vertex 6.92114 0.214599 6
      vertex 6.94736 0.319313 6
    endloop
  endfacet
  facet normal 0 0 1
    outer loop
      vertex 6.05263 0.319313 6
      vertex 6.94736 0.319313 6
      vertex 6.98373 0.420951 6
    endloop
  endfacet
  facet normal 0 0 1
    outer loop
      vertex 6.01627 0.420951 6
      vertex 6.98373 0.420951 6
      vertex 7.02989 0.518536 6
    endloop
  endfacet
  facet normal 0 0 1
    outer loop
      vertex 5.97011 0.518536 6
      vertex 7.02989 0.518536 6
      vertex 7.08538 0.611127 6
    endloop
  endfacet
  facet normal 0 0 1
    outer loop
      vertex 5.91462 0.611127 6
      vertex 7.08538 0.611127 6
      vertex 7.14969 0.697832 6
    endloop
  endfacet
  facet normal 0 0 1
    outer loop
      vertex 5.85031 0.697832 6
      vertex 7.14969 0.697832 6
      vertex 7.22218 0.777817 6
    endloop
  endfacet
  facet normal 0 0 1
    outer loop
      vertex 5.77782 0.777817 6
      vertex 7.22218 0.777817 6
      vertex 7.30217 0.850311 6
    endloop
  endfacet
  facet normal 0 0 1
    outer loop
      vertex 5.69783 0.850311 6
      vertex 7.30217 0.850311 6
      vertex 7.38887 0.914616 6
    endloop
  endfacet
  facet normal 0 0 1
    outer loop
      vertex 6.9053 0.107819 6
      vertex 6.0947 0.107819 6
      vertex 6.1 0 6
    endloop
  endfacet
  facet normal 0 0 1
    outer loop
      vertex 6.92114 0.214599 6
      vertex 6.07886 0.214599 6
      vertex 6.0947 0.107819 6
    endloop
  endfacet
  facet normal 0 0 1
    outer loop
      vertex 5.61113 0.914616 6
      vertex 7.38887 0.914616 6
      vertex 7.48146 0.970113 6
    endloop
  endfacet
  facet normal 0 0 1
    outer loop
      vertex 6.94736 0.319313 6
      vertex 6.05263 0.319313 6
      vertex 6.07886 0.214599 6
    endloop
  endfacet
  facet normal 0 0 1
    outer loop
      vertex 5.51854 0.970113 6
      vertex 7.48146 0.970113 6
      vertex 7.57905 1.01627 6
    endloop
  endfacet
  facet normal 0 0 1
    outer loop
      vertex 6.98373 0.420951 6
      vertex 6.01627 0.420951 6
      vertex 6.05263 0.319313 6
    endloop
  endfacet
  facet normal 0 0 1
    outer loop
      vertex 7.02989 0.518536 6
      vertex 5.97011 0.518536 6
      vertex 6.01627 0.420951 6
    endloop
  endfacet
  facet normal 0 0 1
    outer loop
      vertex 5.42095 1.01627 6
      vertex 7.57905 1.01627 6
      vertex 7.68069 1.05263 6
    endloop
  endfacet
  facet normal 0 0 1
    outer loop
      vertex 7.08538 0.611127 6
      vertex 5.91462 0.611127 6
      vertex 5.97011 0.518536 6
    endloop
  endfacet
  facet normal 0 0 1
    outer loop
      vertex 5.31931 1.05263 6
      vertex 7.68069 1.05263 6
      vertex 7.7854 1.07886 6
    endloop
  endfacet
  facet normal 0 0 1
    outer loop
      vertex 7.14969 0.697832 6
      vertex 5.85031 0.697832 6
      vertex 5.91462 0.611127 6
    endloop
  endfacet
  facet normal 0 0 1
    outer loop
      vertex 7.22218 0.777817 6
      vertex 5.77782 0.777817 6
      vertex 5.85031 0.697832 6
    endloop
  endfacet
  facet normal 0 0 1
    outer loop
      vertex 7.30217 0.850311 6
      vertex 5.69783 0.850311 6
      vertex 5.77782 0.777817 6
    endloop
  endfacet
  facet normal 0 0 1
    outer loop
      vertex 0 11 6
      vertex 7.7854 1.07886 6
      vertex 7.89218 1.0947 6
    endloop
  endfacet
  facet normal 0 0 1
    outer loop
      vertex 8 1.1 6
      vertex 0 11 6
      vertex 7.89218 1.0947 6
    endloop
  endfacet
  facet normal 0 0 1
    outer loop
      vertex 7.7854 1.07886 6
      vertex 0 11 6
      vertex 5.2146 1.07886 6
    endloop
  endfacet
  facet normal 0 0 1
    outer loop
      vertex 7.38887 0.914616 6
      vertex 5.61113 0.914616 6
      vertex 5.69783 0.850311 6
    endloop
  endfacet
  facet normal 0 0 1
    outer loop
      vertex 7.48146 0.970113 6
      vertex 5.51854 0.970113 6
      vertex 5.61113 0.914616 6
    endloop
  endfacet
  facet normal 0 0 1
    outer loop
      vertex 7.57905 1.01627 6
      vertex 5.42095 1.01627 6
      vertex 5.51854 0.970113 6
    endloop
  endfacet
  facet normal 0 0 1
    outer loop
      vertex 7.68069 1.05263 6
      vertex 5.31931 1.05263 6
      vertex 5.42095 1.01627 6
    endloop
  endfacet
  facet normal 0 0 1
    outer loop
      vertex 7.7854 1.07886 6
      vertex 5.2146 1.07886 6
      vertex 5.31931 1.05263 6
    endloop
  endfacet
  facet normal 0 0 1
    outer loop
      vertex 5.2146 1.07886 6
      vertex 0 11 6
      vertex 5.10782 1.0947 6
    endloop
  endfacet
  facet normal 0 0 1
    outer loop
      vertex 5.10782 1.0947 6
      vertex 0 11 6
      vertex 5 1.1 6
    endloop
  endfacet
  facet normal 0 0 1
    outer loop
      vertex 3.9053 0.107819 6
      vertex 1.5 0 6
      vertex 3.9 0 6
    endloop
  endfacet
  facet normal -0 0 1
    outer loop
      vertex 1.49278 0.147025 6
      vertex 3.9053 0.107819 6
      vertex 3.92114 0.214599 6
    endloop
  endfacet
  facet normal -0 0 1
    outer loop
      vertex 1.47118 0.292635 6
      vertex 3.92114 0.214599 6
      vertex 3.94736 0.319313 6
    endloop
  endfacet
  facet normal 0 0 1
    outer loop
      vertex 1.43541 0.435427 6
      vertex 3.94736 0.319313 6
      vertex 3.98373 0.420951 6
    endloop
  endfacet
  facet normal 0 0 1
    outer loop
      vertex 1.38582 0.574024 6
      vertex 3.98373 0.420951 6
      vertex 4.02989 0.518536 6
    endloop
  endfacet
  facet normal 0 0 1
    outer loop
      vertex 1.32288 0.707094 6
      vertex 4.02989 0.518536 6
      vertex 4.08538 0.611127 6
    endloop
  endfacet
  facet normal 0 0 1
    outer loop
      vertex 1.2472 0.833355 6
      vertex 4.08538 0.611127 6
      vertex 4.14969 0.697832 6
    endloop
  endfacet
  facet normal 0 0 1
    outer loop
      vertex 1.2472 0.833355 6
      vertex 4.14969 0.697832 6
      vertex 4.22218 0.777817 6
    endloop
  endfacet
  facet normal 0 0 1
    outer loop
      vertex 1.15952 0.95159 6
      vertex 4.22218 0.777817 6
      vertex 4.30217 0.850311 6
    endloop
  endfacet
  facet normal 0 0 1
    outer loop
      vertex 1.06066 1.06066 6
      vertex 4.30217 0.850311 6
      vertex 4.38887 0.914616 6
    endloop
  endfacet
  facet normal 0 0 1
    outer loop
      vertex 0.95159 1.15952 6
      vertex 4.38887 0.914616 6
      vertex 4.48146 0.970113 6
    endloop
  endfacet
  facet normal 0 0 1
    outer loop
      vertex 0.833355 1.2472 6
      vertex 4.48146 0.970113 6
      vertex 4.57905 1.01627 6
    endloop
  endfacet
  facet normal 0 0 1
    outer loop
      vertex 0.707094 1.32288 6
      vertex 4.57905 1.01627 6
      vertex 4.68069 1.05263 6
    endloop
  endfacet
  facet normal 0 0 1
    outer loop
      vertex 3.9053 0.107819 6
      vertex 1.49278 0.147025 6
      vertex 1.5 0 6
    endloop
  endfacet
  facet normal 0 0 1
    outer loop
      vertex 3.92114 0.214599 6
      vertex 1.47118 0.292635 6
      vertex 1.49278 0.147025 6
    endloop
  endfacet
  facet normal 0 0 1
    outer loop
      vertex 0 11 6
      vertex 4.68069 1.05263 6
      vertex 4.7854 1.07886 6
    endloop
  endfacet
  facet normal 0 0 1
    outer loop
      vertex 3.94736 0.319313 6
      vertex 1.43541 0.435427 6
      vertex 1.47118 0.292635 6
    endloop
  endfacet
  facet normal 0 0 1
    outer loop
      vertex 3.98373 0.420951 6
      vertex 1.38582 0.574024 6
      vertex 1.43541 0.435427 6
    endloop
  endfacet
  facet normal 0 0 1
    outer loop
      vertex 4.02989 0.518536 6
      vertex 1.32288 0.707094 6
      vertex 1.38582 0.574024 6
    endloop
  endfacet
  facet normal 0 0 1
    outer loop
      vertex 0 11 6
      vertex 4.7854 1.07886 6
      vertex 4.89218 1.0947 6
    endloop
  endfacet
  facet normal 0 0 1
    outer loop
      vertex 5 1.1 6
      vertex 0 11 6
      vertex 4.89218 1.0947 6
    endloop
  endfacet
  facet normal 0 0 1
    outer loop
      vertex 4.68069 1.05263 6
      vertex 0 11 6
      vertex 0.707094 1.32288 6
    endloop
  endfacet
  facet normal 0 0 1
    outer loop
      vertex 4.08538 0.611127 6
      vertex 1.2472 0.833355 6
      vertex 1.32288 0.707094 6
    endloop
  endfacet
  facet normal 0 0 1
    outer loop
      vertex 4.22218 0.777817 6
      vertex 1.15952 0.95159 6
      vertex 1.2472 0.833355 6
    endloop
  endfacet
  facet normal 0 0 1
    outer loop
      vertex 4.30217 0.850311 6
      vertex 1.06066 1.06066 6
      vertex 1.15952 0.95159 6
    endloop
  endfacet
  facet normal 0 0 1
    outer loop
      vertex 4.38887 0.914616 6
      vertex 0.95159 1.15952 6
      vertex 1.06066 1.06066 6
    endloop
  endfacet
  facet normal 0 0 1
    outer loop
      vertex 4.48146 0.970113 6
      vertex 0.833355 1.2472 6
      vertex 0.95159 1.15952 6
    endloop
  endfacet
  facet normal 0 0 1
    outer loop
      vertex 4.57905 1.01627 6
      vertex 0.707094 1.32288 6
      vertex 0.833355 1.2472 6
    endloop
  endfacet
  facet normal 0 0 1
    outer loop
      vertex 0.707094 1.32288 6
      vertex 0 11 6
      vertex 0.574024 1.38582 6
    endloop
  endfacet
  facet normal 0 0 1
    outer loop
      vertex 0.574024 1.38582 6
      vertex 0 11 6
      vertex 0.435427 1.43541 6
    endloop
  endfacet
  facet normal 0 0 1
    outer loop
      vertex 0.435427 1.43541 6
      vertex 0 11 6
      vertex 0.292635 1.47118 6
    endloop
  endfacet
  facet normal 0 0 1
    outer loop
      vertex 0.292635 1.47118 6
      vertex 0 11 6
      vertex 0.147025 1.49278 6
    endloop
  endfacet
  facet normal 0 0 1
    outer loop
      vertex 0 11 6
      vertex 0 1.5 6
      vertex 0.147025 1.49278 6
    endloop
  endfacet
  facet normal 0 0 1
    outer loop
      vertex 0 11 6
      vertex -0.147025 1.49278 6
      vertex 0 1.5 6
    endloop
  endfacet
  facet normal -0 0 1
    outer loop
      vertex -1.07819 10.947 6
      vertex -0.147025 1.49278 6
      vertex 0 11 6
    endloop
  endfacet
  facet normal 0 0 1
    outer loop
      vertex -0.147025 1.49278 6
      vertex -1.07819 10.947 6
      vertex -0.292635 1.47118 6
    endloop
  endfacet
  facet normal -0 0 1
    outer loop
      vertex -2.14599 10.7886 6
      vertex -0.292635 1.47118 6
      vertex -1.07819 10.947 6
    endloop
  endfacet
  facet normal 0 0 1
    outer loop
      vertex -0.292635 1.47118 6
      vertex -2.14599 10.7886 6
      vertex -0.435427 1.43541 6
    endloop
  endfacet
  facet normal -0 0 1
    outer loop
      vertex -3.19313 10.5263 6
      vertex -0.435427 1.43541 6
      vertex -2.14599 10.7886 6
    endloop
  endfacet
  facet normal 0 0 1
    outer loop
      vertex -0.435427 1.43541 6
      vertex -3.19313 10.5263 6
      vertex -0.574024 1.38582 6
    endloop
  endfacet
  facet normal -0 0 1
    outer loop
      vertex -4.20952 10.1627 6
      vertex -0.574024 1.38582 6
      vertex -3.19313 10.5263 6
    endloop
  endfacet
  facet normal 0 0 1
    outer loop
      vertex -0.574024 1.38582 6
      vertex -4.20952 10.1627 6
      vertex -0.707094 1.32288 6
    endloop
  endfacet
  facet normal -0 0 1
    outer loop
      vertex -5.18536 9.70113 6
      vertex -0.707094 1.32288 6
      vertex -4.20952 10.1627 6
    endloop
  endfacet
  facet normal 0 -0 1
    outer loop
      vertex -4.57905 1.01627 6
      vertex -0.707094 1.32288 6
      vertex -5.18536 9.70113 6
    endloop
  endfacet
  facet normal 0 0 1
    outer loop
      vertex -0.707094 1.32288 6
      vertex -4.57905 1.01627 6
      vertex -0.833355 1.2472 6
    endloop
  endfacet
  facet normal 0 -0 1
    outer loop
      vertex -4.48146 0.970113 6
      vertex -0.833355 1.2472 6
      vertex -4.57905 1.01627 6
    endloop
  endfacet
  facet normal 0 0 1
    outer loop
      vertex -0.833355 1.2472 6
      vertex -4.48146 0.970113 6
      vertex -0.95159 1.15952 6
    endloop
  endfacet
  facet normal 0 0 1
    outer loop
      vertex -0.95159 1.15952 6
      vertex -4.38887 0.914616 6
      vertex -1.06066 1.06066 6
    endloop
  endfacet
  facet normal 0 -0 1
    outer loop
      vertex -4.30217 0.850311 6
      vertex -1.06066 1.06066 6
      vertex -4.38887 0.914616 6
    endloop
  endfacet
  facet normal 0 -0 1
    outer loop
      vertex -4.22218 0.777817 6
      vertex -1.15952 0.95159 6
      vertex -4.30217 0.850311 6
    endloop
  endfacet
  facet normal 0 -0 1
    outer loop
      vertex -4.14969 0.697832 6
      vertex -1.2472 0.833355 6
      vertex -4.22218 0.777817 6
    endloop
  endfacet
  facet normal -0 0 1
    outer loop
      vertex 15.0947 -0.107819 6
      vertex 60 -8.27273 6
      vertex 15.1 0 6
    endloop
  endfacet
  facet normal -0 0 1
    outer loop
      vertex 15.0789 -0.214599 6
      vertex 60 -8.27273 6
      vertex 15.0947 -0.107819 6
    endloop
  endfacet
  facet normal -0 0 1
    outer loop
      vertex 15.0526 -0.319313 6
      vertex 60 -8.27273 6
      vertex 15.0789 -0.214599 6
    endloop
  endfacet
  facet normal -0 0 1
    outer loop
      vertex 15.0163 -0.420951 6
      vertex 60 -8.27273 6
      vertex 15.0526 -0.319313 6
    endloop
  endfacet
  facet normal -0 0 1
    outer loop
      vertex 14.9701 -0.518536 6
      vertex 60 -8.27273 6
      vertex 15.0163 -0.420951 6
    endloop
  endfacet
  facet normal -0 0 1
    outer loop
      vertex 14.9146 -0.611127 6
      vertex 60 -8.27273 6
      vertex 14.9701 -0.518536 6
    endloop
  endfacet
  facet normal -0 0 1
    outer loop
      vertex 14.8503 -0.697832 6
      vertex 60 -8.27273 6
      vertex 14.9146 -0.611127 6
    endloop
  endfacet
  facet normal -0 0 1
    outer loop
      vertex 14.7778 -0.777817 6
      vertex 60 -8.27273 6
      vertex 14.8503 -0.697832 6
    endloop
  endfacet
  facet normal -0 0 1
    outer loop
      vertex 14.6978 -0.850311 6
      vertex 60 -8.27273 6
      vertex 14.7778 -0.777817 6
    endloop
  endfacet
  facet normal -0 0 1
    outer loop
      vertex 14.6111 -0.914616 6
      vertex 60 -8.27273 6
      vertex 14.6978 -0.850311 6
    endloop
  endfacet
  facet normal -0 0 1
    outer loop
      vertex 14.5185 -0.970113 6
      vertex 60 -8.27273 6
      vertex 14.6111 -0.914616 6
    endloop
  endfacet
  facet normal -0 0 1
    outer loop
      vertex 14.421 -1.01627 6
      vertex 60 -8.27273 6
      vertex 14.5185 -0.970113 6
    endloop
  endfacet
  facet normal 0 0 1
    outer loop
      vertex 0 -11 6
      vertex 14.421 -1.01627 6
      vertex 14.3193 -1.05263 6
    endloop
  endfacet
  facet normal 0 0 1
    outer loop
      vertex 0 -11 6
      vertex 14.3193 -1.05263 6
      vertex 14.2146 -1.07886 6
    endloop
  endfacet
  facet normal 0 0 1
    outer loop
      vertex 0 -11 6
      vertex 14.2146 -1.07886 6
      vertex 14.1078 -1.0947 6
    endloop
  endfacet
  facet normal 0 0 1
    outer loop
      vertex 0 -11 6
      vertex 14.1078 -1.0947 6
      vertex 14 -1.1 6
    endloop
  endfacet
  facet normal 0 0 1
    outer loop
      vertex 0 -11 6
      vertex 14 -1.1 6
      vertex 13.8922 -1.0947 6
    endloop
  endfacet
  facet normal 0 0 1
    outer loop
      vertex 11.1078 -1.0947 6
      vertex 13.8922 -1.0947 6
      vertex 13.7854 -1.07886 6
    endloop
  endfacet
  facet normal -0 0 1
    outer loop
      vertex 12.1 0 6
      vertex 12.9053 -0.107819 6
      vertex 12.9 0 6
    endloop
  endfacet
  facet normal 0 0 1
    outer loop
      vertex 12.0947 -0.107819 6
      vertex 12.9053 -0.107819 6
      vertex 12.1 0 6
    endloop
  endfacet
  facet normal 0 0 1
    outer loop
      vertex 12.9053 -0.107819 6
      vertex 12.0947 -0.107819 6
      vertex 12.9211 -0.214599 6
    endloop
  endfacet
  facet normal 0 0 1
    outer loop
      vertex 12.0789 -0.214599 6
      vertex 12.9211 -0.214599 6
      vertex 12.0947 -0.107819 6
    endloop
  endfacet
  facet normal 0 0 1
    outer loop
      vertex 12.9211 -0.214599 6
      vertex 12.0789 -0.214599 6
      vertex 12.9474 -0.319313 6
    endloop
  endfacet
  facet normal 0 0 1
    outer loop
      vertex 12.0526 -0.319313 6
      vertex 12.9474 -0.319313 6
      vertex 12.0789 -0.214599 6
    endloop
  endfacet
  facet normal 0 0 1
    outer loop
      vertex 12.9474 -0.319313 6
      vertex 12.0526 -0.319313 6
      vertex 12.9837 -0.420951 6
    endloop
  endfacet
  facet normal 0 0 1
    outer loop
      vertex 12.0163 -0.420951 6
      vertex 12.9837 -0.420951 6
      vertex 12.0526 -0.319313 6
    endloop
  endfacet
  facet normal 0 0 1
    outer loop
      vertex 12.9837 -0.420951 6
      vertex 12.0163 -0.420951 6
      vertex 13.0299 -0.518536 6
    endloop
  endfacet
  facet normal 0 0 1
    outer loop
      vertex 11.9701 -0.518536 6
      vertex 13.0299 -0.518536 6
      vertex 12.0163 -0.420951 6
    endloop
  endfacet
  facet normal 0 0 1
    outer loop
      vertex 13.0299 -0.518536 6
      vertex 11.9701 -0.518536 6
      vertex 13.0854 -0.611127 6
    endloop
  endfacet
  facet normal 0 0 1
    outer loop
      vertex 11.9146 -0.611127 6
      vertex 13.0854 -0.611127 6
      vertex 11.9701 -0.518536 6
    endloop
  endfacet
  facet normal 0 0 1
    outer loop
      vertex 13.0854 -0.611127 6
      vertex 11.9146 -0.611127 6
      vertex 13.1497 -0.697832 6
    endloop
  endfacet
  facet normal 0 0 1
    outer loop
      vertex 11.8503 -0.697832 6
      vertex 13.1497 -0.697832 6
      vertex 11.9146 -0.611127 6
    endloop
  endfacet
  facet normal 0 0 1
    outer loop
      vertex 13.1497 -0.697832 6
      vertex 11.8503 -0.697832 6
      vertex 13.2222 -0.777817 6
    endloop
  endfacet
  facet normal 0 0 1
    outer loop
      vertex 11.7778 -0.777817 6
      vertex 13.2222 -0.777817 6
      vertex 11.8503 -0.697832 6
    endloop
  endfacet
  facet normal 0 0 1
    outer loop
      vertex 13.2222 -0.777817 6
      vertex 11.7778 -0.777817 6
      vertex 13.3022 -0.850311 6
    endloop
  endfacet
  facet normal 0 0 1
    outer loop
      vertex 11.6978 -0.850311 6
      vertex 13.3022 -0.850311 6
      vertex 11.7778 -0.777817 6
    endloop
  endfacet
  facet normal 0 0 1
    outer loop
      vertex 13.3022 -0.850311 6
      vertex 11.6978 -0.850311 6
      vertex 13.3889 -0.914616 6
    endloop
  endfacet
  facet normal 0 0 1
    outer loop
      vertex 11.6111 -0.914616 6
      vertex 13.3889 -0.914616 6
      vertex 11.6978 -0.850311 6
    endloop
  endfacet
  facet normal 0 0 1
    outer loop
      vertex 13.3889 -0.914616 6
      vertex 11.6111 -0.914616 6
      vertex 13.4815 -0.970113 6
    endloop
  endfacet
  facet normal 0 0 1
    outer loop
      vertex 11.5185 -0.970113 6
      vertex 13.4815 -0.970113 6
      vertex 11.6111 -0.914616 6
    endloop
  endfacet
  facet normal 0 0 1
    outer loop
      vertex 13.4815 -0.970113 6
      vertex 11.5185 -0.970113 6
      vertex 13.579 -1.01627 6
    endloop
  endfacet
  facet normal 0 0 1
    outer loop
      vertex 11.421 -1.01627 6
      vertex 13.579 -1.01627 6
      vertex 11.5185 -0.970113 6
    endloop
  endfacet
  facet normal 0 0 1
    outer loop
      vertex 13.579 -1.01627 6
      vertex 11.421 -1.01627 6
      vertex 13.6807 -1.05263 6
    endloop
  endfacet
  facet normal 0 0 1
    outer loop
      vertex 11.3193 -1.05263 6
      vertex 13.6807 -1.05263 6
      vertex 11.421 -1.01627 6
    endloop
  endfacet
  facet normal 0 0 1
    outer loop
      vertex 13.6807 -1.05263 6
      vertex 11.3193 -1.05263 6
      vertex 13.7854 -1.07886 6
    endloop
  endfacet
  facet normal 0 0 1
    outer loop
      vertex 11.2146 -1.07886 6
      vertex 13.7854 -1.07886 6
      vertex 11.3193 -1.05263 6
    endloop
  endfacet
  facet normal 0 0 1
    outer loop
      vertex 11.1078 -1.0947 6
      vertex 13.7854 -1.07886 6
      vertex 11.2146 -1.07886 6
    endloop
  endfacet
  facet normal 0 0 1
    outer loop
      vertex 13.8922 -1.0947 6
      vertex 11.1078 -1.0947 6
      vertex 0 -11 6
    endloop
  endfacet
  facet normal 0 0 1
    outer loop
      vertex 0 -11 6
      vertex 11.1078 -1.0947 6
      vertex 11 -1.1 6
    endloop
  endfacet
  facet normal 0 0 1
    outer loop
      vertex 0 -11 6
      vertex 11 -1.1 6
      vertex 10.8922 -1.0947 6
    endloop
  endfacet
  facet normal -0 0 1
    outer loop
      vertex 9.1 0 6
      vertex 9.9053 -0.107819 6
      vertex 9.9 0 6
    endloop
  endfacet
  facet normal 0 0 1
    outer loop
      vertex 9.0947 -0.107819 6
      vertex 9.9053 -0.107819 6
      vertex 9.1 0 6
    endloop
  endfacet
  facet normal 0 0 1
    outer loop
      vertex 9.9053 -0.107819 6
      vertex 9.0947 -0.107819 6
      vertex 9.92114 -0.214599 6
    endloop
  endfacet
  facet normal 0 0 1
    outer loop
      vertex 9.07886 -0.214599 6
      vertex 9.92114 -0.214599 6
      vertex 9.0947 -0.107819 6
    endloop
  endfacet
  facet normal 0 0 1
    outer loop
      vertex 9.92114 -0.214599 6
      vertex 9.07886 -0.214599 6
      vertex 9.94736 -0.319313 6
    endloop
  endfacet
  facet normal 0 0 1
    outer loop
      vertex 9.05263 -0.319313 6
      vertex 9.94736 -0.319313 6
      vertex 9.07886 -0.214599 6
    endloop
  endfacet
  facet normal 0 0 1
    outer loop
      vertex 9.94736 -0.319313 6
      vertex 9.05263 -0.319313 6
      vertex 9.98373 -0.420951 6
    endloop
  endfacet
  facet normal 0 0 1
    outer loop
      vertex 9.01627 -0.420951 6
      vertex 9.98373 -0.420951 6
      vertex 9.05263 -0.319313 6
    endloop
  endfacet
  facet normal 0 0 1
    outer loop
      vertex 9.98373 -0.420951 6
      vertex 9.01627 -0.420951 6
      vertex 10.0299 -0.518536 6
    endloop
  endfacet
  facet normal 0 0 1
    outer loop
      vertex 8.97011 -0.518536 6
      vertex 10.0299 -0.518536 6
      vertex 9.01627 -0.420951 6
    endloop
  endfacet
  facet normal 0 0 1
    outer loop
      vertex 10.0299 -0.518536 6
      vertex 8.97011 -0.518536 6
      vertex 10.0854 -0.611127 6
    endloop
  endfacet
  facet normal 0 0 1
    outer loop
      vertex 8.91462 -0.611127 6
      vertex 10.0854 -0.611127 6
      vertex 8.97011 -0.518536 6
    endloop
  endfacet
  facet normal 0 0 1
    outer loop
      vertex 10.0854 -0.611127 6
      vertex 8.91462 -0.611127 6
      vertex 10.1497 -0.697832 6
    endloop
  endfacet
  facet normal 0 0 1
    outer loop
      vertex 8.85031 -0.697832 6
      vertex 10.1497 -0.697832 6
      vertex 8.91462 -0.611127 6
    endloop
  endfacet
  facet normal 0 0 1
    outer loop
      vertex 10.1497 -0.697832 6
      vertex 8.85031 -0.697832 6
      vertex 10.2222 -0.777817 6
    endloop
  endfacet
  facet normal 0 0 1
    outer loop
      vertex 8.77782 -0.777817 6
      vertex 10.2222 -0.777817 6
      vertex 8.85031 -0.697832 6
    endloop
  endfacet
  facet normal 0 0 1
    outer loop
      vertex 10.2222 -0.777817 6
      vertex 8.77782 -0.777817 6
      vertex 10.3022 -0.850311 6
    endloop
  endfacet
  facet normal 0 0 1
    outer loop
      vertex 8.69783 -0.850311 6
      vertex 10.3022 -0.850311 6
      vertex 8.77782 -0.777817 6
    endloop
  endfacet
  facet normal 0 0 1
    outer loop
      vertex 10.3022 -0.850311 6
      vertex 8.69783 -0.850311 6
      vertex 10.3889 -0.914616 6
    endloop
  endfacet
  facet normal 0 0 1
    outer loop
      vertex 8.61113 -0.914616 6
      vertex 10.3889 -0.914616 6
      vertex 8.69783 -0.850311 6
    endloop
  endfacet
  facet normal 0 0 1
    outer loop
      vertex 10.3889 -0.914616 6
      vertex 8.61113 -0.914616 6
      vertex 10.4815 -0.970113 6
    endloop
  endfacet
  facet normal 0 0 1
    outer loop
      vertex 8.51854 -0.970113 6
      vertex 10.4815 -0.970113 6
      vertex 8.61113 -0.914616 6
    endloop
  endfacet
  facet normal 0 0 1
    outer loop
      vertex 10.4815 -0.970113 6
      vertex 8.51854 -0.970113 6
      vertex 10.579 -1.01627 6
    endloop
  endfacet
  facet normal 0 0 1
    outer loop
      vertex 8.42095 -1.01627 6
      vertex 10.579 -1.01627 6
      vertex 8.51854 -0.970113 6
    endloop
  endfacet
  facet normal 0 0 1
    outer loop
      vertex 10.579 -1.01627 6
      vertex 8.42095 -1.01627 6
      vertex 10.6807 -1.05263 6
    endloop
  endfacet
  facet normal 0 0 1
    outer loop
      vertex 8.31931 -1.05263 6
      vertex 10.6807 -1.05263 6
      vertex 8.42095 -1.01627 6
    endloop
  endfacet
  facet normal 0 0 1
    outer loop
      vertex 10.6807 -1.05263 6
      vertex 8.31931 -1.05263 6
      vertex 10.7854 -1.07886 6
    endloop
  endfacet
  facet normal 0 0 1
    outer loop
      vertex 8.2146 -1.07886 6
      vertex 10.7854 -1.07886 6
      vertex 8.31931 -1.05263 6
    endloop
  endfacet
  facet normal 0 0 1
    outer loop
      vertex 10.7854 -1.07886 6
      vertex 8.2146 -1.07886 6
      vertex 10.8922 -1.0947 6
    endloop
  endfacet
  facet normal 0 0 1
    outer loop
      vertex 10.8922 -1.0947 6
      vertex 8.2146 -1.07886 6
      vertex 0 -11 6
    endloop
  endfacet
  facet normal 0 0 1
    outer loop
      vertex 0 -11 6
      vertex 8.2146 -1.07886 6
      vertex 8.10782 -1.0947 6
    endloop
  endfacet
  facet normal 0 0 1
    outer loop
      vertex 0 -11 6
      vertex 8.10782 -1.0947 6
      vertex 8 -1.1 6
    endloop
  endfacet
  facet normal 0 0 1
    outer loop
      vertex 0 -11 6
      vertex 8 -1.1 6
      vertex 7.89218 -1.0947 6
    endloop
  endfacet
  facet normal -0 0 1
    outer loop
      vertex 6.1 0 6
      vertex 6.9053 -0.107819 6
      vertex 6.9 0 6
    endloop
  endfacet
  facet normal 0 0 1
    outer loop
      vertex 6.0947 -0.107819 6
      vertex 6.9053 -0.107819 6
      vertex 6.1 0 6
    endloop
  endfacet
  facet normal 0 0 1
    outer loop
      vertex 6.9053 -0.107819 6
      vertex 6.0947 -0.107819 6
      vertex 6.92114 -0.214599 6
    endloop
  endfacet
  facet normal 0 0 1
    outer loop
      vertex 6.07886 -0.214599 6
      vertex 6.92114 -0.214599 6
      vertex 6.0947 -0.107819 6
    endloop
  endfacet
  facet normal 0 0 1
    outer loop
      vertex 6.92114 -0.214599 6
      vertex 6.07886 -0.214599 6
      vertex 6.94736 -0.319313 6
    endloop
  endfacet
  facet normal 0 0 1
    outer loop
      vertex 6.05263 -0.319313 6
      vertex 6.94736 -0.319313 6
      vertex 6.07886 -0.214599 6
    endloop
  endfacet
  facet normal 0 0 1
    outer loop
      vertex 6.94736 -0.319313 6
      vertex 6.05263 -0.319313 6
      vertex 6.98373 -0.420951 6
    endloop
  endfacet
  facet normal 0 0 1
    outer loop
      vertex 6.01627 -0.420951 6
      vertex 6.98373 -0.420951 6
      vertex 6.05263 -0.319313 6
    endloop
  endfacet
  facet normal 0 0 1
    outer loop
      vertex 6.98373 -0.420951 6
      vertex 6.01627 -0.420951 6
      vertex 7.02989 -0.518536 6
    endloop
  endfacet
  facet normal 0 0 1
    outer loop
      vertex 5.97011 -0.518536 6
      vertex 7.02989 -0.518536 6
      vertex 6.01627 -0.420951 6
    endloop
  endfacet
  facet normal 0 0 1
    outer loop
      vertex 7.02989 -0.518536 6
      vertex 5.97011 -0.518536 6
      vertex 7.08538 -0.611127 6
    endloop
  endfacet
  facet normal 0 0 1
    outer loop
      vertex 5.91462 -0.611127 6
      vertex 7.08538 -0.611127 6
      vertex 5.97011 -0.518536 6
    endloop
  endfacet
  facet normal 0 0 1
    outer loop
      vertex 7.08538 -0.611127 6
      vertex 5.91462 -0.611127 6
      vertex 7.14969 -0.697832 6
    endloop
  endfacet
  facet normal 0 0 1
    outer loop
      vertex 5.85031 -0.697832 6
      vertex 7.14969 -0.697832 6
      vertex 5.91462 -0.611127 6
    endloop
  endfacet
  facet normal 0 0 1
    outer loop
      vertex 7.14969 -0.697832 6
      vertex 5.85031 -0.697832 6
      vertex 7.22218 -0.777817 6
    endloop
  endfacet
  facet normal 0 0 1
    outer loop
      vertex 5.77782 -0.777817 6
      vertex 7.22218 -0.777817 6
      vertex 5.85031 -0.697832 6
    endloop
  endfacet
  facet normal 0 0 1
    outer loop
      vertex 7.22218 -0.777817 6
      vertex 5.77782 -0.777817 6
      vertex 7.30217 -0.850311 6
    endloop
  endfacet
  facet normal 0 0 1
    outer loop
      vertex 5.69783 -0.850311 6
      vertex 7.30217 -0.850311 6
      vertex 5.77782 -0.777817 6
    endloop
  endfacet
  facet normal 0 0 1
    outer loop
      vertex 7.30217 -0.850311 6
      vertex 5.69783 -0.850311 6
      vertex 7.38887 -0.914616 6
    endloop
  endfacet
  facet normal 0 0 1
    outer loop
      vertex 5.61113 -0.914616 6
      vertex 7.38887 -0.914616 6
      vertex 5.69783 -0.850311 6
    endloop
  endfacet
  facet normal 0 0 1
    outer loop
      vertex 7.38887 -0.914616 6
      vertex 5.61113 -0.914616 6
      vertex 7.48146 -0.970113 6
    endloop
  endfacet
  facet normal 0 0 1
    outer loop
      vertex 5.51854 -0.970113 6
      vertex 7.48146 -0.970113 6
      vertex 5.61113 -0.914616 6
    endloop
  endfacet
  facet normal 0 0 1
    outer loop
      vertex 7.48146 -0.970113 6
      vertex 5.51854 -0.970113 6
      vertex 7.57905 -1.01627 6
    endloop
  endfacet
  facet normal 0 0 1
    outer loop
      vertex 5.42095 -1.01627 6
      vertex 7.57905 -1.01627 6
      vertex 5.51854 -0.970113 6
    endloop
  endfacet
  facet normal 0 0 1
    outer loop
      vertex 7.57905 -1.01627 6
      vertex 5.42095 -1.01627 6
      vertex 7.68069 -1.05263 6
    endloop
  endfacet
  facet normal 0 0 1
    outer loop
      vertex 5.31931 -1.05263 6
      vertex 7.68069 -1.05263 6
      vertex 5.42095 -1.01627 6
    endloop
  endfacet
  facet normal 0 0 1
    outer loop
      vertex 7.68069 -1.05263 6
      vertex 5.31931 -1.05263 6
      vertex 7.7854 -1.07886 6
    endloop
  endfacet
  facet normal 0 0 1
    outer loop
      vertex 5.2146 -1.07886 6
      vertex 7.7854 -1.07886 6
      vertex 5.31931 -1.05263 6
    endloop
  endfacet
  facet normal 0 0 1
    outer loop
      vertex 0 -11 6
      vertex 7.7854 -1.07886 6
      vertex 5.2146 -1.07886 6
    endloop
  endfacet
  facet normal 0 0 1
    outer loop
      vertex 7.7854 -1.07886 6
      vertex 0 -11 6
      vertex 7.89218 -1.0947 6
    endloop
  endfacet
  facet normal 0 0 1
    outer loop
      vertex 0 -11 6
      vertex 5.2146 -1.07886 6
      vertex 5.10782 -1.0947 6
    endloop
  endfacet
  facet normal 0 0 1
    outer loop
      vertex 0 -11 6
      vertex 5.10782 -1.0947 6
      vertex 5 -1.1 6
    endloop
  endfacet
  facet normal 0 0 1
    outer loop
      vertex 0 -11 6
      vertex 5 -1.1 6
      vertex 4.89218 -1.0947 6
    endloop
  endfacet
  facet normal -0 0 1
    outer loop
      vertex 1.5 0 6
      vertex 3.9053 -0.107819 6
      vertex 3.9 0 6
    endloop
  endfacet
  facet normal 0 0 1
    outer loop
      vertex 1.49278 -0.147025 6
      vertex 3.9053 -0.107819 6
      vertex 1.5 0 6
    endloop
  endfacet
  facet normal 0 0 1
    outer loop
      vertex 3.9053 -0.107819 6
      vertex 1.49278 -0.147025 6
      vertex 3.92114 -0.214599 6
    endloop
  endfacet
  facet normal 0 0 1
    outer loop
      vertex 1.47118 -0.292635 6
      vertex 3.92114 -0.214599 6
      vertex 1.49278 -0.147025 6
    endloop
  endfacet
  facet normal 0 0 1
    outer loop
      vertex 3.92114 -0.214599 6
      vertex 1.47118 -0.292635 6
      vertex 3.94736 -0.319313 6
    endloop
  endfacet
  facet normal 0 0 1
    outer loop
      vertex 1.43541 -0.435427 6
      vertex 3.94736 -0.319313 6
      vertex 1.47118 -0.292635 6
    endloop
  endfacet
  facet normal 0 0 1
    outer loop
      vertex 3.94736 -0.319313 6
      vertex 1.43541 -0.435427 6
      vertex 3.98373 -0.420951 6
    endloop
  endfacet
  facet normal 0 0 1
    outer loop
      vertex 1.38582 -0.574024 6
      vertex 3.98373 -0.420951 6
      vertex 1.43541 -0.435427 6
    endloop
  endfacet
  facet normal 0 0 1
    outer loop
      vertex 3.98373 -0.420951 6
      vertex 1.38582 -0.574024 6
      vertex 4.02989 -0.518536 6
    endloop
  endfacet
  facet normal 0 0 1
    outer loop
      vertex 1.32288 -0.707094 6
      vertex 4.02989 -0.518536 6
      vertex 1.38582 -0.574024 6
    endloop
  endfacet
  facet normal 0 0 1
    outer loop
      vertex 4.02989 -0.518536 6
      vertex 1.32288 -0.707094 6
      vertex 4.08538 -0.611127 6
    endloop
  endfacet
  facet normal 0 0 1
    outer loop
      vertex 1.2472 -0.833355 6
      vertex 4.08538 -0.611127 6
      vertex 1.32288 -0.707094 6
    endloop
  endfacet
  facet normal 0 0 1
    outer loop
      vertex 4.08538 -0.611127 6
      vertex 1.2472 -0.833355 6
      vertex 4.14969 -0.697832 6
    endloop
  endfacet
  facet normal 0 0 1
    outer loop
      vertex 4.14969 -0.697832 6
      vertex 1.2472 -0.833355 6
      vertex 4.22218 -0.777817 6
    endloop
  endfacet
  facet normal 0 0 1
    outer loop
      vertex 1.15952 -0.95159 6
      vertex 4.22218 -0.777817 6
      vertex 1.2472 -0.833355 6
    endloop
  endfacet
  facet normal 0 0 1
    outer loop
      vertex 4.22218 -0.777817 6
      vertex 1.15952 -0.95159 6
      vertex 4.30217 -0.850311 6
    endloop
  endfacet
  facet normal 0 0 1
    outer loop
      vertex 1.06066 -1.06066 6
      vertex 4.30217 -0.850311 6
      vertex 1.15952 -0.95159 6
    endloop
  endfacet
  facet normal 0 0 1
    outer loop
      vertex 4.30217 -0.850311 6
      vertex 1.06066 -1.06066 6
      vertex 4.38887 -0.914616 6
    endloop
  endfacet
  facet normal 0 0 1
    outer loop
      vertex 0.95159 -1.15952 6
      vertex 4.38887 -0.914616 6
      vertex 1.06066 -1.06066 6
    endloop
  endfacet
  facet normal 0 0 1
    outer loop
      vertex 4.38887 -0.914616 6
      vertex 0.95159 -1.15952 6
      vertex 4.48146 -0.970113 6
    endloop
  endfacet
  facet normal 0 0 1
    outer loop
      vertex 0.833355 -1.2472 6
      vertex 4.48146 -0.970113 6
      vertex 0.95159 -1.15952 6
    endloop
  endfacet
  facet normal 0 0 1
    outer loop
      vertex 4.48146 -0.970113 6
      vertex 0.833355 -1.2472 6
      vertex 4.57905 -1.01627 6
    endloop
  endfacet
  facet normal 0 0 1
    outer loop
      vertex 0.707094 -1.32288 6
      vertex 4.57905 -1.01627 6
      vertex 0.833355 -1.2472 6
    endloop
  endfacet
  facet normal 0 0 1
    outer loop
      vertex 4.57905 -1.01627 6
      vertex 0.707094 -1.32288 6
      vertex 4.68069 -1.05263 6
    endloop
  endfacet
  facet normal 0 0 1
    outer loop
      vertex 0 -11 6
      vertex 4.68069 -1.05263 6
      vertex 0.707094 -1.32288 6
    endloop
  endfacet
  facet normal 0 0 1
    outer loop
      vertex 4.68069 -1.05263 6
      vertex 0 -11 6
      vertex 4.7854 -1.07886 6
    endloop
  endfacet
  facet normal 0 0 1
    outer loop
      vertex 4.7854 -1.07886 6
      vertex 0 -11 6
      vertex 4.89218 -1.0947 6
    endloop
  endfacet
  facet normal 0 0 1
    outer loop
      vertex 0 -11 6
      vertex 0.707094 -1.32288 6
      vertex 0.574024 -1.38582 6
    endloop
  endfacet
  facet normal 0 0 1
    outer loop
      vertex 0 -11 6
      vertex 0.574024 -1.38582 6
      vertex 0.435427 -1.43541 6
    endloop
  endfacet
  facet normal 0 0 1
    outer loop
      vertex 0 -11 6
      vertex 0.435427 -1.43541 6
      vertex 0.292635 -1.47118 6
    endloop
  endfacet
  facet normal 0 0 1
    outer loop
      vertex 0 -11 6
      vertex 0.292635 -1.47118 6
      vertex 0.147025 -1.49278 6
    endloop
  endfacet
  facet normal 0 0 1
    outer loop
      vertex 0 -11 6
      vertex 0.147025 -1.49278 6
      vertex 0 -1.5 6
    endloop
  endfacet
  facet normal 0 0 1
    outer loop
      vertex 14.421 -1.01627 6
      vertex 0 -11 6
      vertex 60 -8.27273 6
    endloop
  endfacet
  facet normal 0 0 1
    outer loop
      vertex -0.147025 -1.49278 6
      vertex 0 -11 6
      vertex 0 -1.5 6
    endloop
  endfacet
  facet normal 0 0 1
    outer loop
      vertex -1.07819 -10.947 6
      vertex -0.147025 -1.49278 6
      vertex -0.292635 -1.47118 6
    endloop
  endfacet
  facet normal 0 0 1
    outer loop
      vertex -2.14599 -10.7886 6
      vertex -0.292635 -1.47118 6
      vertex -0.435427 -1.43541 6
    endloop
  endfacet
  facet normal 0 0 1
    outer loop
      vertex -3.19313 -10.5263 6
      vertex -0.435427 -1.43541 6
      vertex -0.574024 -1.38582 6
    endloop
  endfacet
  facet normal 0 0 1
    outer loop
      vertex -3.19313 -10.5263 6
      vertex -0.574024 -1.38582 6
      vertex -0.707094 -1.32288 6
    endloop
  endfacet
  facet normal 0 0 1
    outer loop
      vertex -3.19313 -10.5263 6
      vertex -0.707094 -1.32288 6
      vertex -0.833355 -1.2472 6
    endloop
  endfacet
  facet normal 0 0 1
    outer loop
      vertex -3.19313 -10.5263 6
      vertex -0.833355 -1.2472 6
      vertex -0.95159 -1.15952 6
    endloop
  endfacet
  facet normal -0 0 1
    outer loop
      vertex -4.02989 -0.518536 6
      vertex -1.38582 -0.574024 6
      vertex -3.98373 -0.420951 6
    endloop
  endfacet
  facet normal 0 0 1
    outer loop
      vertex -0.147025 -1.49278 6
      vertex -1.07819 -10.947 6
      vertex 0 -11 6
    endloop
  endfacet
  facet normal 0 0 1
    outer loop
      vertex -1.43541 -0.435427 6
      vertex -3.98373 -0.420951 6
      vertex -1.38582 -0.574024 6
    endloop
  endfacet
  facet normal -0 0 1
    outer loop
      vertex -3.98373 -0.420951 6
      vertex -1.43541 -0.435427 6
      vertex -3.94736 -0.319313 6
    endloop
  endfacet
  facet normal 0 0 1
    outer loop
      vertex -1.47118 -0.292635 6
      vertex -3.94736 -0.319313 6
      vertex -1.43541 -0.435427 6
    endloop
  endfacet
  facet normal 0 0 1
    outer loop
      vertex -3.94736 -0.319313 6
      vertex -1.47118 -0.292635 6
      vertex -3.92114 -0.214599 6
    endloop
  endfacet
  facet normal 0 0 1
    outer loop
      vertex -1.49278 -0.147025 6
      vertex -3.92114 -0.214599 6
      vertex -1.47118 -0.292635 6
    endloop
  endfacet
  facet normal 0 0 1
    outer loop
      vertex -3.92114 -0.214599 6
      vertex -1.49278 -0.147025 6
      vertex -3.9053 -0.107819 6
    endloop
  endfacet
  facet normal 0 0 1
    outer loop
      vertex -1.5 0 6
      vertex -3.9053 -0.107819 6
      vertex -1.49278 -0.147025 6
    endloop
  endfacet
  facet normal 0 0 1
    outer loop
      vertex -3.9053 -0.107819 6
      vertex -1.5 0 6
      vertex -3.9 0 6
    endloop
  endfacet
  facet normal 0 -0 1
    outer loop
      vertex -4.02989 0.518536 6
      vertex -1.32288 0.707094 6
      vertex -4.08538 0.611127 6
    endloop
  endfacet
  facet normal 0 0 1
    outer loop
      vertex -1.38582 -0.574024 6
      vertex -4.02989 -0.518536 6
      vertex -1.32288 -0.707094 6
    endloop
  endfacet
  facet normal 0 0 1
    outer loop
      vertex -1.2472 0.833355 6
      vertex -4.08538 0.611127 6
      vertex -1.32288 0.707094 6
    endloop
  endfacet
  facet normal 0 0 1
    outer loop
      vertex -0.292635 -1.47118 6
      vertex -2.14599 -10.7886 6
      vertex -1.07819 -10.947 6
    endloop
  endfacet
  facet normal 0 0 1
    outer loop
      vertex -0.435427 -1.43541 6
      vertex -3.19313 -10.5263 6
      vertex -2.14599 -10.7886 6
    endloop
  endfacet
  facet normal 0 0 1
    outer loop
      vertex -1.5 0 6
      vertex -3.9053 0.107819 6
      vertex -3.9 0 6
    endloop
  endfacet
  facet normal 0 0 1
    outer loop
      vertex -1.49278 0.147025 6
      vertex -3.9053 0.107819 6
      vertex -1.5 0 6
    endloop
  endfacet
  facet normal 0 -0 1
    outer loop
      vertex -3.9053 0.107819 6
      vertex -1.49278 0.147025 6
      vertex -3.92114 0.214599 6
    endloop
  endfacet
  facet normal 0 0 1
    outer loop
      vertex -1.47118 0.292635 6
      vertex -3.92114 0.214599 6
      vertex -1.49278 0.147025 6
    endloop
  endfacet
  facet normal 0 -0 1
    outer loop
      vertex -3.92114 0.214599 6
      vertex -1.47118 0.292635 6
      vertex -3.94736 0.319313 6
    endloop
  endfacet
  facet normal 0 0 1
    outer loop
      vertex -1.43541 0.435427 6
      vertex -3.94736 0.319313 6
      vertex -1.47118 0.292635 6
    endloop
  endfacet
  facet normal 0 -0 1
    outer loop
      vertex -3.94736 0.319313 6
      vertex -1.43541 0.435427 6
      vertex -3.98373 0.420951 6
    endloop
  endfacet
  facet normal 0 0 1
    outer loop
      vertex -1.15952 0.95159 6
      vertex -4.22218 0.777817 6
      vertex -1.2472 0.833355 6
    endloop
  endfacet
  facet normal 0 0 1
    outer loop
      vertex -1.38582 0.574024 6
      vertex -3.98373 0.420951 6
      vertex -1.43541 0.435427 6
    endloop
  endfacet
  facet normal 0 -0 1
    outer loop
      vertex -3.98373 0.420951 6
      vertex -1.38582 0.574024 6
      vertex -4.02989 0.518536 6
    endloop
  endfacet
  facet normal 0 0 1
    outer loop
      vertex -1.32288 0.707094 6
      vertex -4.02989 0.518536 6
      vertex -1.38582 0.574024 6
    endloop
  endfacet
  facet normal 0 -0 1
    outer loop
      vertex -4.08538 0.611127 6
      vertex -1.2472 0.833355 6
      vertex -4.14969 0.697832 6
    endloop
  endfacet
  facet normal 0 0 1
    outer loop
      vertex -1.06066 1.06066 6
      vertex -4.30217 0.850311 6
      vertex -1.15952 0.95159 6
    endloop
  endfacet
  facet normal 0 -0 1
    outer loop
      vertex -4.38887 0.914616 6
      vertex -0.95159 1.15952 6
      vertex -4.48146 0.970113 6
    endloop
  endfacet
  facet normal 0 0 1
    outer loop
      vertex -4.57905 1.01627 6
      vertex -5.18536 9.70113 6
      vertex -4.68069 1.05263 6
    endloop
  endfacet
  facet normal -0 0 1
    outer loop
      vertex -6.11127 9.14616 6
      vertex -4.68069 1.05263 6
      vertex -5.18536 9.70113 6
    endloop
  endfacet
  facet normal 0 0 1
    outer loop
      vertex -4.68069 1.05263 6
      vertex -6.11127 9.14616 6
      vertex -4.7854 1.07886 6
    endloop
  endfacet
  facet normal -0 0 1
    outer loop
      vertex -6.97833 8.50311 6
      vertex -4.7854 1.07886 6
      vertex -6.11127 9.14616 6
    endloop
  endfacet
  facet normal 0 0 1
    outer loop
      vertex -4.7854 1.07886 6
      vertex -6.97833 8.50311 6
      vertex -4.89218 1.0947 6
    endloop
  endfacet
  facet normal -0 0 1
    outer loop
      vertex -7.77817 7.77817 6
      vertex -4.89218 1.0947 6
      vertex -6.97833 8.50311 6
    endloop
  endfacet
  facet normal 0 0 1
    outer loop
      vertex -4.89218 1.0947 6
      vertex -7.77817 7.77817 6
      vertex -5 1.1 6
    endloop
  endfacet
  facet normal 0 0 1
    outer loop
      vertex -5 1.1 6
      vertex -7.77817 7.77817 6
      vertex -5.10782 1.0947 6
    endloop
  endfacet
  facet normal 0 0 1
    outer loop
      vertex -5.10782 1.0947 6
      vertex -7.77817 7.77817 6
      vertex -5.2146 1.07886 6
    endloop
  endfacet
  facet normal 0 0 1
    outer loop
      vertex -5.2146 1.07886 6
      vertex -7.77817 7.77817 6
      vertex -5.31931 1.05263 6
    endloop
  endfacet
  facet normal 0 0 1
    outer loop
      vertex -5.31931 1.05263 6
      vertex -7.77817 7.77817 6
      vertex -5.42095 1.01627 6
    endloop
  endfacet
  facet normal 0 -0 1
    outer loop
      vertex -7.30217 0.850311 6
      vertex -5.42095 1.01627 6
      vertex -7.77817 7.77817 6
    endloop
  endfacet
  facet normal 0 0 1
    outer loop
      vertex -5.42095 1.01627 6
      vertex -7.30217 0.850311 6
      vertex -5.51854 0.970113 6
    endloop
  endfacet
  facet normal 0 0 1
    outer loop
      vertex -5.51854 0.970113 6
      vertex -7.30217 0.850311 6
      vertex -5.61113 0.914616 6
    endloop
  endfacet
  facet normal 0 0 1
    outer loop
      vertex -5.61113 0.914616 6
      vertex -7.30217 0.850311 6
      vertex -5.69783 0.850311 6
    endloop
  endfacet
  facet normal 0 0 1
    outer loop
      vertex -5.69783 0.850311 6
      vertex -7.30217 0.850311 6
      vertex -5.77782 0.777817 6
    endloop
  endfacet
  facet normal 0 -0 1
    outer loop
      vertex -7.22218 0.777817 6
      vertex -5.77782 0.777817 6
      vertex -7.30217 0.850311 6
    endloop
  endfacet
  facet normal 0 0 1
    outer loop
      vertex -5.77782 0.777817 6
      vertex -7.22218 0.777817 6
      vertex -5.85031 0.697832 6
    endloop
  endfacet
  facet normal 0 -0 1
    outer loop
      vertex -7.14969 0.697832 6
      vertex -5.85031 0.697832 6
      vertex -7.22218 0.777817 6
    endloop
  endfacet
  facet normal 0 -0 1
    outer loop
      vertex -7.08538 0.611127 6
      vertex -5.91462 0.611127 6
      vertex -7.14969 0.697832 6
    endloop
  endfacet
  facet normal 0 0 1
    outer loop
      vertex -5.85031 0.697832 6
      vertex -7.14969 0.697832 6
      vertex -5.91462 0.611127 6
    endloop
  endfacet
  facet normal 1 0 0
    outer loop
      vertex 95 -6.5 51
      vertex 95 -11.5 51
      vertex 95 -6.5 14
    endloop
  endfacet
  facet normal 1 0 0
    outer loop
      vertex 95 6.5 14
      vertex 95 11.5 51
      vertex 95 6.5 51
    endloop
  endfacet
  facet normal 1 0 0
    outer loop
      vertex 95 11.5 51
      vertex 95 6.5 14
      vertex 95 11.5 0
    endloop
  endfacet
  facet normal 1 -0 0
    outer loop
      vertex 95 -6.5 14
      vertex 95 11.5 0
      vertex 95 6.5 14
    endloop
  endfacet
  facet normal 1 0 0
    outer loop
      vertex 95 -6.5 14
      vertex 95 -11.5 0
      vertex 95 11.5 0
    endloop
  endfacet
  facet normal 1 0 0
    outer loop
      vertex 95 -11.5 0
      vertex 95 -6.5 14
      vertex 95 -11.5 51
    endloop
  endfacet
  facet normal -0 0 1
    outer loop
      vertex 60 11.5 51
      vertex 95 6.5 51
      vertex 95 11.5 51
    endloop
  endfacet
  facet normal 0 0 1
    outer loop
      vertex 95 6.5 51
      vertex 60 11.5 51
      vertex 60 6.5 51
    endloop
  endfacet
  facet normal -0 0 1
    outer loop
      vertex 60 -6.5 51
      vertex 95 -11.5 51
      vertex 95 -6.5 51
    endloop
  endfacet
  facet normal 0 0 1
    outer loop
      vertex 95 -11.5 51
      vertex 60 -6.5 51
      vertex 60 -11.5 51
    endloop
  endfacet
  facet normal -1 0 0
    outer loop
      vertex 60 -8.27273 0
      vertex 60 -11.5 0
      vertex 60 -8.27273 6
    endloop
  endfacet
  facet normal -1 0 0
    outer loop
      vertex 60 8.27273 6
      vertex 60 -6.5 14
      vertex 60 6.5 14
    endloop
  endfacet
  facet normal -1 0 0
    outer loop
      vertex 60 -8.27273 6
      vertex 60 -6.5 14
      vertex 60 8.27273 6
    endloop
  endfacet
  facet normal -1 0 0
    outer loop
      vertex 60 -11.5 0
      vertex 60 -6.5 14
      vertex 60 -8.27273 6
    endloop
  endfacet
  facet normal -1 -0 0
    outer loop
      vertex 60 -6.5 14
      vertex 60 -11.5 0
      vertex 60 -11.5 51
    endloop
  endfacet
  facet normal -1 0 0
    outer loop
      vertex 60 -6.5 14
      vertex 60 -11.5 51
      vertex 60 -6.5 51
    endloop
  endfacet
  facet normal -1 0 0
    outer loop
      vertex 60 8.27273 6
      vertex 60 11.5 0
      vertex 60 8.27273 0
    endloop
  endfacet
  facet normal -1 0 0
    outer loop
      vertex 60 6.5 14
      vertex 60 11.5 0
      vertex 60 8.27273 6
    endloop
  endfacet
  facet normal -1 0 0
    outer loop
      vertex 60 11.5 0
      vertex 60 6.5 14
      vertex 60 11.5 51
    endloop
  endfacet
  facet normal -1 -0 0
    outer loop
      vertex 60 11.5 51
      vertex 60 6.5 14
      vertex 60 6.5 51
    endloop
  endfacet
  facet normal 0 1 -0
    outer loop
      vertex 95 11.5 0
      vertex 60 11.5 51
      vertex 95 11.5 51
    endloop
  endfacet
  facet normal 0 1 0
    outer loop
      vertex 60 11.5 51
      vertex 95 11.5 0
      vertex 60 11.5 0
    endloop
  endfacet
  facet normal 0 -1 0
    outer loop
      vertex 60 -11.5 0
      vertex 95 -11.5 51
      vertex 60 -11.5 51
    endloop
  endfacet
  facet normal 0 -1 -0
    outer loop
      vertex 95 -11.5 51
      vertex 60 -11.5 0
      vertex 95 -11.5 0
    endloop
  endfacet
  facet normal -0.989176 -0.146737 0
    outer loop
      vertex -3.9053 0.107819 0
      vertex -3.92114 0.214599 6
      vertex -3.92114 0.214599 0
    endloop
  endfacet
  facet normal -0.989176 -0.146737 0
    outer loop
      vertex -3.92114 0.214599 6
      vertex -3.9053 0.107819 0
      vertex -3.9053 0.107819 6
    endloop
  endfacet
  facet normal -0.998794 -0.0490972 0
    outer loop
      vertex -3.9 0 0
      vertex -3.9053 0.107819 6
      vertex -3.9053 0.107819 0
    endloop
  endfacet
  facet normal -0.998794 -0.0490972 0
    outer loop
      vertex -3.9053 0.107819 6
      vertex -3.9 0 0
      vertex -3.9 0 6
    endloop
  endfacet
  facet normal -0.970052 -0.242897 0
    outer loop
      vertex -3.92114 0.214599 0
      vertex -3.94736 0.319313 6
      vertex -3.94736 0.319313 0
    endloop
  endfacet
  facet normal -0.970052 -0.242897 0
    outer loop
      vertex -3.94736 0.319313 6
      vertex -3.92114 0.214599 0
      vertex -3.92114 0.214599 6
    endloop
  endfacet
  facet normal 0.595723 -0.80319 0
    outer loop
      vertex -5.69783 0.850311 0
      vertex -5.61113 0.914616 6
      vertex -5.69783 0.850311 6
    endloop
  endfacet
  facet normal 0.595723 -0.80319 0
    outer loop
      vertex -5.61113 0.914616 6
      vertex -5.69783 0.850311 0
      vertex -5.61113 0.914616 0
    endloop
  endfacet
  facet normal 0.427558 -0.903988 0
    outer loop
      vertex -5.51854 0.970113 0
      vertex -5.42095 1.01627 6
      vertex -5.51854 0.970113 6
    endloop
  endfacet
  facet normal 0.427558 -0.903988 0
    outer loop
      vertex -5.42095 1.01627 6
      vertex -5.51854 0.970113 0
      vertex -5.42095 1.01627 0
    endloop
  endfacet
  facet normal -0.336829 -0.941566 0
    outer loop
      vertex -4.68069 1.05263 0
      vertex -4.57905 1.01627 6
      vertex -4.68069 1.05263 6
    endloop
  endfacet
  facet normal -0.336829 -0.941566 -0
    outer loop
      vertex -4.57905 1.01627 6
      vertex -4.68069 1.05263 0
      vertex -4.57905 1.01627 0
    endloop
  endfacet
  facet normal -0.146737 -0.989176 0
    outer loop
      vertex -4.89218 1.0947 0
      vertex -4.7854 1.07886 6
      vertex -4.89218 1.0947 6
    endloop
  endfacet
  facet normal -0.146737 -0.989176 -0
    outer loop
      vertex -4.7854 1.07886 6
      vertex -4.89218 1.0947 0
      vertex -4.7854 1.07886 0
    endloop
  endfacet
  facet normal -0.998794 0.0490972 0
    outer loop
      vertex -3.9053 -0.107819 0
      vertex -3.9 0 6
      vertex -3.9 0 0
    endloop
  endfacet
  facet normal -0.998794 0.0490972 0
    outer loop
      vertex -3.9 0 6
      vertex -3.9053 -0.107819 0
      vertex -3.9053 -0.107819 6
    endloop
  endfacet
  facet normal -0.242993 0.970028 0
    outer loop
      vertex -4.68069 -1.05263 0
      vertex -4.7854 -1.07886 6
      vertex -4.68069 -1.05263 6
    endloop
  endfacet
  facet normal -0.242993 0.970028 0
    outer loop
      vertex -4.7854 -1.07886 6
      vertex -4.68069 -1.05263 0
      vertex -4.7854 -1.07886 0
    endloop
  endfacet
  facet normal -0.803185 0.59573 0
    outer loop
      vertex -4.14969 -0.697832 0
      vertex -4.08538 -0.611127 6
      vertex -4.08538 -0.611127 0
    endloop
  endfacet
  facet normal -0.803185 0.59573 0
    outer loop
      vertex -4.08538 -0.611127 6
      vertex -4.14969 -0.697832 0
      vertex -4.14969 -0.697832 6
    endloop
  endfacet
  facet normal 0.514107 -0.857726 0
    outer loop
      vertex -5.61113 0.914616 0
      vertex -5.51854 0.970113 6
      vertex -5.61113 0.914616 6
    endloop
  endfacet
  facet normal 0.514107 -0.857726 0
    outer loop
      vertex -5.51854 0.970113 6
      vertex -5.61113 0.914616 0
      vertex -5.51854 0.970113 0
    endloop
  endfacet
  facet normal 0.989176 0.146737 0
    outer loop
      vertex -6.07886 -0.214599 6
      vertex -6.0947 -0.107819 0
      vertex -6.0947 -0.107819 6
    endloop
  endfacet
  facet normal 0.989176 0.146737 0
    outer loop
      vertex -6.0947 -0.107819 0
      vertex -6.07886 -0.214599 6
      vertex -6.07886 -0.214599 0
    endloop
  endfacet
  facet normal 0.74097 -0.671538 0
    outer loop
      vertex -5.85031 0.697832 6
      vertex -5.77782 0.777817 0
      vertex -5.77782 0.777817 6
    endloop
  endfacet
  facet normal 0.74097 -0.671538 0
    outer loop
      vertex -5.77782 0.777817 0
      vertex -5.85031 0.697832 6
      vertex -5.85031 0.697832 0
    endloop
  endfacet
  facet normal 0.97003 -0.242985 0
    outer loop
      vertex -6.07886 0.214599 6
      vertex -6.05263 0.319313 0
      vertex -6.05263 0.319313 6
    endloop
  endfacet
  facet normal 0.97003 -0.242985 0
    outer loop
      vertex -6.05263 0.319313 0
      vertex -6.07886 0.214599 6
      vertex -6.07886 0.214599 0
    endloop
  endfacet
  facet normal -0.427558 0.903988 0
    outer loop
      vertex -4.48146 -0.970113 0
      vertex -4.57905 -1.01627 6
      vertex -4.48146 -0.970113 6
    endloop
  endfacet
  facet normal -0.427558 0.903988 0
    outer loop
      vertex -4.57905 -1.01627 6
      vertex -4.48146 -0.970113 0
      vertex -4.57905 -1.01627 0
    endloop
  endfacet
  facet normal 0.0490967 -0.998794 0
    outer loop
      vertex -5.10782 1.0947 0
      vertex -5 1.1 6
      vertex -5.10782 1.0947 6
    endloop
  endfacet
  facet normal 0.0490967 -0.998794 0
    outer loop
      vertex -5 1.1 6
      vertex -5.10782 1.0947 0
      vertex -5 1.1 0
    endloop
  endfacet
  facet normal 0.595723 0.80319 -0
    outer loop
      vertex -5.61113 -0.914616 0
      vertex -5.69783 -0.850311 6
      vertex -5.61113 -0.914616 6
    endloop
  endfacet
  facet normal 0.595723 0.80319 0
    outer loop
      vertex -5.69783 -0.850311 6
      vertex -5.61113 -0.914616 0
      vertex -5.69783 -0.850311 0
    endloop
  endfacet
  facet normal -0.146737 0.989176 0
    outer loop
      vertex -4.7854 -1.07886 0
      vertex -4.89218 -1.0947 6
      vertex -4.7854 -1.07886 6
    endloop
  endfacet
  facet normal -0.146737 0.989176 0
    outer loop
      vertex -4.89218 -1.0947 6
      vertex -4.7854 -1.07886 0
      vertex -4.89218 -1.0947 0
    endloop
  endfacet
  facet normal 0.146737 -0.989176 0
    outer loop
      vertex -5.2146 1.07886 0
      vertex -5.10782 1.0947 6
      vertex -5.2146 1.07886 6
    endloop
  endfacet
  facet normal 0.146737 -0.989176 0
    outer loop
      vertex -5.10782 1.0947 6
      vertex -5.2146 1.07886 0
      vertex -5.10782 1.0947 0
    endloop
  endfacet
  facet normal 0.989176 -0.146737 0
    outer loop
      vertex -6.0947 0.107819 6
      vertex -6.07886 0.214599 0
      vertex -6.07886 0.214599 6
    endloop
  endfacet
  facet normal 0.989176 -0.146737 0
    outer loop
      vertex -6.07886 0.214599 0
      vertex -6.0947 0.107819 6
      vertex -6.0947 0.107819 0
    endloop
  endfacet
  facet normal 0.803185 0.59573 0
    outer loop
      vertex -5.85031 -0.697832 6
      vertex -5.91462 -0.611127 0
      vertex -5.91462 -0.611127 6
    endloop
  endfacet
  facet normal 0.803185 0.59573 0
    outer loop
      vertex -5.91462 -0.611127 0
      vertex -5.85031 -0.697832 6
      vertex -5.85031 -0.697832 0
    endloop
  endfacet
  facet normal -0.903969 0.427598 0
    outer loop
      vertex -4.02989 -0.518536 0
      vertex -3.98373 -0.420951 6
      vertex -3.98373 -0.420951 0
    endloop
  endfacet
  facet normal -0.903969 0.427598 0
    outer loop
      vertex -3.98373 -0.420951 6
      vertex -4.02989 -0.518536 0
      vertex -4.02989 -0.518536 6
    endloop
  endfacet
  facet normal -0.671535 -0.740973 0
    outer loop
      vertex -4.30217 0.850311 0
      vertex -4.22218 0.777817 6
      vertex -4.30217 0.850311 6
    endloop
  endfacet
  facet normal -0.671535 -0.740973 -0
    outer loop
      vertex -4.22218 0.777817 6
      vertex -4.30217 0.850311 0
      vertex -4.22218 0.777817 0
    endloop
  endfacet
  facet normal 0.242993 -0.970028 0
    outer loop
      vertex -5.31931 1.05263 0
      vertex -5.2146 1.07886 6
      vertex -5.31931 1.05263 6
    endloop
  endfacet
  facet normal 0.242993 -0.970028 0
    outer loop
      vertex -5.2146 1.07886 6
      vertex -5.31931 1.05263 0
      vertex -5.2146 1.07886 0
    endloop
  endfacet
  facet normal -0.427558 -0.903988 0
    outer loop
      vertex -4.57905 1.01627 0
      vertex -4.48146 0.970113 6
      vertex -4.57905 1.01627 6
    endloop
  endfacet
  facet normal -0.427558 -0.903988 -0
    outer loop
      vertex -4.48146 0.970113 6
      vertex -4.57905 1.01627 0
      vertex -4.48146 0.970113 0
    endloop
  endfacet
  facet normal -0.0490967 0.998794 0
    outer loop
      vertex -4.89218 -1.0947 0
      vertex -5 -1.1 6
      vertex -4.89218 -1.0947 6
    endloop
  endfacet
  facet normal -0.0490967 0.998794 0
    outer loop
      vertex -5 -1.1 6
      vertex -4.89218 -1.0947 0
      vertex -5 -1.1 0
    endloop
  endfacet
  facet normal -0.803185 -0.59573 0
    outer loop
      vertex -4.08538 0.611127 0
      vertex -4.14969 0.697832 6
      vertex -4.14969 0.697832 0
    endloop
  endfacet
  facet normal -0.803185 -0.59573 0
    outer loop
      vertex -4.14969 0.697832 6
      vertex -4.08538 0.611127 0
      vertex -4.08538 0.611127 6
    endloop
  endfacet
  facet normal 0.903969 0.427598 0
    outer loop
      vertex -5.97011 -0.518536 6
      vertex -6.01627 -0.420951 0
      vertex -6.01627 -0.420951 6
    endloop
  endfacet
  facet normal 0.903969 0.427598 0
    outer loop
      vertex -6.01627 -0.420951 0
      vertex -5.97011 -0.518536 6
      vertex -5.97011 -0.518536 0
    endloop
  endfacet
  facet normal 0.74097 0.671538 0
    outer loop
      vertex -5.77782 -0.777817 6
      vertex -5.85031 -0.697832 0
      vertex -5.85031 -0.697832 6
    endloop
  endfacet
  facet normal 0.74097 0.671538 0
    outer loop
      vertex -5.85031 -0.697832 0
      vertex -5.77782 -0.777817 6
      vertex -5.77782 -0.777817 0
    endloop
  endfacet
  facet normal 0.336829 0.941566 -0
    outer loop
      vertex -5.31931 -1.05263 0
      vertex -5.42095 -1.01627 6
      vertex -5.31931 -1.05263 6
    endloop
  endfacet
  facet normal 0.336829 0.941566 0
    outer loop
      vertex -5.42095 -1.01627 6
      vertex -5.31931 -1.05263 0
      vertex -5.42095 -1.01627 0
    endloop
  endfacet
  facet normal 0.0490967 0.998794 -0
    outer loop
      vertex -5 -1.1 0
      vertex -5.10782 -1.0947 6
      vertex -5 -1.1 6
    endloop
  endfacet
  facet normal 0.0490967 0.998794 0
    outer loop
      vertex -5.10782 -1.0947 6
      vertex -5 -1.1 0
      vertex -5.10782 -1.0947 0
    endloop
  endfacet
  facet normal 0.998794 -0.0490972 0
    outer loop
      vertex -6.1 0 6
      vertex -6.0947 0.107819 0
      vertex -6.0947 0.107819 6
    endloop
  endfacet
  facet normal 0.998794 -0.0490972 0
    outer loop
      vertex -6.0947 0.107819 0
      vertex -6.1 0 6
      vertex -6.1 0 0
    endloop
  endfacet
  facet normal -0.336829 0.941566 0
    outer loop
      vertex -4.57905 -1.01627 0
      vertex -4.68069 -1.05263 6
      vertex -4.57905 -1.01627 6
    endloop
  endfacet
  facet normal -0.336829 0.941566 0
    outer loop
      vertex -4.68069 -1.05263 6
      vertex -4.57905 -1.01627 0
      vertex -4.68069 -1.05263 0
    endloop
  endfacet
  facet normal -0.970052 0.242897 0
    outer loop
      vertex -3.94736 -0.319313 0
      vertex -3.92114 -0.214599 6
      vertex -3.92114 -0.214599 0
    endloop
  endfacet
  facet normal -0.970052 0.242897 0
    outer loop
      vertex -3.92114 -0.214599 6
      vertex -3.94736 -0.319313 0
      vertex -3.94736 -0.319313 6
    endloop
  endfacet
  facet normal -0.941534 0.336917 0
    outer loop
      vertex -3.98373 -0.420951 0
      vertex -3.94736 -0.319313 6
      vertex -3.94736 -0.319313 0
    endloop
  endfacet
  facet normal -0.941534 0.336917 0
    outer loop
      vertex -3.94736 -0.319313 6
      vertex -3.98373 -0.420951 0
      vertex -3.98373 -0.420951 6
    endloop
  endfacet
  facet normal -0.74097 0.671538 0
    outer loop
      vertex -4.22218 -0.777817 0
      vertex -4.14969 -0.697832 6
      vertex -4.14969 -0.697832 0
    endloop
  endfacet
  facet normal -0.74097 0.671538 0
    outer loop
      vertex -4.14969 -0.697832 6
      vertex -4.22218 -0.777817 0
      vertex -4.22218 -0.777817 6
    endloop
  endfacet
  facet normal -0.514107 -0.857726 0
    outer loop
      vertex -4.48146 0.970113 0
      vertex -4.38887 0.914616 6
      vertex -4.48146 0.970113 6
    endloop
  endfacet
  facet normal -0.514107 -0.857726 -0
    outer loop
      vertex -4.38887 0.914616 6
      vertex -4.48146 0.970113 0
      vertex -4.38887 0.914616 0
    endloop
  endfacet
  facet normal -0.242993 -0.970028 0
    outer loop
      vertex -4.7854 1.07886 0
      vertex -4.68069 1.05263 6
      vertex -4.7854 1.07886 6
    endloop
  endfacet
  facet normal -0.242993 -0.970028 -0
    outer loop
      vertex -4.68069 1.05263 6
      vertex -4.7854 1.07886 0
      vertex -4.68069 1.05263 0
    endloop
  endfacet
  facet normal -0.941534 -0.336917 0
    outer loop
      vertex -3.94736 0.319313 0
      vertex -3.98373 0.420951 6
      vertex -3.98373 0.420951 0
    endloop
  endfacet
  facet normal -0.941534 -0.336917 0
    outer loop
      vertex -3.98373 0.420951 6
      vertex -3.94736 0.319313 0
      vertex -3.94736 0.319313 6
    endloop
  endfacet
  facet normal -0.595723 -0.80319 0
    outer loop
      vertex -4.38887 0.914616 0
      vertex -4.30217 0.850311 6
      vertex -4.38887 0.914616 6
    endloop
  endfacet
  facet normal -0.595723 -0.80319 -0
    outer loop
      vertex -4.30217 0.850311 6
      vertex -4.38887 0.914616 0
      vertex -4.30217 0.850311 0
    endloop
  endfacet
  facet normal 0.97003 0.242985 0
    outer loop
      vertex -6.05263 -0.319313 6
      vertex -6.07886 -0.214599 0
      vertex -6.07886 -0.214599 6
    endloop
  endfacet
  facet normal 0.97003 0.242985 0
    outer loop
      vertex -6.07886 -0.214599 0
      vertex -6.05263 -0.319313 6
      vertex -6.05263 -0.319313 0
    endloop
  endfacet
  facet normal -0.903969 -0.427598 0
    outer loop
      vertex -3.98373 0.420951 0
      vertex -4.02989 0.518536 6
      vertex -4.02989 0.518536 0
    endloop
  endfacet
  facet normal -0.903969 -0.427598 0
    outer loop
      vertex -4.02989 0.518536 6
      vertex -3.98373 0.420951 0
      vertex -3.98373 0.420951 6
    endloop
  endfacet
  facet normal -0.0490967 -0.998794 0
    outer loop
      vertex -5 1.1 0
      vertex -4.89218 1.0947 6
      vertex -5 1.1 6
    endloop
  endfacet
  facet normal -0.0490967 -0.998794 -0
    outer loop
      vertex -4.89218 1.0947 6
      vertex -5 1.1 0
      vertex -4.89218 1.0947 0
    endloop
  endfacet
  facet normal -0.989176 0.146737 0
    outer loop
      vertex -3.92114 -0.214599 0
      vertex -3.9053 -0.107819 6
      vertex -3.9053 -0.107819 0
    endloop
  endfacet
  facet normal -0.989176 0.146737 0
    outer loop
      vertex -3.9053 -0.107819 6
      vertex -3.92114 -0.214599 0
      vertex -3.92114 -0.214599 6
    endloop
  endfacet
  facet normal -0.857757 -0.514056 0
    outer loop
      vertex -4.02989 0.518536 0
      vertex -4.08538 0.611127 6
      vertex -4.08538 0.611127 0
    endloop
  endfacet
  facet normal -0.857757 -0.514056 0
    outer loop
      vertex -4.08538 0.611127 6
      vertex -4.02989 0.518536 0
      vertex -4.02989 0.518536 6
    endloop
  endfacet
  facet normal 0.671535 0.740973 -0
    outer loop
      vertex -5.69783 -0.850311 0
      vertex -5.77782 -0.777817 6
      vertex -5.69783 -0.850311 6
    endloop
  endfacet
  facet normal 0.671535 0.740973 0
    outer loop
      vertex -5.77782 -0.777817 6
      vertex -5.69783 -0.850311 0
      vertex -5.77782 -0.777817 0
    endloop
  endfacet
  facet normal 0.336829 -0.941566 0
    outer loop
      vertex -5.42095 1.01627 0
      vertex -5.31931 1.05263 6
      vertex -5.42095 1.01627 6
    endloop
  endfacet
  facet normal 0.336829 -0.941566 0
    outer loop
      vertex -5.31931 1.05263 6
      vertex -5.42095 1.01627 0
      vertex -5.31931 1.05263 0
    endloop
  endfacet
  facet normal -0.857757 0.514056 0
    outer loop
      vertex -4.08538 -0.611127 0
      vertex -4.02989 -0.518536 6
      vertex -4.02989 -0.518536 0
    endloop
  endfacet
  facet normal -0.857757 0.514056 0
    outer loop
      vertex -4.02989 -0.518536 6
      vertex -4.08538 -0.611127 0
      vertex -4.08538 -0.611127 6
    endloop
  endfacet
  facet normal 0.671535 -0.740973 0
    outer loop
      vertex -5.77782 0.777817 0
      vertex -5.69783 0.850311 6
      vertex -5.77782 0.777817 6
    endloop
  endfacet
  facet normal 0.671535 -0.740973 0
    outer loop
      vertex -5.69783 0.850311 6
      vertex -5.77782 0.777817 0
      vertex -5.69783 0.850311 0
    endloop
  endfacet
  facet normal 0.857757 0.514056 0
    outer loop
      vertex -5.91462 -0.611127 6
      vertex -5.97011 -0.518536 0
      vertex -5.97011 -0.518536 6
    endloop
  endfacet
  facet normal 0.857757 0.514056 0
    outer loop
      vertex -5.97011 -0.518536 0
      vertex -5.91462 -0.611127 6
      vertex -5.91462 -0.611127 0
    endloop
  endfacet
  facet normal -0.671535 0.740973 0
    outer loop
      vertex -4.22218 -0.777817 0
      vertex -4.30217 -0.850311 6
      vertex -4.22218 -0.777817 6
    endloop
  endfacet
  facet normal -0.671535 0.740973 0
    outer loop
      vertex -4.30217 -0.850311 6
      vertex -4.22218 -0.777817 0
      vertex -4.30217 -0.850311 0
    endloop
  endfacet
  facet normal -0.595723 0.80319 0
    outer loop
      vertex -4.30217 -0.850311 0
      vertex -4.38887 -0.914616 6
      vertex -4.30217 -0.850311 6
    endloop
  endfacet
  facet normal -0.595723 0.80319 0
    outer loop
      vertex -4.38887 -0.914616 6
      vertex -4.30217 -0.850311 0
      vertex -4.38887 -0.914616 0
    endloop
  endfacet
  facet normal 0.857757 -0.514056 0
    outer loop
      vertex -5.97011 0.518536 6
      vertex -5.91462 0.611127 0
      vertex -5.91462 0.611127 6
    endloop
  endfacet
  facet normal 0.857757 -0.514056 0
    outer loop
      vertex -5.91462 0.611127 0
      vertex -5.97011 0.518536 6
      vertex -5.97011 0.518536 0
    endloop
  endfacet
  facet normal 0.146737 0.989176 -0
    outer loop
      vertex -5.10782 -1.0947 0
      vertex -5.2146 -1.07886 6
      vertex -5.10782 -1.0947 6
    endloop
  endfacet
  facet normal 0.146737 0.989176 0
    outer loop
      vertex -5.2146 -1.07886 6
      vertex -5.10782 -1.0947 0
      vertex -5.2146 -1.07886 0
    endloop
  endfacet
  facet normal 0.941564 0.336835 0
    outer loop
      vertex -6.01627 -0.420951 6
      vertex -6.05263 -0.319313 0
      vertex -6.05263 -0.319313 6
    endloop
  endfacet
  facet normal 0.941564 0.336835 0
    outer loop
      vertex -6.05263 -0.319313 0
      vertex -6.01627 -0.420951 6
      vertex -6.01627 -0.420951 0
    endloop
  endfacet
  facet normal -0.74097 -0.671538 0
    outer loop
      vertex -4.14969 0.697832 0
      vertex -4.22218 0.777817 6
      vertex -4.22218 0.777817 0
    endloop
  endfacet
  facet normal -0.74097 -0.671538 0
    outer loop
      vertex -4.22218 0.777817 6
      vertex -4.14969 0.697832 0
      vertex -4.14969 0.697832 6
    endloop
  endfacet
  facet normal 0.903969 -0.427598 0
    outer loop
      vertex -6.01627 0.420951 6
      vertex -5.97011 0.518536 0
      vertex -5.97011 0.518536 6
    endloop
  endfacet
  facet normal 0.903969 -0.427598 0
    outer loop
      vertex -5.97011 0.518536 0
      vertex -6.01627 0.420951 6
      vertex -6.01627 0.420951 0
    endloop
  endfacet
  facet normal 0.998794 0.0490972 0
    outer loop
      vertex -6.0947 -0.107819 6
      vertex -6.1 0 0
      vertex -6.1 0 6
    endloop
  endfacet
  facet normal 0.998794 0.0490972 0
    outer loop
      vertex -6.1 0 0
      vertex -6.0947 -0.107819 6
      vertex -6.0947 -0.107819 0
    endloop
  endfacet
  facet normal -0.514107 0.857726 0
    outer loop
      vertex -4.38887 -0.914616 0
      vertex -4.48146 -0.970113 6
      vertex -4.38887 -0.914616 6
    endloop
  endfacet
  facet normal -0.514107 0.857726 0
    outer loop
      vertex -4.48146 -0.970113 6
      vertex -4.38887 -0.914616 0
      vertex -4.48146 -0.970113 0
    endloop
  endfacet
  facet normal 0.242993 0.970028 -0
    outer loop
      vertex -5.2146 -1.07886 0
      vertex -5.31931 -1.05263 6
      vertex -5.2146 -1.07886 6
    endloop
  endfacet
  facet normal 0.242993 0.970028 0
    outer loop
      vertex -5.31931 -1.05263 6
      vertex -5.2146 -1.07886 0
      vertex -5.31931 -1.05263 0
    endloop
  endfacet
  facet normal 0.514107 0.857726 -0
    outer loop
      vertex -5.51854 -0.970113 0
      vertex -5.61113 -0.914616 6
      vertex -5.51854 -0.970113 6
    endloop
  endfacet
  facet normal 0.514107 0.857726 0
    outer loop
      vertex -5.61113 -0.914616 6
      vertex -5.51854 -0.970113 0
      vertex -5.61113 -0.914616 0
    endloop
  endfacet
  facet normal 0.803185 -0.59573 0
    outer loop
      vertex -5.91462 0.611127 6
      vertex -5.85031 0.697832 0
      vertex -5.85031 0.697832 6
    endloop
  endfacet
  facet normal 0.803185 -0.59573 0
    outer loop
      vertex -5.85031 0.697832 0
      vertex -5.91462 0.611127 6
      vertex -5.91462 0.611127 0
    endloop
  endfacet
  facet normal 0.427558 0.903988 -0
    outer loop
      vertex -5.42095 -1.01627 0
      vertex -5.51854 -0.970113 6
      vertex -5.42095 -1.01627 6
    endloop
  endfacet
  facet normal 0.427558 0.903988 0
    outer loop
      vertex -5.51854 -0.970113 6
      vertex -5.42095 -1.01627 0
      vertex -5.51854 -0.970113 0
    endloop
  endfacet
  facet normal 0.941564 -0.336835 0
    outer loop
      vertex -6.05263 0.319313 6
      vertex -6.01627 0.420951 0
      vertex -6.01627 0.420951 6
    endloop
  endfacet
  facet normal 0.941564 -0.336835 0
    outer loop
      vertex -6.01627 0.420951 0
      vertex -6.05263 0.319313 6
      vertex -6.05263 0.319313 0
    endloop
  endfacet
  facet normal -0.671535 -0.740973 0
    outer loop
      vertex 5.69783 0.850311 0
      vertex 5.77782 0.777817 6
      vertex 5.69783 0.850311 6
    endloop
  endfacet
  facet normal -0.671535 -0.740973 -0
    outer loop
      vertex 5.77782 0.777817 6
      vertex 5.69783 0.850311 0
      vertex 5.77782 0.777817 0
    endloop
  endfacet
  facet normal 0.989176 -0.146737 0
    outer loop
      vertex 3.9053 0.107819 6
      vertex 3.92114 0.214599 0
      vertex 3.92114 0.214599 6
    endloop
  endfacet
  facet normal 0.989176 -0.146737 0
    outer loop
      vertex 3.92114 0.214599 0
      vertex 3.9053 0.107819 6
      vertex 3.9053 0.107819 0
    endloop
  endfacet
  facet normal 0.941534 0.336917 0
    outer loop
      vertex 3.98373 -0.420951 6
      vertex 3.94736 -0.319313 0
      vertex 3.94736 -0.319313 6
    endloop
  endfacet
  facet normal 0.941534 0.336917 0
    outer loop
      vertex 3.94736 -0.319313 0
      vertex 3.98373 -0.420951 6
      vertex 3.98373 -0.420951 0
    endloop
  endfacet
  facet normal -0.857757 -0.514056 0
    outer loop
      vertex 5.97011 0.518536 0
      vertex 5.91462 0.611127 6
      vertex 5.91462 0.611127 0
    endloop
  endfacet
  facet normal -0.857757 -0.514056 0
    outer loop
      vertex 5.91462 0.611127 6
      vertex 5.97011 0.518536 0
      vertex 5.97011 0.518536 6
    endloop
  endfacet
  facet normal 0.0490967 -0.998794 0
    outer loop
      vertex 4.89218 1.0947 0
      vertex 5 1.1 6
      vertex 4.89218 1.0947 6
    endloop
  endfacet
  facet normal 0.0490967 -0.998794 0
    outer loop
      vertex 5 1.1 6
      vertex 4.89218 1.0947 0
      vertex 5 1.1 0
    endloop
  endfacet
  facet normal 0.989176 0.146737 0
    outer loop
      vertex 3.92114 -0.214599 6
      vertex 3.9053 -0.107819 0
      vertex 3.9053 -0.107819 6
    endloop
  endfacet
  facet normal 0.989176 0.146737 0
    outer loop
      vertex 3.9053 -0.107819 0
      vertex 3.92114 -0.214599 6
      vertex 3.92114 -0.214599 0
    endloop
  endfacet
  facet normal -0.74097 -0.671538 0
    outer loop
      vertex 5.85031 0.697832 0
      vertex 5.77782 0.777817 6
      vertex 5.77782 0.777817 0
    endloop
  endfacet
  facet normal -0.74097 -0.671538 0
    outer loop
      vertex 5.77782 0.777817 6
      vertex 5.85031 0.697832 0
      vertex 5.85031 0.697832 6
    endloop
  endfacet
  facet normal 0.671535 0.740973 -0
    outer loop
      vertex 4.30217 -0.850311 0
      vertex 4.22218 -0.777817 6
      vertex 4.30217 -0.850311 6
    endloop
  endfacet
  facet normal 0.671535 0.740973 0
    outer loop
      vertex 4.22218 -0.777817 6
      vertex 4.30217 -0.850311 0
      vertex 4.22218 -0.777817 0
    endloop
  endfacet
  facet normal -0.427558 0.903988 0
    outer loop
      vertex 5.51854 -0.970113 0
      vertex 5.42095 -1.01627 6
      vertex 5.51854 -0.970113 6
    endloop
  endfacet
  facet normal -0.427558 0.903988 0
    outer loop
      vertex 5.42095 -1.01627 6
      vertex 5.51854 -0.970113 0
      vertex 5.42095 -1.01627 0
    endloop
  endfacet
  facet normal 0.970052 -0.242897 0
    outer loop
      vertex 3.92114 0.214599 6
      vertex 3.94736 0.319313 0
      vertex 3.94736 0.319313 6
    endloop
  endfacet
  facet normal 0.970052 -0.242897 0
    outer loop
      vertex 3.94736 0.319313 0
      vertex 3.92114 0.214599 6
      vertex 3.92114 0.214599 0
    endloop
  endfacet
  facet normal -0.0490967 0.998794 0
    outer loop
      vertex 5.10782 -1.0947 0
      vertex 5 -1.1 6
      vertex 5.10782 -1.0947 6
    endloop
  endfacet
  facet normal -0.0490967 0.998794 0
    outer loop
      vertex 5 -1.1 6
      vertex 5.10782 -1.0947 0
      vertex 5 -1.1 0
    endloop
  endfacet
  facet normal -0.857757 0.514056 0
    outer loop
      vertex 5.91462 -0.611127 0
      vertex 5.97011 -0.518536 6
      vertex 5.97011 -0.518536 0
    endloop
  endfacet
  facet normal -0.857757 0.514056 0
    outer loop
      vertex 5.97011 -0.518536 6
      vertex 5.91462 -0.611127 0
      vertex 5.91462 -0.611127 6
    endloop
  endfacet
  facet normal 0.514107 0.857726 -0
    outer loop
      vertex 4.48146 -0.970113 0
      vertex 4.38887 -0.914616 6
      vertex 4.48146 -0.970113 6
    endloop
  endfacet
  facet normal 0.514107 0.857726 0
    outer loop
      vertex 4.38887 -0.914616 6
      vertex 4.48146 -0.970113 0
      vertex 4.38887 -0.914616 0
    endloop
  endfacet
  facet normal -0.146737 0.989176 0
    outer loop
      vertex 5.2146 -1.07886 0
      vertex 5.10782 -1.0947 6
      vertex 5.2146 -1.07886 6
    endloop
  endfacet
  facet normal -0.146737 0.989176 0
    outer loop
      vertex 5.10782 -1.0947 6
      vertex 5.2146 -1.07886 0
      vertex 5.10782 -1.0947 0
    endloop
  endfacet
  facet normal 0.146737 -0.989176 0
    outer loop
      vertex 4.7854 1.07886 0
      vertex 4.89218 1.0947 6
      vertex 4.7854 1.07886 6
    endloop
  endfacet
  facet normal 0.146737 -0.989176 0
    outer loop
      vertex 4.89218 1.0947 6
      vertex 4.7854 1.07886 0
      vertex 4.89218 1.0947 0
    endloop
  endfacet
  facet normal -0.989176 -0.146737 0
    outer loop
      vertex 6.0947 0.107819 0
      vertex 6.07886 0.214599 6
      vertex 6.07886 0.214599 0
    endloop
  endfacet
  facet normal -0.989176 -0.146737 0
    outer loop
      vertex 6.07886 0.214599 6
      vertex 6.0947 0.107819 0
      vertex 6.0947 0.107819 6
    endloop
  endfacet
  facet normal -0.146737 -0.989176 0
    outer loop
      vertex 5.10782 1.0947 0
      vertex 5.2146 1.07886 6
      vertex 5.10782 1.0947 6
    endloop
  endfacet
  facet normal -0.146737 -0.989176 -0
    outer loop
      vertex 5.2146 1.07886 6
      vertex 5.10782 1.0947 0
      vertex 5.2146 1.07886 0
    endloop
  endfacet
  facet normal 0.146737 0.989176 -0
    outer loop
      vertex 4.89218 -1.0947 0
      vertex 4.7854 -1.07886 6
      vertex 4.89218 -1.0947 6
    endloop
  endfacet
  facet normal 0.146737 0.989176 0
    outer loop
      vertex 4.7854 -1.07886 6
      vertex 4.89218 -1.0947 0
      vertex 4.7854 -1.07886 0
    endloop
  endfacet
  facet normal -0.998794 -0.0490972 0
    outer loop
      vertex 6.1 0 0
      vertex 6.0947 0.107819 6
      vertex 6.0947 0.107819 0
    endloop
  endfacet
  facet normal -0.998794 -0.0490972 0
    outer loop
      vertex 6.0947 0.107819 6
      vertex 6.1 0 0
      vertex 6.1 0 6
    endloop
  endfacet
  facet normal 0.336829 -0.941566 0
    outer loop
      vertex 4.57905 1.01627 0
      vertex 4.68069 1.05263 6
      vertex 4.57905 1.01627 6
    endloop
  endfacet
  facet normal 0.336829 -0.941566 0
    outer loop
      vertex 4.68069 1.05263 6
      vertex 4.57905 1.01627 0
      vertex 4.68069 1.05263 0
    endloop
  endfacet
  facet normal 0.336829 0.941566 -0
    outer loop
      vertex 4.68069 -1.05263 0
      vertex 4.57905 -1.01627 6
      vertex 4.68069 -1.05263 6
    endloop
  endfacet
  facet normal 0.336829 0.941566 0
    outer loop
      vertex 4.57905 -1.01627 6
      vertex 4.68069 -1.05263 0
      vertex 4.57905 -1.01627 0
    endloop
  endfacet
  facet normal -0.803185 -0.59573 0
    outer loop
      vertex 5.91462 0.611127 0
      vertex 5.85031 0.697832 6
      vertex 5.85031 0.697832 0
    endloop
  endfacet
  facet normal -0.803185 -0.59573 0
    outer loop
      vertex 5.85031 0.697832 6
      vertex 5.91462 0.611127 0
      vertex 5.91462 0.611127 6
    endloop
  endfacet
  facet normal -0.595723 -0.80319 0
    outer loop
      vertex 5.61113 0.914616 0
      vertex 5.69783 0.850311 6
      vertex 5.61113 0.914616 6
    endloop
  endfacet
  facet normal -0.595723 -0.80319 -0
    outer loop
      vertex 5.69783 0.850311 6
      vertex 5.61113 0.914616 0
      vertex 5.69783 0.850311 0
    endloop
  endfacet
  facet normal -0.998794 0.0490972 0
    outer loop
      vertex 6.0947 -0.107819 0
      vertex 6.1 0 6
      vertex 6.1 0 0
    endloop
  endfacet
  facet normal -0.998794 0.0490972 0
    outer loop
      vertex 6.1 0 6
      vertex 6.0947 -0.107819 0
      vertex 6.0947 -0.107819 6
    endloop
  endfacet
  facet normal 0.970052 0.242897 0
    outer loop
      vertex 3.94736 -0.319313 6
      vertex 3.92114 -0.214599 0
      vertex 3.92114 -0.214599 6
    endloop
  endfacet
  facet normal 0.970052 0.242897 0
    outer loop
      vertex 3.92114 -0.214599 0
      vertex 3.94736 -0.319313 6
      vertex 3.94736 -0.319313 0
    endloop
  endfacet
  facet normal 0.671535 -0.740973 0
    outer loop
      vertex 4.22218 0.777817 0
      vertex 4.30217 0.850311 6
      vertex 4.22218 0.777817 6
    endloop
  endfacet
  facet normal 0.671535 -0.740973 0
    outer loop
      vertex 4.30217 0.850311 6
      vertex 4.22218 0.777817 0
      vertex 4.30217 0.850311 0
    endloop
  endfacet
  facet normal -0.97003 -0.242985 0
    outer loop
      vertex 6.07886 0.214599 0
      vertex 6.05263 0.319313 6
      vertex 6.05263 0.319313 0
    endloop
  endfacet
  facet normal -0.97003 -0.242985 0
    outer loop
      vertex 6.05263 0.319313 6
      vertex 6.07886 0.214599 0
      vertex 6.07886 0.214599 6
    endloop
  endfacet
  facet normal 0.903969 -0.427598 0
    outer loop
      vertex 3.98373 0.420951 6
      vertex 4.02989 0.518536 0
      vertex 4.02989 0.518536 6
    endloop
  endfacet
  facet normal 0.903969 -0.427598 0
    outer loop
      vertex 4.02989 0.518536 0
      vertex 3.98373 0.420951 6
      vertex 3.98373 0.420951 0
    endloop
  endfacet
  facet normal -0.427558 -0.903988 0
    outer loop
      vertex 5.42095 1.01627 0
      vertex 5.51854 0.970113 6
      vertex 5.42095 1.01627 6
    endloop
  endfacet
  facet normal -0.427558 -0.903988 -0
    outer loop
      vertex 5.51854 0.970113 6
      vertex 5.42095 1.01627 0
      vertex 5.51854 0.970113 0
    endloop
  endfacet
  facet normal 0.427558 -0.903988 0
    outer loop
      vertex 4.48146 0.970113 0
      vertex 4.57905 1.01627 6
      vertex 4.48146 0.970113 6
    endloop
  endfacet
  facet normal 0.427558 -0.903988 0
    outer loop
      vertex 4.57905 1.01627 6
      vertex 4.48146 0.970113 0
      vertex 4.57905 1.01627 0
    endloop
  endfacet
  facet normal -0.242993 0.970028 0
    outer loop
      vertex 5.31931 -1.05263 0
      vertex 5.2146 -1.07886 6
      vertex 5.31931 -1.05263 6
    endloop
  endfacet
  facet normal -0.242993 0.970028 0
    outer loop
      vertex 5.2146 -1.07886 6
      vertex 5.31931 -1.05263 0
      vertex 5.2146 -1.07886 0
    endloop
  endfacet
  facet normal -0.903969 -0.427598 0
    outer loop
      vertex 6.01627 0.420951 0
      vertex 5.97011 0.518536 6
      vertex 5.97011 0.518536 0
    endloop
  endfacet
  facet normal -0.903969 -0.427598 0
    outer loop
      vertex 5.97011 0.518536 6
      vertex 6.01627 0.420951 0
      vertex 6.01627 0.420951 6
    endloop
  endfacet
  facet normal -0.336829 0.941566 0
    outer loop
      vertex 5.42095 -1.01627 0
      vertex 5.31931 -1.05263 6
      vertex 5.42095 -1.01627 6
    endloop
  endfacet
  facet normal -0.336829 0.941566 0
    outer loop
      vertex 5.31931 -1.05263 6
      vertex 5.42095 -1.01627 0
      vertex 5.31931 -1.05263 0
    endloop
  endfacet
  facet normal 0.242993 -0.970028 0
    outer loop
      vertex 4.68069 1.05263 0
      vertex 4.7854 1.07886 6
      vertex 4.68069 1.05263 6
    endloop
  endfacet
  facet normal 0.242993 -0.970028 0
    outer loop
      vertex 4.7854 1.07886 6
      vertex 4.68069 1.05263 0
      vertex 4.7854 1.07886 0
    endloop
  endfacet
  facet normal -0.989176 0.146737 0
    outer loop
      vertex 6.07886 -0.214599 0
      vertex 6.0947 -0.107819 6
      vertex 6.0947 -0.107819 0
    endloop
  endfacet
  facet normal -0.989176 0.146737 0
    outer loop
      vertex 6.0947 -0.107819 6
      vertex 6.07886 -0.214599 0
      vertex 6.07886 -0.214599 6
    endloop
  endfacet
  facet normal 0.0490967 0.998794 -0
    outer loop
      vertex 5 -1.1 0
      vertex 4.89218 -1.0947 6
      vertex 5 -1.1 6
    endloop
  endfacet
  facet normal 0.0490967 0.998794 0
    outer loop
      vertex 4.89218 -1.0947 6
      vertex 5 -1.1 0
      vertex 4.89218 -1.0947 0
    endloop
  endfacet
  facet normal 0.998794 -0.0490972 0
    outer loop
      vertex 3.9 0 6
      vertex 3.9053 0.107819 0
      vertex 3.9053 0.107819 6
    endloop
  endfacet
  facet normal 0.998794 -0.0490972 0
    outer loop
      vertex 3.9053 0.107819 0
      vertex 3.9 0 6
      vertex 3.9 0 0
    endloop
  endfacet
  facet normal 0.74097 -0.671538 0
    outer loop
      vertex 4.14969 0.697832 6
      vertex 4.22218 0.777817 0
      vertex 4.22218 0.777817 6
    endloop
  endfacet
  facet normal 0.74097 -0.671538 0
    outer loop
      vertex 4.22218 0.777817 0
      vertex 4.14969 0.697832 6
      vertex 4.14969 0.697832 0
    endloop
  endfacet
  facet normal -0.336829 -0.941566 0
    outer loop
      vertex 5.31931 1.05263 0
      vertex 5.42095 1.01627 6
      vertex 5.31931 1.05263 6
    endloop
  endfacet
  facet normal -0.336829 -0.941566 -0
    outer loop
      vertex 5.42095 1.01627 6
      vertex 5.31931 1.05263 0
      vertex 5.42095 1.01627 0
    endloop
  endfacet
  facet normal -0.242993 -0.970028 0
    outer loop
      vertex 5.2146 1.07886 0
      vertex 5.31931 1.05263 6
      vertex 5.2146 1.07886 6
    endloop
  endfacet
  facet normal -0.242993 -0.970028 -0
    outer loop
      vertex 5.31931 1.05263 6
      vertex 5.2146 1.07886 0
      vertex 5.31931 1.05263 0
    endloop
  endfacet
  facet normal -0.514107 0.857726 0
    outer loop
      vertex 5.61113 -0.914616 0
      vertex 5.51854 -0.970113 6
      vertex 5.61113 -0.914616 6
    endloop
  endfacet
  facet normal -0.514107 0.857726 0
    outer loop
      vertex 5.51854 -0.970113 6
      vertex 5.61113 -0.914616 0
      vertex 5.51854 -0.970113 0
    endloop
  endfacet
  facet normal -0.941564 -0.336835 0
    outer loop
      vertex 6.05263 0.319313 0
      vertex 6.01627 0.420951 6
      vertex 6.01627 0.420951 0
    endloop
  endfacet
  facet normal -0.941564 -0.336835 0
    outer loop
      vertex 6.01627 0.420951 6
      vertex 6.05263 0.319313 0
      vertex 6.05263 0.319313 6
    endloop
  endfacet
  facet normal -0.903969 0.427598 0
    outer loop
      vertex 5.97011 -0.518536 0
      vertex 6.01627 -0.420951 6
      vertex 6.01627 -0.420951 0
    endloop
  endfacet
  facet normal -0.903969 0.427598 0
    outer loop
      vertex 6.01627 -0.420951 6
      vertex 5.97011 -0.518536 0
      vertex 5.97011 -0.518536 6
    endloop
  endfacet
  facet normal 0.595723 -0.80319 0
    outer loop
      vertex 4.30217 0.850311 0
      vertex 4.38887 0.914616 6
      vertex 4.30217 0.850311 6
    endloop
  endfacet
  facet normal 0.595723 -0.80319 0
    outer loop
      vertex 4.38887 0.914616 6
      vertex 4.30217 0.850311 0
      vertex 4.38887 0.914616 0
    endloop
  endfacet
  facet normal 0.998794 0.0490972 0
    outer loop
      vertex 3.9053 -0.107819 6
      vertex 3.9 0 0
      vertex 3.9 0 6
    endloop
  endfacet
  facet normal 0.998794 0.0490972 0
    outer loop
      vertex 3.9 0 0
      vertex 3.9053 -0.107819 6
      vertex 3.9053 -0.107819 0
    endloop
  endfacet
  facet normal -0.514107 -0.857726 0
    outer loop
      vertex 5.51854 0.970113 0
      vertex 5.61113 0.914616 6
      vertex 5.51854 0.970113 6
    endloop
  endfacet
  facet normal -0.514107 -0.857726 -0
    outer loop
      vertex 5.61113 0.914616 6
      vertex 5.51854 0.970113 0
      vertex 5.61113 0.914616 0
    endloop
  endfacet
  facet normal -0.74097 0.671538 0
    outer loop
      vertex 5.77782 -0.777817 0
      vertex 5.85031 -0.697832 6
      vertex 5.85031 -0.697832 0
    endloop
  endfacet
  facet normal -0.74097 0.671538 0
    outer loop
      vertex 5.85031 -0.697832 6
      vertex 5.77782 -0.777817 0
      vertex 5.77782 -0.777817 6
    endloop
  endfacet
  facet normal -0.97003 0.242985 0
    outer loop
      vertex 6.05263 -0.319313 0
      vertex 6.07886 -0.214599 6
      vertex 6.07886 -0.214599 0
    endloop
  endfacet
  facet normal -0.97003 0.242985 0
    outer loop
      vertex 6.07886 -0.214599 6
      vertex 6.05263 -0.319313 0
      vertex 6.05263 -0.319313 6
    endloop
  endfacet
  facet normal -0.941564 0.336835 0
    outer loop
      vertex 6.01627 -0.420951 0
      vertex 6.05263 -0.319313 6
      vertex 6.05263 -0.319313 0
    endloop
  endfacet
  facet normal -0.941564 0.336835 0
    outer loop
      vertex 6.05263 -0.319313 6
      vertex 6.01627 -0.420951 0
      vertex 6.01627 -0.420951 6
    endloop
  endfacet
  facet normal 0.857757 0.514056 0
    outer loop
      vertex 4.08538 -0.611127 6
      vertex 4.02989 -0.518536 0
      vertex 4.02989 -0.518536 6
    endloop
  endfacet
  facet normal 0.857757 0.514056 0
    outer loop
      vertex 4.02989 -0.518536 0
      vertex 4.08538 -0.611127 6
      vertex 4.08538 -0.611127 0
    endloop
  endfacet
  facet normal 0.514107 -0.857726 0
    outer loop
      vertex 4.38887 0.914616 0
      vertex 4.48146 0.970113 6
      vertex 4.38887 0.914616 6
    endloop
  endfacet
  facet normal 0.514107 -0.857726 0
    outer loop
      vertex 4.48146 0.970113 6
      vertex 4.38887 0.914616 0
      vertex 4.48146 0.970113 0
    endloop
  endfacet
  facet normal -0.0490967 -0.998794 0
    outer loop
      vertex 5 1.1 0
      vertex 5.10782 1.0947 6
      vertex 5 1.1 6
    endloop
  endfacet
  facet normal -0.0490967 -0.998794 -0
    outer loop
      vertex 5.10782 1.0947 6
      vertex 5 1.1 0
      vertex 5.10782 1.0947 0
    endloop
  endfacet
  facet normal -0.595723 0.80319 0
    outer loop
      vertex 5.69783 -0.850311 0
      vertex 5.61113 -0.914616 6
      vertex 5.69783 -0.850311 6
    endloop
  endfacet
  facet normal -0.595723 0.80319 0
    outer loop
      vertex 5.61113 -0.914616 6
      vertex 5.69783 -0.850311 0
      vertex 5.61113 -0.914616 0
    endloop
  endfacet
  facet normal -0.803185 0.59573 0
    outer loop
      vertex 5.85031 -0.697832 0
      vertex 5.91462 -0.611127 6
      vertex 5.91462 -0.611127 0
    endloop
  endfacet
  facet normal -0.803185 0.59573 0
    outer loop
      vertex 5.91462 -0.611127 6
      vertex 5.85031 -0.697832 0
      vertex 5.85031 -0.697832 6
    endloop
  endfacet
  facet normal 0.803185 0.59573 0
    outer loop
      vertex 4.14969 -0.697832 6
      vertex 4.08538 -0.611127 0
      vertex 4.08538 -0.611127 6
    endloop
  endfacet
  facet normal 0.803185 0.59573 0
    outer loop
      vertex 4.08538 -0.611127 0
      vertex 4.14969 -0.697832 6
      vertex 4.14969 -0.697832 0
    endloop
  endfacet
  facet normal 0.74097 0.671538 0
    outer loop
      vertex 4.22218 -0.777817 6
      vertex 4.14969 -0.697832 0
      vertex 4.14969 -0.697832 6
    endloop
  endfacet
  facet normal 0.74097 0.671538 0
    outer loop
      vertex 4.14969 -0.697832 0
      vertex 4.22218 -0.777817 6
      vertex 4.22218 -0.777817 0
    endloop
  endfacet
  facet normal 0.427558 0.903988 -0
    outer loop
      vertex 4.57905 -1.01627 0
      vertex 4.48146 -0.970113 6
      vertex 4.57905 -1.01627 6
    endloop
  endfacet
  facet normal 0.427558 0.903988 0
    outer loop
      vertex 4.48146 -0.970113 6
      vertex 4.57905 -1.01627 0
      vertex 4.48146 -0.970113 0
    endloop
  endfacet
  facet normal -0.671535 0.740973 0
    outer loop
      vertex 5.77782 -0.777817 0
      vertex 5.69783 -0.850311 6
      vertex 5.77782 -0.777817 6
    endloop
  endfacet
  facet normal -0.671535 0.740973 0
    outer loop
      vertex 5.69783 -0.850311 6
      vertex 5.77782 -0.777817 0
      vertex 5.69783 -0.850311 0
    endloop
  endfacet
  facet normal 0.803185 -0.59573 0
    outer loop
      vertex 4.08538 0.611127 6
      vertex 4.14969 0.697832 0
      vertex 4.14969 0.697832 6
    endloop
  endfacet
  facet normal 0.803185 -0.59573 0
    outer loop
      vertex 4.14969 0.697832 0
      vertex 4.08538 0.611127 6
      vertex 4.08538 0.611127 0
    endloop
  endfacet
  facet normal 0.903969 0.427598 0
    outer loop
      vertex 4.02989 -0.518536 6
      vertex 3.98373 -0.420951 0
      vertex 3.98373 -0.420951 6
    endloop
  endfacet
  facet normal 0.903969 0.427598 0
    outer loop
      vertex 3.98373 -0.420951 0
      vertex 4.02989 -0.518536 6
      vertex 4.02989 -0.518536 0
    endloop
  endfacet
  facet normal 0.941534 -0.336917 0
    outer loop
      vertex 3.94736 0.319313 6
      vertex 3.98373 0.420951 0
      vertex 3.98373 0.420951 6
    endloop
  endfacet
  facet normal 0.941534 -0.336917 0
    outer loop
      vertex 3.98373 0.420951 0
      vertex 3.94736 0.319313 6
      vertex 3.94736 0.319313 0
    endloop
  endfacet
  facet normal 0.595723 0.80319 -0
    outer loop
      vertex 4.38887 -0.914616 0
      vertex 4.30217 -0.850311 6
      vertex 4.38887 -0.914616 6
    endloop
  endfacet
  facet normal 0.595723 0.80319 0
    outer loop
      vertex 4.30217 -0.850311 6
      vertex 4.38887 -0.914616 0
      vertex 4.30217 -0.850311 0
    endloop
  endfacet
  facet normal 0.242993 0.970028 -0
    outer loop
      vertex 4.7854 -1.07886 0
      vertex 4.68069 -1.05263 6
      vertex 4.7854 -1.07886 6
    endloop
  endfacet
  facet normal 0.242993 0.970028 0
    outer loop
      vertex 4.68069 -1.05263 6
      vertex 4.7854 -1.07886 0
      vertex 4.68069 -1.05263 0
    endloop
  endfacet
  facet normal 0.857757 -0.514056 0
    outer loop
      vertex 4.02989 0.518536 6
      vertex 4.08538 0.611127 0
      vertex 4.08538 0.611127 6
    endloop
  endfacet
  facet normal 0.857757 -0.514056 0
    outer loop
      vertex 4.08538 0.611127 0
      vertex 4.02989 0.518536 6
      vertex 4.02989 0.518536 0
    endloop
  endfacet
  facet normal -0.989176 -0.146737 0
    outer loop
      vertex -6.9053 0.107819 0
      vertex -6.92114 0.214599 6
      vertex -6.92114 0.214599 0
    endloop
  endfacet
  facet normal -0.989176 -0.146737 0
    outer loop
      vertex -6.92114 0.214599 6
      vertex -6.9053 0.107819 0
      vertex -6.9053 0.107819 6
    endloop
  endfacet
  facet normal -0.998794 -0.0490972 0
    outer loop
      vertex -6.9 0 0
      vertex -6.9053 0.107819 6
      vertex -6.9053 0.107819 0
    endloop
  endfacet
  facet normal -0.998794 -0.0490972 0
    outer loop
      vertex -6.9053 0.107819 6
      vertex -6.9 0 0
      vertex -6.9 0 6
    endloop
  endfacet
  facet normal -0.970052 -0.242897 0
    outer loop
      vertex -6.92114 0.214599 0
      vertex -6.94736 0.319313 6
      vertex -6.94736 0.319313 0
    endloop
  endfacet
  facet normal -0.970052 -0.242897 0
    outer loop
      vertex -6.94736 0.319313 6
      vertex -6.92114 0.214599 0
      vertex -6.92114 0.214599 6
    endloop
  endfacet
  facet normal 0.427558 -0.903988 0
    outer loop
      vertex -8.51854 0.970113 0
      vertex -8.42095 1.01627 6
      vertex -8.51854 0.970113 6
    endloop
  endfacet
  facet normal 0.427558 -0.903988 0
    outer loop
      vertex -8.42095 1.01627 6
      vertex -8.51854 0.970113 0
      vertex -8.42095 1.01627 0
    endloop
  endfacet
  facet normal -0.336829 -0.941566 0
    outer loop
      vertex -7.68069 1.05263 0
      vertex -7.57905 1.01627 6
      vertex -7.68069 1.05263 6
    endloop
  endfacet
  facet normal -0.336829 -0.941566 -0
    outer loop
      vertex -7.57905 1.01627 6
      vertex -7.68069 1.05263 0
      vertex -7.57905 1.01627 0
    endloop
  endfacet
  facet normal -0.146737 -0.989176 0
    outer loop
      vertex -7.89218 1.0947 0
      vertex -7.7854 1.07886 6
      vertex -7.89218 1.0947 6
    endloop
  endfacet
  facet normal -0.146737 -0.989176 -0
    outer loop
      vertex -7.7854 1.07886 6
      vertex -7.89218 1.0947 0
      vertex -7.7854 1.07886 0
    endloop
  endfacet
  facet normal -0.998794 0.0490972 0
    outer loop
      vertex -6.9053 -0.107819 0
      vertex -6.9 0 6
      vertex -6.9 0 0
    endloop
  endfacet
  facet normal -0.998794 0.0490972 0
    outer loop
      vertex -6.9 0 6
      vertex -6.9053 -0.107819 0
      vertex -6.9053 -0.107819 6
    endloop
  endfacet
  facet normal -0.242993 0.970028 0
    outer loop
      vertex -7.68069 -1.05263 0
      vertex -7.7854 -1.07886 6
      vertex -7.68069 -1.05263 6
    endloop
  endfacet
  facet normal -0.242993 0.970028 0
    outer loop
      vertex -7.7854 -1.07886 6
      vertex -7.68069 -1.05263 0
      vertex -7.7854 -1.07886 0
    endloop
  endfacet
  facet normal -0.803185 0.59573 0
    outer loop
      vertex -7.14969 -0.697832 0
      vertex -7.08538 -0.611127 6
      vertex -7.08538 -0.611127 0
    endloop
  endfacet
  facet normal -0.803185 0.59573 0
    outer loop
      vertex -7.08538 -0.611127 6
      vertex -7.14969 -0.697832 0
      vertex -7.14969 -0.697832 6
    endloop
  endfacet
  facet normal 0.514107 -0.857726 0
    outer loop
      vertex -8.61113 0.914616 0
      vertex -8.51854 0.970113 6
      vertex -8.61113 0.914616 6
    endloop
  endfacet
  facet normal 0.514107 -0.857726 0
    outer loop
      vertex -8.51854 0.970113 6
      vertex -8.61113 0.914616 0
      vertex -8.51854 0.970113 0
    endloop
  endfacet
  facet normal 0.989176 0.146737 0
    outer loop
      vertex -9.07886 -0.214599 6
      vertex -9.0947 -0.107819 0
      vertex -9.0947 -0.107819 6
    endloop
  endfacet
  facet normal 0.989176 0.146737 0
    outer loop
      vertex -9.0947 -0.107819 0
      vertex -9.07886 -0.214599 6
      vertex -9.07886 -0.214599 0
    endloop
  endfacet
  facet normal 0.74097 -0.671538 0
    outer loop
      vertex -8.85031 0.697832 6
      vertex -8.77782 0.777817 0
      vertex -8.77782 0.777817 6
    endloop
  endfacet
  facet normal 0.74097 -0.671538 0
    outer loop
      vertex -8.77782 0.777817 0
      vertex -8.85031 0.697832 6
      vertex -8.85031 0.697832 0
    endloop
  endfacet
  facet normal 0.97003 -0.242985 0
    outer loop
      vertex -9.07886 0.214599 6
      vertex -9.05263 0.319313 0
      vertex -9.05263 0.319313 6
    endloop
  endfacet
  facet normal 0.97003 -0.242985 0
    outer loop
      vertex -9.05263 0.319313 0
      vertex -9.07886 0.214599 6
      vertex -9.07886 0.214599 0
    endloop
  endfacet
  facet normal -0.427558 0.903988 0
    outer loop
      vertex -7.48146 -0.970113 0
      vertex -7.57905 -1.01627 6
      vertex -7.48146 -0.970113 6
    endloop
  endfacet
  facet normal -0.427558 0.903988 0
    outer loop
      vertex -7.57905 -1.01627 6
      vertex -7.48146 -0.970113 0
      vertex -7.57905 -1.01627 0
    endloop
  endfacet
  facet normal 0.0490967 -0.998794 0
    outer loop
      vertex -8.10782 1.0947 0
      vertex -8 1.1 6
      vertex -8.10782 1.0947 6
    endloop
  endfacet
  facet normal 0.0490967 -0.998794 0
    outer loop
      vertex -8 1.1 6
      vertex -8.10782 1.0947 0
      vertex -8 1.1 0
    endloop
  endfacet
  facet normal 0.595723 0.80319 -0
    outer loop
      vertex -8.61113 -0.914616 0
      vertex -8.69783 -0.850311 6
      vertex -8.61113 -0.914616 6
    endloop
  endfacet
  facet normal 0.595723 0.80319 0
    outer loop
      vertex -8.69783 -0.850311 6
      vertex -8.61113 -0.914616 0
      vertex -8.69783 -0.850311 0
    endloop
  endfacet
  facet normal -0.146737 0.989176 0
    outer loop
      vertex -7.7854 -1.07886 0
      vertex -7.89218 -1.0947 6
      vertex -7.7854 -1.07886 6
    endloop
  endfacet
  facet normal -0.146737 0.989176 0
    outer loop
      vertex -7.89218 -1.0947 6
      vertex -7.7854 -1.07886 0
      vertex -7.89218 -1.0947 0
    endloop
  endfacet
  facet normal 0.146737 -0.989176 0
    outer loop
      vertex -8.2146 1.07886 0
      vertex -8.10782 1.0947 6
      vertex -8.2146 1.07886 6
    endloop
  endfacet
  facet normal 0.146737 -0.989176 0
    outer loop
      vertex -8.10782 1.0947 6
      vertex -8.2146 1.07886 0
      vertex -8.10782 1.0947 0
    endloop
  endfacet
  facet normal 0.989176 -0.146737 0
    outer loop
      vertex -9.0947 0.107819 6
      vertex -9.07886 0.214599 0
      vertex -9.07886 0.214599 6
    endloop
  endfacet
  facet normal 0.989176 -0.146737 0
    outer loop
      vertex -9.07886 0.214599 0
      vertex -9.0947 0.107819 6
      vertex -9.0947 0.107819 0
    endloop
  endfacet
  facet normal 0.803185 0.59573 0
    outer loop
      vertex -8.85031 -0.697832 6
      vertex -8.91462 -0.611127 0
      vertex -8.91462 -0.611127 6
    endloop
  endfacet
  facet normal 0.803185 0.59573 0
    outer loop
      vertex -8.91462 -0.611127 0
      vertex -8.85031 -0.697832 6
      vertex -8.85031 -0.697832 0
    endloop
  endfacet
  facet normal -0.903969 0.427598 0
    outer loop
      vertex -7.02989 -0.518536 0
      vertex -6.98373 -0.420951 6
      vertex -6.98373 -0.420951 0
    endloop
  endfacet
  facet normal -0.903969 0.427598 0
    outer loop
      vertex -6.98373 -0.420951 6
      vertex -7.02989 -0.518536 0
      vertex -7.02989 -0.518536 6
    endloop
  endfacet
  facet normal -0.671535 -0.740973 0
    outer loop
      vertex -7.30217 0.850311 0
      vertex -7.22218 0.777817 6
      vertex -7.30217 0.850311 6
    endloop
  endfacet
  facet normal -0.671535 -0.740973 -0
    outer loop
      vertex -7.22218 0.777817 6
      vertex -7.30217 0.850311 0
      vertex -7.22218 0.777817 0
    endloop
  endfacet
  facet normal 0.242993 -0.970028 0
    outer loop
      vertex -8.31931 1.05263 0
      vertex -8.2146 1.07886 6
      vertex -8.31931 1.05263 6
    endloop
  endfacet
  facet normal 0.242993 -0.970028 0
    outer loop
      vertex -8.2146 1.07886 6
      vertex -8.31931 1.05263 0
      vertex -8.2146 1.07886 0
    endloop
  endfacet
  facet normal -0.427558 -0.903988 0
    outer loop
      vertex -7.57905 1.01627 0
      vertex -7.48146 0.970113 6
      vertex -7.57905 1.01627 6
    endloop
  endfacet
  facet normal -0.427558 -0.903988 -0
    outer loop
      vertex -7.48146 0.970113 6
      vertex -7.57905 1.01627 0
      vertex -7.48146 0.970113 0
    endloop
  endfacet
  facet normal -0.0490967 0.998794 0
    outer loop
      vertex -7.89218 -1.0947 0
      vertex -8 -1.1 6
      vertex -7.89218 -1.0947 6
    endloop
  endfacet
  facet normal -0.0490967 0.998794 0
    outer loop
      vertex -8 -1.1 6
      vertex -7.89218 -1.0947 0
      vertex -8 -1.1 0
    endloop
  endfacet
  facet normal -0.803185 -0.59573 0
    outer loop
      vertex -7.08538 0.611127 0
      vertex -7.14969 0.697832 6
      vertex -7.14969 0.697832 0
    endloop
  endfacet
  facet normal -0.803185 -0.59573 0
    outer loop
      vertex -7.14969 0.697832 6
      vertex -7.08538 0.611127 0
      vertex -7.08538 0.611127 6
    endloop
  endfacet
  facet normal 0.903969 0.427598 0
    outer loop
      vertex -8.97011 -0.518536 6
      vertex -9.01627 -0.420951 0
      vertex -9.01627 -0.420951 6
    endloop
  endfacet
  facet normal 0.903969 0.427598 0
    outer loop
      vertex -9.01627 -0.420951 0
      vertex -8.97011 -0.518536 6
      vertex -8.97011 -0.518536 0
    endloop
  endfacet
  facet normal 0.74097 0.671538 0
    outer loop
      vertex -8.77782 -0.777817 6
      vertex -8.85031 -0.697832 0
      vertex -8.85031 -0.697832 6
    endloop
  endfacet
  facet normal 0.74097 0.671538 0
    outer loop
      vertex -8.85031 -0.697832 0
      vertex -8.77782 -0.777817 6
      vertex -8.77782 -0.777817 0
    endloop
  endfacet
  facet normal 0.336829 0.941566 -0
    outer loop
      vertex -8.31931 -1.05263 0
      vertex -8.42095 -1.01627 6
      vertex -8.31931 -1.05263 6
    endloop
  endfacet
  facet normal 0.336829 0.941566 0
    outer loop
      vertex -8.42095 -1.01627 6
      vertex -8.31931 -1.05263 0
      vertex -8.42095 -1.01627 0
    endloop
  endfacet
  facet normal 0.0490967 0.998794 -0
    outer loop
      vertex -8 -1.1 0
      vertex -8.10782 -1.0947 6
      vertex -8 -1.1 6
    endloop
  endfacet
  facet normal 0.0490967 0.998794 0
    outer loop
      vertex -8.10782 -1.0947 6
      vertex -8 -1.1 0
      vertex -8.10782 -1.0947 0
    endloop
  endfacet
  facet normal 0.998794 -0.0490972 0
    outer loop
      vertex -9.1 0 6
      vertex -9.0947 0.107819 0
      vertex -9.0947 0.107819 6
    endloop
  endfacet
  facet normal 0.998794 -0.0490972 0
    outer loop
      vertex -9.0947 0.107819 0
      vertex -9.1 0 6
      vertex -9.1 0 0
    endloop
  endfacet
  facet normal -0.336829 0.941566 0
    outer loop
      vertex -7.57905 -1.01627 0
      vertex -7.68069 -1.05263 6
      vertex -7.57905 -1.01627 6
    endloop
  endfacet
  facet normal -0.336829 0.941566 0
    outer loop
      vertex -7.68069 -1.05263 6
      vertex -7.57905 -1.01627 0
      vertex -7.68069 -1.05263 0
    endloop
  endfacet
  facet normal -0.970052 0.242897 0
    outer loop
      vertex -6.94736 -0.319313 0
      vertex -6.92114 -0.214599 6
      vertex -6.92114 -0.214599 0
    endloop
  endfacet
  facet normal -0.970052 0.242897 0
    outer loop
      vertex -6.92114 -0.214599 6
      vertex -6.94736 -0.319313 0
      vertex -6.94736 -0.319313 6
    endloop
  endfacet
  facet normal -0.941534 0.336917 0
    outer loop
      vertex -6.98373 -0.420951 0
      vertex -6.94736 -0.319313 6
      vertex -6.94736 -0.319313 0
    endloop
  endfacet
  facet normal -0.941534 0.336917 0
    outer loop
      vertex -6.94736 -0.319313 6
      vertex -6.98373 -0.420951 0
      vertex -6.98373 -0.420951 6
    endloop
  endfacet
  facet normal -0.74097 0.671538 0
    outer loop
      vertex -7.22218 -0.777817 0
      vertex -7.14969 -0.697832 6
      vertex -7.14969 -0.697832 0
    endloop
  endfacet
  facet normal -0.74097 0.671538 0
    outer loop
      vertex -7.14969 -0.697832 6
      vertex -7.22218 -0.777817 0
      vertex -7.22218 -0.777817 6
    endloop
  endfacet
  facet normal -0.514107 -0.857726 0
    outer loop
      vertex -7.48146 0.970113 0
      vertex -7.38887 0.914616 6
      vertex -7.48146 0.970113 6
    endloop
  endfacet
  facet normal -0.514107 -0.857726 -0
    outer loop
      vertex -7.38887 0.914616 6
      vertex -7.48146 0.970113 0
      vertex -7.38887 0.914616 0
    endloop
  endfacet
  facet normal -0.242993 -0.970028 0
    outer loop
      vertex -7.7854 1.07886 0
      vertex -7.68069 1.05263 6
      vertex -7.7854 1.07886 6
    endloop
  endfacet
  facet normal -0.242993 -0.970028 -0
    outer loop
      vertex -7.68069 1.05263 6
      vertex -7.7854 1.07886 0
      vertex -7.68069 1.05263 0
    endloop
  endfacet
  facet normal -0.941534 -0.336917 0
    outer loop
      vertex -6.94736 0.319313 0
      vertex -6.98373 0.420951 6
      vertex -6.98373 0.420951 0
    endloop
  endfacet
  facet normal -0.941534 -0.336917 0
    outer loop
      vertex -6.98373 0.420951 6
      vertex -6.94736 0.319313 0
      vertex -6.94736 0.319313 6
    endloop
  endfacet
  facet normal -0.595723 -0.80319 0
    outer loop
      vertex -7.38887 0.914616 0
      vertex -7.30217 0.850311 6
      vertex -7.38887 0.914616 6
    endloop
  endfacet
  facet normal -0.595723 -0.80319 -0
    outer loop
      vertex -7.30217 0.850311 6
      vertex -7.38887 0.914616 0
      vertex -7.30217 0.850311 0
    endloop
  endfacet
  facet normal 0.97003 0.242985 0
    outer loop
      vertex -9.05263 -0.319313 6
      vertex -9.07886 -0.214599 0
      vertex -9.07886 -0.214599 6
    endloop
  endfacet
  facet normal 0.97003 0.242985 0
    outer loop
      vertex -9.07886 -0.214599 0
      vertex -9.05263 -0.319313 6
      vertex -9.05263 -0.319313 0
    endloop
  endfacet
  facet normal -0.903969 -0.427598 0
    outer loop
      vertex -6.98373 0.420951 0
      vertex -7.02989 0.518536 6
      vertex -7.02989 0.518536 0
    endloop
  endfacet
  facet normal -0.903969 -0.427598 0
    outer loop
      vertex -7.02989 0.518536 6
      vertex -6.98373 0.420951 0
      vertex -6.98373 0.420951 6
    endloop
  endfacet
  facet normal -0.0490967 -0.998794 0
    outer loop
      vertex -8 1.1 0
      vertex -7.89218 1.0947 6
      vertex -8 1.1 6
    endloop
  endfacet
  facet normal -0.0490967 -0.998794 -0
    outer loop
      vertex -7.89218 1.0947 6
      vertex -8 1.1 0
      vertex -7.89218 1.0947 0
    endloop
  endfacet
  facet normal -0.989176 0.146737 0
    outer loop
      vertex -6.92114 -0.214599 0
      vertex -6.9053 -0.107819 6
      vertex -6.9053 -0.107819 0
    endloop
  endfacet
  facet normal -0.989176 0.146737 0
    outer loop
      vertex -6.9053 -0.107819 6
      vertex -6.92114 -0.214599 0
      vertex -6.92114 -0.214599 6
    endloop
  endfacet
  facet normal -0.857757 -0.514056 0
    outer loop
      vertex -7.02989 0.518536 0
      vertex -7.08538 0.611127 6
      vertex -7.08538 0.611127 0
    endloop
  endfacet
  facet normal -0.857757 -0.514056 0
    outer loop
      vertex -7.08538 0.611127 6
      vertex -7.02989 0.518536 0
      vertex -7.02989 0.518536 6
    endloop
  endfacet
  facet normal 0.671535 0.740973 -0
    outer loop
      vertex -8.69783 -0.850311 0
      vertex -8.77782 -0.777817 6
      vertex -8.69783 -0.850311 6
    endloop
  endfacet
  facet normal 0.671535 0.740973 0
    outer loop
      vertex -8.77782 -0.777817 6
      vertex -8.69783 -0.850311 0
      vertex -8.77782 -0.777817 0
    endloop
  endfacet
  facet normal 0.336829 -0.941566 0
    outer loop
      vertex -8.42095 1.01627 0
      vertex -8.31931 1.05263 6
      vertex -8.42095 1.01627 6
    endloop
  endfacet
  facet normal 0.336829 -0.941566 0
    outer loop
      vertex -8.31931 1.05263 6
      vertex -8.42095 1.01627 0
      vertex -8.31931 1.05263 0
    endloop
  endfacet
  facet normal 0.671535 -0.740973 0
    outer loop
      vertex -8.77782 0.777817 0
      vertex -8.69783 0.850311 6
      vertex -8.77782 0.777817 6
    endloop
  endfacet
  facet normal 0.671535 -0.740973 0
    outer loop
      vertex -8.69783 0.850311 6
      vertex -8.77782 0.777817 0
      vertex -8.69783 0.850311 0
    endloop
  endfacet
  facet normal 0.857757 0.514056 0
    outer loop
      vertex -8.91462 -0.611127 6
      vertex -8.97011 -0.518536 0
      vertex -8.97011 -0.518536 6
    endloop
  endfacet
  facet normal 0.857757 0.514056 0
    outer loop
      vertex -8.97011 -0.518536 0
      vertex -8.91462 -0.611127 6
      vertex -8.91462 -0.611127 0
    endloop
  endfacet
  facet normal -0.671535 0.740973 0
    outer loop
      vertex -7.22218 -0.777817 0
      vertex -7.30217 -0.850311 6
      vertex -7.22218 -0.777817 6
    endloop
  endfacet
  facet normal -0.671535 0.740973 0
    outer loop
      vertex -7.30217 -0.850311 6
      vertex -7.22218 -0.777817 0
      vertex -7.30217 -0.850311 0
    endloop
  endfacet
  facet normal -0.595723 0.80319 0
    outer loop
      vertex -7.30217 -0.850311 0
      vertex -7.38887 -0.914616 6
      vertex -7.30217 -0.850311 6
    endloop
  endfacet
  facet normal -0.595723 0.80319 0
    outer loop
      vertex -7.38887 -0.914616 6
      vertex -7.30217 -0.850311 0
      vertex -7.38887 -0.914616 0
    endloop
  endfacet
  facet normal 0.857757 -0.514056 0
    outer loop
      vertex -8.97011 0.518536 6
      vertex -8.91462 0.611127 0
      vertex -8.91462 0.611127 6
    endloop
  endfacet
  facet normal 0.857757 -0.514056 0
    outer loop
      vertex -8.91462 0.611127 0
      vertex -8.97011 0.518536 6
      vertex -8.97011 0.518536 0
    endloop
  endfacet
  facet normal 0.146737 0.989176 -0
    outer loop
      vertex -8.10782 -1.0947 0
      vertex -8.2146 -1.07886 6
      vertex -8.10782 -1.0947 6
    endloop
  endfacet
  facet normal 0.146737 0.989176 0
    outer loop
      vertex -8.2146 -1.07886 6
      vertex -8.10782 -1.0947 0
      vertex -8.2146 -1.07886 0
    endloop
  endfacet
  facet normal 0.941564 0.336835 0
    outer loop
      vertex -9.01627 -0.420951 6
      vertex -9.05263 -0.319313 0
      vertex -9.05263 -0.319313 6
    endloop
  endfacet
  facet normal 0.941564 0.336835 0
    outer loop
      vertex -9.05263 -0.319313 0
      vertex -9.01627 -0.420951 6
      vertex -9.01627 -0.420951 0
    endloop
  endfacet
  facet normal -0.857757 0.514056 0
    outer loop
      vertex -7.08538 -0.611127 0
      vertex -7.02989 -0.518536 6
      vertex -7.02989 -0.518536 0
    endloop
  endfacet
  facet normal -0.857757 0.514056 0
    outer loop
      vertex -7.02989 -0.518536 6
      vertex -7.08538 -0.611127 0
      vertex -7.08538 -0.611127 6
    endloop
  endfacet
  facet normal -0.74097 -0.671538 0
    outer loop
      vertex -7.14969 0.697832 0
      vertex -7.22218 0.777817 6
      vertex -7.22218 0.777817 0
    endloop
  endfacet
  facet normal -0.74097 -0.671538 0
    outer loop
      vertex -7.22218 0.777817 6
      vertex -7.14969 0.697832 0
      vertex -7.14969 0.697832 6
    endloop
  endfacet
  facet normal 0.903969 -0.427598 0
    outer loop
      vertex -9.01627 0.420951 6
      vertex -8.97011 0.518536 0
      vertex -8.97011 0.518536 6
    endloop
  endfacet
  facet normal 0.903969 -0.427598 0
    outer loop
      vertex -8.97011 0.518536 0
      vertex -9.01627 0.420951 6
      vertex -9.01627 0.420951 0
    endloop
  endfacet
  facet normal 0.998794 0.0490972 0
    outer loop
      vertex -9.0947 -0.107819 6
      vertex -9.1 0 0
      vertex -9.1 0 6
    endloop
  endfacet
  facet normal 0.998794 0.0490972 0
    outer loop
      vertex -9.1 0 0
      vertex -9.0947 -0.107819 6
      vertex -9.0947 -0.107819 0
    endloop
  endfacet
  facet normal -0.514107 0.857726 0
    outer loop
      vertex -7.38887 -0.914616 0
      vertex -7.48146 -0.970113 6
      vertex -7.38887 -0.914616 6
    endloop
  endfacet
  facet normal -0.514107 0.857726 0
    outer loop
      vertex -7.48146 -0.970113 6
      vertex -7.38887 -0.914616 0
      vertex -7.48146 -0.970113 0
    endloop
  endfacet
  facet normal 0.595723 -0.80319 0
    outer loop
      vertex -8.69783 0.850311 0
      vertex -8.61113 0.914616 6
      vertex -8.69783 0.850311 6
    endloop
  endfacet
  facet normal 0.595723 -0.80319 0
    outer loop
      vertex -8.61113 0.914616 6
      vertex -8.69783 0.850311 0
      vertex -8.61113 0.914616 0
    endloop
  endfacet
  facet normal 0.242993 0.970028 -0
    outer loop
      vertex -8.2146 -1.07886 0
      vertex -8.31931 -1.05263 6
      vertex -8.2146 -1.07886 6
    endloop
  endfacet
  facet normal 0.242993 0.970028 0
    outer loop
      vertex -8.31931 -1.05263 6
      vertex -8.2146 -1.07886 0
      vertex -8.31931 -1.05263 0
    endloop
  endfacet
  facet normal 0.514107 0.857726 -0
    outer loop
      vertex -8.51854 -0.970113 0
      vertex -8.61113 -0.914616 6
      vertex -8.51854 -0.970113 6
    endloop
  endfacet
  facet normal 0.514107 0.857726 0
    outer loop
      vertex -8.61113 -0.914616 6
      vertex -8.51854 -0.970113 0
      vertex -8.61113 -0.914616 0
    endloop
  endfacet
  facet normal 0.803185 -0.59573 0
    outer loop
      vertex -8.91462 0.611127 6
      vertex -8.85031 0.697832 0
      vertex -8.85031 0.697832 6
    endloop
  endfacet
  facet normal 0.803185 -0.59573 0
    outer loop
      vertex -8.85031 0.697832 0
      vertex -8.91462 0.611127 6
      vertex -8.91462 0.611127 0
    endloop
  endfacet
  facet normal 0.427558 0.903988 -0
    outer loop
      vertex -8.42095 -1.01627 0
      vertex -8.51854 -0.970113 6
      vertex -8.42095 -1.01627 6
    endloop
  endfacet
  facet normal 0.427558 0.903988 0
    outer loop
      vertex -8.51854 -0.970113 6
      vertex -8.42095 -1.01627 0
      vertex -8.51854 -0.970113 0
    endloop
  endfacet
  facet normal 0.941564 -0.336835 0
    outer loop
      vertex -9.05263 0.319313 6
      vertex -9.01627 0.420951 0
      vertex -9.01627 0.420951 6
    endloop
  endfacet
  facet normal 0.941564 -0.336835 0
    outer loop
      vertex -9.01627 0.420951 0
      vertex -9.05263 0.319313 6
      vertex -9.05263 0.319313 0
    endloop
  endfacet
  facet normal -0.989176 -0.146737 0
    outer loop
      vertex 9.0947 0.107819 0
      vertex 9.07886 0.214599 6
      vertex 9.07886 0.214599 0
    endloop
  endfacet
  facet normal -0.989176 -0.146737 0
    outer loop
      vertex 9.07886 0.214599 6
      vertex 9.0947 0.107819 0
      vertex 9.0947 0.107819 6
    endloop
  endfacet
  facet normal -0.998794 -0.0490972 0
    outer loop
      vertex 9.1 0 0
      vertex 9.0947 0.107819 6
      vertex 9.0947 0.107819 0
    endloop
  endfacet
  facet normal -0.998794 -0.0490972 0
    outer loop
      vertex 9.0947 0.107819 6
      vertex 9.1 0 0
      vertex 9.1 0 6
    endloop
  endfacet
  facet normal -0.97003 -0.242985 0
    outer loop
      vertex 9.07886 0.214599 0
      vertex 9.05263 0.319313 6
      vertex 9.05263 0.319313 0
    endloop
  endfacet
  facet normal -0.97003 -0.242985 0
    outer loop
      vertex 9.05263 0.319313 6
      vertex 9.07886 0.214599 0
      vertex 9.07886 0.214599 6
    endloop
  endfacet
  facet normal 0.427558 -0.903988 0
    outer loop
      vertex 7.48146 0.970113 0
      vertex 7.57905 1.01627 6
      vertex 7.48146 0.970113 6
    endloop
  endfacet
  facet normal 0.427558 -0.903988 0
    outer loop
      vertex 7.57905 1.01627 6
      vertex 7.48146 0.970113 0
      vertex 7.57905 1.01627 0
    endloop
  endfacet
  facet normal -0.336829 -0.941566 0
    outer loop
      vertex 8.31931 1.05263 0
      vertex 8.42095 1.01627 6
      vertex 8.31931 1.05263 6
    endloop
  endfacet
  facet normal -0.336829 -0.941566 -0
    outer loop
      vertex 8.42095 1.01627 6
      vertex 8.31931 1.05263 0
      vertex 8.42095 1.01627 0
    endloop
  endfacet
  facet normal -0.146737 -0.989176 0
    outer loop
      vertex 8.10782 1.0947 0
      vertex 8.2146 1.07886 6
      vertex 8.10782 1.0947 6
    endloop
  endfacet
  facet normal -0.146737 -0.989176 -0
    outer loop
      vertex 8.2146 1.07886 6
      vertex 8.10782 1.0947 0
      vertex 8.2146 1.07886 0
    endloop
  endfacet
  facet normal -0.998794 0.0490972 0
    outer loop
      vertex 9.0947 -0.107819 0
      vertex 9.1 0 6
      vertex 9.1 0 0
    endloop
  endfacet
  facet normal -0.998794 0.0490972 0
    outer loop
      vertex 9.1 0 6
      vertex 9.0947 -0.107819 0
      vertex 9.0947 -0.107819 6
    endloop
  endfacet
  facet normal 0.336829 -0.941566 0
    outer loop
      vertex 7.57905 1.01627 0
      vertex 7.68069 1.05263 6
      vertex 7.57905 1.01627 6
    endloop
  endfacet
  facet normal 0.336829 -0.941566 0
    outer loop
      vertex 7.68069 1.05263 6
      vertex 7.57905 1.01627 0
      vertex 7.68069 1.05263 0
    endloop
  endfacet
  facet normal -0.242993 0.970028 0
    outer loop
      vertex 8.31931 -1.05263 0
      vertex 8.2146 -1.07886 6
      vertex 8.31931 -1.05263 6
    endloop
  endfacet
  facet normal -0.242993 0.970028 0
    outer loop
      vertex 8.2146 -1.07886 6
      vertex 8.31931 -1.05263 0
      vertex 8.2146 -1.07886 0
    endloop
  endfacet
  facet normal -0.803185 0.59573 0
    outer loop
      vertex 8.85031 -0.697832 0
      vertex 8.91462 -0.611127 6
      vertex 8.91462 -0.611127 0
    endloop
  endfacet
  facet normal -0.803185 0.59573 0
    outer loop
      vertex 8.91462 -0.611127 6
      vertex 8.85031 -0.697832 0
      vertex 8.85031 -0.697832 6
    endloop
  endfacet
  facet normal 0.514107 -0.857726 0
    outer loop
      vertex 7.38887 0.914616 0
      vertex 7.48146 0.970113 6
      vertex 7.38887 0.914616 6
    endloop
  endfacet
  facet normal 0.514107 -0.857726 0
    outer loop
      vertex 7.48146 0.970113 6
      vertex 7.38887 0.914616 0
      vertex 7.48146 0.970113 0
    endloop
  endfacet
  facet normal 0.989176 0.146737 0
    outer loop
      vertex 6.92114 -0.214599 6
      vertex 6.9053 -0.107819 0
      vertex 6.9053 -0.107819 6
    endloop
  endfacet
  facet normal 0.989176 0.146737 0
    outer loop
      vertex 6.9053 -0.107819 0
      vertex 6.92114 -0.214599 6
      vertex 6.92114 -0.214599 0
    endloop
  endfacet
  facet normal 0.74097 -0.671538 0
    outer loop
      vertex 7.14969 0.697832 6
      vertex 7.22218 0.777817 0
      vertex 7.22218 0.777817 6
    endloop
  endfacet
  facet normal 0.74097 -0.671538 0
    outer loop
      vertex 7.22218 0.777817 0
      vertex 7.14969 0.697832 6
      vertex 7.14969 0.697832 0
    endloop
  endfacet
  facet normal 0.970052 -0.242897 0
    outer loop
      vertex 6.92114 0.214599 6
      vertex 6.94736 0.319313 0
      vertex 6.94736 0.319313 6
    endloop
  endfacet
  facet normal 0.970052 -0.242897 0
    outer loop
      vertex 6.94736 0.319313 0
      vertex 6.92114 0.214599 6
      vertex 6.92114 0.214599 0
    endloop
  endfacet
  facet normal -0.427558 0.903988 0
    outer loop
      vertex 8.51854 -0.970113 0
      vertex 8.42095 -1.01627 6
      vertex 8.51854 -0.970113 6
    endloop
  endfacet
  facet normal -0.427558 0.903988 0
    outer loop
      vertex 8.42095 -1.01627 6
      vertex 8.51854 -0.970113 0
      vertex 8.42095 -1.01627 0
    endloop
  endfacet
  facet normal 0.595723 0.80319 -0
    outer loop
      vertex 7.38887 -0.914616 0
      vertex 7.30217 -0.850311 6
      vertex 7.38887 -0.914616 6
    endloop
  endfacet
  facet normal 0.595723 0.80319 0
    outer loop
      vertex 7.30217 -0.850311 6
      vertex 7.38887 -0.914616 0
      vertex 7.30217 -0.850311 0
    endloop
  endfacet
  facet normal -0.146737 0.989176 0
    outer loop
      vertex 8.2146 -1.07886 0
      vertex 8.10782 -1.0947 6
      vertex 8.2146 -1.07886 6
    endloop
  endfacet
  facet normal -0.146737 0.989176 0
    outer loop
      vertex 8.10782 -1.0947 6
      vertex 8.2146 -1.07886 0
      vertex 8.10782 -1.0947 0
    endloop
  endfacet
  facet normal 0.146737 -0.989176 0
    outer loop
      vertex 7.7854 1.07886 0
      vertex 7.89218 1.0947 6
      vertex 7.7854 1.07886 6
    endloop
  endfacet
  facet normal 0.146737 -0.989176 0
    outer loop
      vertex 7.89218 1.0947 6
      vertex 7.7854 1.07886 0
      vertex 7.89218 1.0947 0
    endloop
  endfacet
  facet normal 0.989176 -0.146737 0
    outer loop
      vertex 6.9053 0.107819 6
      vertex 6.92114 0.214599 0
      vertex 6.92114 0.214599 6
    endloop
  endfacet
  facet normal 0.989176 -0.146737 0
    outer loop
      vertex 6.92114 0.214599 0
      vertex 6.9053 0.107819 6
      vertex 6.9053 0.107819 0
    endloop
  endfacet
  facet normal 0.803185 0.59573 0
    outer loop
      vertex 7.14969 -0.697832 6
      vertex 7.08538 -0.611127 0
      vertex 7.08538 -0.611127 6
    endloop
  endfacet
  facet normal 0.803185 0.59573 0
    outer loop
      vertex 7.08538 -0.611127 0
      vertex 7.14969 -0.697832 6
      vertex 7.14969 -0.697832 0
    endloop
  endfacet
  facet normal -0.903969 0.427598 0
    outer loop
      vertex 8.97011 -0.518536 0
      vertex 9.01627 -0.420951 6
      vertex 9.01627 -0.420951 0
    endloop
  endfacet
  facet normal -0.903969 0.427598 0
    outer loop
      vertex 9.01627 -0.420951 6
      vertex 8.97011 -0.518536 0
      vertex 8.97011 -0.518536 6
    endloop
  endfacet
  facet normal -0.671535 -0.740973 0
    outer loop
      vertex 8.69783 0.850311 0
      vertex 8.77782 0.777817 6
      vertex 8.69783 0.850311 6
    endloop
  endfacet
  facet normal -0.671535 -0.740973 -0
    outer loop
      vertex 8.77782 0.777817 6
      vertex 8.69783 0.850311 0
      vertex 8.77782 0.777817 0
    endloop
  endfacet
  facet normal 0.242993 -0.970028 0
    outer loop
      vertex 7.68069 1.05263 0
      vertex 7.7854 1.07886 6
      vertex 7.68069 1.05263 6
    endloop
  endfacet
  facet normal 0.242993 -0.970028 0
    outer loop
      vertex 7.7854 1.07886 6
      vertex 7.68069 1.05263 0
      vertex 7.7854 1.07886 0
    endloop
  endfacet
  facet normal -0.427558 -0.903988 0
    outer loop
      vertex 8.42095 1.01627 0
      vertex 8.51854 0.970113 6
      vertex 8.42095 1.01627 6
    endloop
  endfacet
  facet normal -0.427558 -0.903988 -0
    outer loop
      vertex 8.51854 0.970113 6
      vertex 8.42095 1.01627 0
      vertex 8.51854 0.970113 0
    endloop
  endfacet
  facet normal -0.0490967 0.998794 0
    outer loop
      vertex 8.10782 -1.0947 0
      vertex 8 -1.1 6
      vertex 8.10782 -1.0947 6
    endloop
  endfacet
  facet normal -0.0490967 0.998794 0
    outer loop
      vertex 8 -1.1 6
      vertex 8.10782 -1.0947 0
      vertex 8 -1.1 0
    endloop
  endfacet
  facet normal -0.803185 -0.59573 0
    outer loop
      vertex 8.91462 0.611127 0
      vertex 8.85031 0.697832 6
      vertex 8.85031 0.697832 0
    endloop
  endfacet
  facet normal -0.803185 -0.59573 0
    outer loop
      vertex 8.85031 0.697832 6
      vertex 8.91462 0.611127 0
      vertex 8.91462 0.611127 6
    endloop
  endfacet
  facet normal 0.903969 0.427598 0
    outer loop
      vertex 7.02989 -0.518536 6
      vertex 6.98373 -0.420951 0
      vertex 6.98373 -0.420951 6
    endloop
  endfacet
  facet normal 0.903969 0.427598 0
    outer loop
      vertex 6.98373 -0.420951 0
      vertex 7.02989 -0.518536 6
      vertex 7.02989 -0.518536 0
    endloop
  endfacet
  facet normal 0.74097 0.671538 0
    outer loop
      vertex 7.22218 -0.777817 6
      vertex 7.14969 -0.697832 0
      vertex 7.14969 -0.697832 6
    endloop
  endfacet
  facet normal 0.74097 0.671538 0
    outer loop
      vertex 7.14969 -0.697832 0
      vertex 7.22218 -0.777817 6
      vertex 7.22218 -0.777817 0
    endloop
  endfacet
  facet normal 0.336829 0.941566 -0
    outer loop
      vertex 7.68069 -1.05263 0
      vertex 7.57905 -1.01627 6
      vertex 7.68069 -1.05263 6
    endloop
  endfacet
  facet normal 0.336829 0.941566 0
    outer loop
      vertex 7.57905 -1.01627 6
      vertex 7.68069 -1.05263 0
      vertex 7.57905 -1.01627 0
    endloop
  endfacet
  facet normal 0.0490967 0.998794 -0
    outer loop
      vertex 8 -1.1 0
      vertex 7.89218 -1.0947 6
      vertex 8 -1.1 6
    endloop
  endfacet
  facet normal 0.0490967 0.998794 0
    outer loop
      vertex 7.89218 -1.0947 6
      vertex 8 -1.1 0
      vertex 7.89218 -1.0947 0
    endloop
  endfacet
  facet normal 0.998794 -0.0490972 0
    outer loop
      vertex 6.9 0 6
      vertex 6.9053 0.107819 0
      vertex 6.9053 0.107819 6
    endloop
  endfacet
  facet normal 0.998794 -0.0490972 0
    outer loop
      vertex 6.9053 0.107819 0
      vertex 6.9 0 6
      vertex 6.9 0 0
    endloop
  endfacet
  facet normal -0.336829 0.941566 0
    outer loop
      vertex 8.42095 -1.01627 0
      vertex 8.31931 -1.05263 6
      vertex 8.42095 -1.01627 6
    endloop
  endfacet
  facet normal -0.336829 0.941566 0
    outer loop
      vertex 8.31931 -1.05263 6
      vertex 8.42095 -1.01627 0
      vertex 8.31931 -1.05263 0
    endloop
  endfacet
  facet normal -0.97003 0.242985 0
    outer loop
      vertex 9.05263 -0.319313 0
      vertex 9.07886 -0.214599 6
      vertex 9.07886 -0.214599 0
    endloop
  endfacet
  facet normal -0.97003 0.242985 0
    outer loop
      vertex 9.07886 -0.214599 6
      vertex 9.05263 -0.319313 0
      vertex 9.05263 -0.319313 6
    endloop
  endfacet
  facet normal -0.941564 0.336835 0
    outer loop
      vertex 9.01627 -0.420951 0
      vertex 9.05263 -0.319313 6
      vertex 9.05263 -0.319313 0
    endloop
  endfacet
  facet normal -0.941564 0.336835 0
    outer loop
      vertex 9.05263 -0.319313 6
      vertex 9.01627 -0.420951 0
      vertex 9.01627 -0.420951 6
    endloop
  endfacet
  facet normal -0.74097 0.671538 0
    outer loop
      vertex 8.77782 -0.777817 0
      vertex 8.85031 -0.697832 6
      vertex 8.85031 -0.697832 0
    endloop
  endfacet
  facet normal -0.74097 0.671538 0
    outer loop
      vertex 8.85031 -0.697832 6
      vertex 8.77782 -0.777817 0
      vertex 8.77782 -0.777817 6
    endloop
  endfacet
  facet normal -0.514107 -0.857726 0
    outer loop
      vertex 8.51854 0.970113 0
      vertex 8.61113 0.914616 6
      vertex 8.51854 0.970113 6
    endloop
  endfacet
  facet normal -0.514107 -0.857726 -0
    outer loop
      vertex 8.61113 0.914616 6
      vertex 8.51854 0.970113 0
      vertex 8.61113 0.914616 0
    endloop
  endfacet
  facet normal -0.242993 -0.970028 0
    outer loop
      vertex 8.2146 1.07886 0
      vertex 8.31931 1.05263 6
      vertex 8.2146 1.07886 6
    endloop
  endfacet
  facet normal -0.242993 -0.970028 -0
    outer loop
      vertex 8.31931 1.05263 6
      vertex 8.2146 1.07886 0
      vertex 8.31931 1.05263 0
    endloop
  endfacet
  facet normal -0.941564 -0.336835 0
    outer loop
      vertex 9.05263 0.319313 0
      vertex 9.01627 0.420951 6
      vertex 9.01627 0.420951 0
    endloop
  endfacet
  facet normal -0.941564 -0.336835 0
    outer loop
      vertex 9.01627 0.420951 6
      vertex 9.05263 0.319313 0
      vertex 9.05263 0.319313 6
    endloop
  endfacet
  facet normal -0.595723 -0.80319 0
    outer loop
      vertex 8.61113 0.914616 0
      vertex 8.69783 0.850311 6
      vertex 8.61113 0.914616 6
    endloop
  endfacet
  facet normal -0.595723 -0.80319 -0
    outer loop
      vertex 8.69783 0.850311 6
      vertex 8.61113 0.914616 0
      vertex 8.69783 0.850311 0
    endloop
  endfacet
  facet normal 0.970052 0.242897 0
    outer loop
      vertex 6.94736 -0.319313 6
      vertex 6.92114 -0.214599 0
      vertex 6.92114 -0.214599 6
    endloop
  endfacet
  facet normal 0.970052 0.242897 0
    outer loop
      vertex 6.92114 -0.214599 0
      vertex 6.94736 -0.319313 6
      vertex 6.94736 -0.319313 0
    endloop
  endfacet
  facet normal -0.903969 -0.427598 0
    outer loop
      vertex 9.01627 0.420951 0
      vertex 8.97011 0.518536 6
      vertex 8.97011 0.518536 0
    endloop
  endfacet
  facet normal -0.903969 -0.427598 0
    outer loop
      vertex 8.97011 0.518536 6
      vertex 9.01627 0.420951 0
      vertex 9.01627 0.420951 6
    endloop
  endfacet
  facet normal -0.0490967 -0.998794 0
    outer loop
      vertex 8 1.1 0
      vertex 8.10782 1.0947 6
      vertex 8 1.1 6
    endloop
  endfacet
  facet normal -0.0490967 -0.998794 -0
    outer loop
      vertex 8.10782 1.0947 6
      vertex 8 1.1 0
      vertex 8.10782 1.0947 0
    endloop
  endfacet
  facet normal -0.989176 0.146737 0
    outer loop
      vertex 9.07886 -0.214599 0
      vertex 9.0947 -0.107819 6
      vertex 9.0947 -0.107819 0
    endloop
  endfacet
  facet normal -0.989176 0.146737 0
    outer loop
      vertex 9.0947 -0.107819 6
      vertex 9.07886 -0.214599 0
      vertex 9.07886 -0.214599 6
    endloop
  endfacet
  facet normal -0.857757 -0.514056 0
    outer loop
      vertex 8.97011 0.518536 0
      vertex 8.91462 0.611127 6
      vertex 8.91462 0.611127 0
    endloop
  endfacet
  facet normal -0.857757 -0.514056 0
    outer loop
      vertex 8.91462 0.611127 6
      vertex 8.97011 0.518536 0
      vertex 8.97011 0.518536 6
    endloop
  endfacet
  facet normal 0.671535 0.740973 -0
    outer loop
      vertex 7.30217 -0.850311 0
      vertex 7.22218 -0.777817 6
      vertex 7.30217 -0.850311 6
    endloop
  endfacet
  facet normal 0.671535 0.740973 0
    outer loop
      vertex 7.22218 -0.777817 6
      vertex 7.30217 -0.850311 0
      vertex 7.22218 -0.777817 0
    endloop
  endfacet
  facet normal 0.671535 -0.740973 0
    outer loop
      vertex 7.22218 0.777817 0
      vertex 7.30217 0.850311 6
      vertex 7.22218 0.777817 6
    endloop
  endfacet
  facet normal 0.671535 -0.740973 0
    outer loop
      vertex 7.30217 0.850311 6
      vertex 7.22218 0.777817 0
      vertex 7.30217 0.850311 0
    endloop
  endfacet
  facet normal 0.857757 0.514056 0
    outer loop
      vertex 7.08538 -0.611127 6
      vertex 7.02989 -0.518536 0
      vertex 7.02989 -0.518536 6
    endloop
  endfacet
  facet normal 0.857757 0.514056 0
    outer loop
      vertex 7.02989 -0.518536 0
      vertex 7.08538 -0.611127 6
      vertex 7.08538 -0.611127 0
    endloop
  endfacet
  facet normal -0.671535 0.740973 0
    outer loop
      vertex 8.77782 -0.777817 0
      vertex 8.69783 -0.850311 6
      vertex 8.77782 -0.777817 6
    endloop
  endfacet
  facet normal -0.671535 0.740973 0
    outer loop
      vertex 8.69783 -0.850311 6
      vertex 8.77782 -0.777817 0
      vertex 8.69783 -0.850311 0
    endloop
  endfacet
  facet normal -0.595723 0.80319 0
    outer loop
      vertex 8.69783 -0.850311 0
      vertex 8.61113 -0.914616 6
      vertex 8.69783 -0.850311 6
    endloop
  endfacet
  facet normal -0.595723 0.80319 0
    outer loop
      vertex 8.61113 -0.914616 6
      vertex 8.69783 -0.850311 0
      vertex 8.61113 -0.914616 0
    endloop
  endfacet
  facet normal 0.857757 -0.514056 0
    outer loop
      vertex 7.02989 0.518536 6
      vertex 7.08538 0.611127 0
      vertex 7.08538 0.611127 6
    endloop
  endfacet
  facet normal 0.857757 -0.514056 0
    outer loop
      vertex 7.08538 0.611127 0
      vertex 7.02989 0.518536 6
      vertex 7.02989 0.518536 0
    endloop
  endfacet
  facet normal 0.146737 0.989176 -0
    outer loop
      vertex 7.89218 -1.0947 0
      vertex 7.7854 -1.07886 6
      vertex 7.89218 -1.0947 6
    endloop
  endfacet
  facet normal 0.146737 0.989176 0
    outer loop
      vertex 7.7854 -1.07886 6
      vertex 7.89218 -1.0947 0
      vertex 7.7854 -1.07886 0
    endloop
  endfacet
  facet normal 0.941534 0.336917 0
    outer loop
      vertex 6.98373 -0.420951 6
      vertex 6.94736 -0.319313 0
      vertex 6.94736 -0.319313 6
    endloop
  endfacet
  facet normal 0.941534 0.336917 0
    outer loop
      vertex 6.94736 -0.319313 0
      vertex 6.98373 -0.420951 6
      vertex 6.98373 -0.420951 0
    endloop
  endfacet
  facet normal -0.857757 0.514056 0
    outer loop
      vertex 8.91462 -0.611127 0
      vertex 8.97011 -0.518536 6
      vertex 8.97011 -0.518536 0
    endloop
  endfacet
  facet normal -0.857757 0.514056 0
    outer loop
      vertex 8.97011 -0.518536 6
      vertex 8.91462 -0.611127 0
      vertex 8.91462 -0.611127 6
    endloop
  endfacet
  facet normal -0.74097 -0.671538 0
    outer loop
      vertex 8.85031 0.697832 0
      vertex 8.77782 0.777817 6
      vertex 8.77782 0.777817 0
    endloop
  endfacet
  facet normal -0.74097 -0.671538 0
    outer loop
      vertex 8.77782 0.777817 6
      vertex 8.85031 0.697832 0
      vertex 8.85031 0.697832 6
    endloop
  endfacet
  facet normal 0.903969 -0.427598 0
    outer loop
      vertex 6.98373 0.420951 6
      vertex 7.02989 0.518536 0
      vertex 7.02989 0.518536 6
    endloop
  endfacet
  facet normal 0.903969 -0.427598 0
    outer loop
      vertex 7.02989 0.518536 0
      vertex 6.98373 0.420951 6
      vertex 6.98373 0.420951 0
    endloop
  endfacet
  facet normal 0.0490967 -0.998794 0
    outer loop
      vertex 7.89218 1.0947 0
      vertex 8 1.1 6
      vertex 7.89218 1.0947 6
    endloop
  endfacet
  facet normal 0.0490967 -0.998794 0
    outer loop
      vertex 8 1.1 6
      vertex 7.89218 1.0947 0
      vertex 8 1.1 0
    endloop
  endfacet
  facet normal 0.998794 0.0490972 0
    outer loop
      vertex 6.9053 -0.107819 6
      vertex 6.9 0 0
      vertex 6.9 0 6
    endloop
  endfacet
  facet normal 0.998794 0.0490972 0
    outer loop
      vertex 6.9 0 0
      vertex 6.9053 -0.107819 6
      vertex 6.9053 -0.107819 0
    endloop
  endfacet
  facet normal -0.514107 0.857726 0
    outer loop
      vertex 8.61113 -0.914616 0
      vertex 8.51854 -0.970113 6
      vertex 8.61113 -0.914616 6
    endloop
  endfacet
  facet normal -0.514107 0.857726 0
    outer loop
      vertex 8.51854 -0.970113 6
      vertex 8.61113 -0.914616 0
      vertex 8.51854 -0.970113 0
    endloop
  endfacet
  facet normal 0.595723 -0.80319 0
    outer loop
      vertex 7.30217 0.850311 0
      vertex 7.38887 0.914616 6
      vertex 7.30217 0.850311 6
    endloop
  endfacet
  facet normal 0.595723 -0.80319 0
    outer loop
      vertex 7.38887 0.914616 6
      vertex 7.30217 0.850311 0
      vertex 7.38887 0.914616 0
    endloop
  endfacet
  facet normal 0.242993 0.970028 -0
    outer loop
      vertex 7.7854 -1.07886 0
      vertex 7.68069 -1.05263 6
      vertex 7.7854 -1.07886 6
    endloop
  endfacet
  facet normal 0.242993 0.970028 0
    outer loop
      vertex 7.68069 -1.05263 6
      vertex 7.7854 -1.07886 0
      vertex 7.68069 -1.05263 0
    endloop
  endfacet
  facet normal 0.514107 0.857726 -0
    outer loop
      vertex 7.48146 -0.970113 0
      vertex 7.38887 -0.914616 6
      vertex 7.48146 -0.970113 6
    endloop
  endfacet
  facet normal 0.514107 0.857726 0
    outer loop
      vertex 7.38887 -0.914616 6
      vertex 7.48146 -0.970113 0
      vertex 7.38887 -0.914616 0
    endloop
  endfacet
  facet normal 0.803185 -0.59573 0
    outer loop
      vertex 7.08538 0.611127 6
      vertex 7.14969 0.697832 0
      vertex 7.14969 0.697832 6
    endloop
  endfacet
  facet normal 0.803185 -0.59573 0
    outer loop
      vertex 7.14969 0.697832 0
      vertex 7.08538 0.611127 6
      vertex 7.08538 0.611127 0
    endloop
  endfacet
  facet normal 0.427558 0.903988 -0
    outer loop
      vertex 7.57905 -1.01627 0
      vertex 7.48146 -0.970113 6
      vertex 7.57905 -1.01627 6
    endloop
  endfacet
  facet normal 0.427558 0.903988 0
    outer loop
      vertex 7.48146 -0.970113 6
      vertex 7.57905 -1.01627 0
      vertex 7.48146 -0.970113 0
    endloop
  endfacet
  facet normal 0.941534 -0.336917 0
    outer loop
      vertex 6.94736 0.319313 6
      vertex 6.98373 0.420951 0
      vertex 6.98373 0.420951 6
    endloop
  endfacet
  facet normal 0.941534 -0.336917 0
    outer loop
      vertex 6.98373 0.420951 0
      vertex 6.94736 0.319313 6
      vertex 6.94736 0.319313 0
    endloop
  endfacet
  facet normal -0.989176 -0.146737 0
    outer loop
      vertex -9.9053 0.107819 0
      vertex -9.92114 0.214599 6
      vertex -9.92114 0.214599 0
    endloop
  endfacet
  facet normal -0.989176 -0.146737 0
    outer loop
      vertex -9.92114 0.214599 6
      vertex -9.9053 0.107819 0
      vertex -9.9053 0.107819 6
    endloop
  endfacet
  facet normal -0.998794 -0.0490972 0
    outer loop
      vertex -9.9 0 0
      vertex -9.9053 0.107819 6
      vertex -9.9053 0.107819 0
    endloop
  endfacet
  facet normal -0.998794 -0.0490972 0
    outer loop
      vertex -9.9053 0.107819 6
      vertex -9.9 0 0
      vertex -9.9 0 6
    endloop
  endfacet
  facet normal -0.970052 -0.242897 0
    outer loop
      vertex -9.92114 0.214599 0
      vertex -9.94736 0.319313 6
      vertex -9.94736 0.319313 0
    endloop
  endfacet
  facet normal -0.970052 -0.242897 0
    outer loop
      vertex -9.94736 0.319313 6
      vertex -9.92114 0.214599 0
      vertex -9.92114 0.214599 6
    endloop
  endfacet
  facet normal -0.336653 -0.941629 0
    outer loop
      vertex -10.6807 1.05263 0
      vertex -10.579 1.01627 6
      vertex -10.6807 1.05263 6
    endloop
  endfacet
  facet normal -0.336653 -0.941629 -0
    outer loop
      vertex -10.579 1.01627 6
      vertex -10.6807 1.05263 0
      vertex -10.579 1.01627 0
    endloop
  endfacet
  facet normal -0.14671 -0.98918 0
    outer loop
      vertex -10.8922 1.0947 0
      vertex -10.7854 1.07886 6
      vertex -10.8922 1.0947 6
    endloop
  endfacet
  facet normal -0.14671 -0.98918 -0
    outer loop
      vertex -10.7854 1.07886 6
      vertex -10.8922 1.0947 0
      vertex -10.7854 1.07886 0
    endloop
  endfacet
  facet normal -0.998794 0.0490972 0
    outer loop
      vertex -9.9053 -0.107819 0
      vertex -9.9 0 6
      vertex -9.9 0 0
    endloop
  endfacet
  facet normal -0.998794 0.0490972 0
    outer loop
      vertex -9.9 0 6
      vertex -9.9053 -0.107819 0
      vertex -9.9053 -0.107819 6
    endloop
  endfacet
  facet normal -0.243015 0.970022 0
    outer loop
      vertex -10.6807 -1.05263 0
      vertex -10.7854 -1.07886 6
      vertex -10.6807 -1.05263 6
    endloop
  endfacet
  facet normal -0.243015 0.970022 0
    outer loop
      vertex -10.7854 -1.07886 6
      vertex -10.6807 -1.05263 0
      vertex -10.7854 -1.07886 0
    endloop
  endfacet
  facet normal -0.803229 0.595671 0
    outer loop
      vertex -10.1497 -0.697832 0
      vertex -10.0854 -0.611127 6
      vertex -10.0854 -0.611127 0
    endloop
  endfacet
  facet normal -0.803229 0.595671 0
    outer loop
      vertex -10.0854 -0.611127 6
      vertex -10.1497 -0.697832 0
      vertex -10.1497 -0.697832 6
    endloop
  endfacet
  facet normal -0.42788 0.903835 0
    outer loop
      vertex -10.4815 -0.970113 0
      vertex -10.579 -1.01627 6
      vertex -10.4815 -0.970113 6
    endloop
  endfacet
  facet normal -0.42788 0.903835 0
    outer loop
      vertex -10.579 -1.01627 6
      vertex -10.4815 -0.970113 0
      vertex -10.579 -1.01627 0
    endloop
  endfacet
  facet normal -0.14671 0.98918 0
    outer loop
      vertex -10.7854 -1.07886 0
      vertex -10.8922 -1.0947 6
      vertex -10.7854 -1.07886 6
    endloop
  endfacet
  facet normal -0.14671 0.98918 0
    outer loop
      vertex -10.8922 -1.0947 6
      vertex -10.7854 -1.07886 0
      vertex -10.8922 -1.0947 0
    endloop
  endfacet
  facet normal -0.903933 0.427674 0
    outer loop
      vertex -10.0299 -0.518536 0
      vertex -9.98373 -0.420951 6
      vertex -9.98373 -0.420951 0
    endloop
  endfacet
  facet normal -0.903933 0.427674 0
    outer loop
      vertex -9.98373 -0.420951 6
      vertex -10.0299 -0.518536 0
      vertex -10.0299 -0.518536 6
    endloop
  endfacet
  facet normal -0.671489 -0.741015 0
    outer loop
      vertex -10.3022 0.850311 0
      vertex -10.2222 0.777817 6
      vertex -10.3022 0.850311 6
    endloop
  endfacet
  facet normal -0.671489 -0.741015 -0
    outer loop
      vertex -10.2222 0.777817 6
      vertex -10.3022 0.850311 0
      vertex -10.2222 0.777817 0
    endloop
  endfacet
  facet normal -0.857716 -0.514124 0
    outer loop
      vertex -10.0299 0.518536 0
      vertex -10.0854 0.611127 6
      vertex -10.0854 0.611127 0
    endloop
  endfacet
  facet normal -0.857716 -0.514124 0
    outer loop
      vertex -10.0854 0.611127 6
      vertex -10.0299 0.518536 0
      vertex -10.0299 0.518536 6
    endloop
  endfacet
  facet normal -0.42788 -0.903835 0
    outer loop
      vertex -10.579 1.01627 0
      vertex -10.4815 0.970113 6
      vertex -10.579 1.01627 6
    endloop
  endfacet
  facet normal -0.42788 -0.903835 -0
    outer loop
      vertex -10.4815 0.970113 6
      vertex -10.579 1.01627 0
      vertex -10.4815 0.970113 0
    endloop
  endfacet
  facet normal -0.0491712 0.99879 0
    outer loop
      vertex -10.8922 -1.0947 0
      vertex -10.9442 -1.09726 6
      vertex -10.8922 -1.0947 6
    endloop
  endfacet
  facet normal -0.0491712 0.99879 0
    outer loop
      vertex -10.9442 -1.09726 6
      vertex -10.8922 -1.0947 0
      vertex -10.9442 -1.09726 0
    endloop
  endfacet
  facet normal -0.803229 -0.595671 0
    outer loop
      vertex -10.0854 0.611127 0
      vertex -10.1497 0.697832 6
      vertex -10.1497 0.697832 0
    endloop
  endfacet
  facet normal -0.803229 -0.595671 0
    outer loop
      vertex -10.1497 0.697832 6
      vertex -10.0854 0.611127 0
      vertex -10.0854 0.611127 6
    endloop
  endfacet
  facet normal -0.336653 0.941629 0
    outer loop
      vertex -10.579 -1.01627 0
      vertex -10.6807 -1.05263 6
      vertex -10.579 -1.01627 6
    endloop
  endfacet
  facet normal -0.336653 0.941629 0
    outer loop
      vertex -10.6807 -1.05263 6
      vertex -10.579 -1.01627 0
      vertex -10.6807 -1.05263 0
    endloop
  endfacet
  facet normal -0.970052 0.242897 0
    outer loop
      vertex -9.94736 -0.319313 0
      vertex -9.92114 -0.214599 6
      vertex -9.92114 -0.214599 0
    endloop
  endfacet
  facet normal -0.970052 0.242897 0
    outer loop
      vertex -9.92114 -0.214599 6
      vertex -9.94736 -0.319313 0
      vertex -9.94736 -0.319313 6
    endloop
  endfacet
  facet normal -0.941534 0.336917 0
    outer loop
      vertex -9.98373 -0.420951 0
      vertex -9.94736 -0.319313 6
      vertex -9.94736 -0.319313 0
    endloop
  endfacet
  facet normal -0.941534 0.336917 0
    outer loop
      vertex -9.94736 -0.319313 6
      vertex -9.98373 -0.420951 0
      vertex -9.98373 -0.420951 6
    endloop
  endfacet
  facet normal -0.740924 0.671589 0
    outer loop
      vertex -10.2222 -0.777817 0
      vertex -10.1497 -0.697832 6
      vertex -10.1497 -0.697832 0
    endloop
  endfacet
  facet normal -0.740924 0.671589 0
    outer loop
      vertex -10.1497 -0.697832 6
      vertex -10.2222 -0.777817 0
      vertex -10.2222 -0.777817 6
    endloop
  endfacet
  facet normal -0.514067 -0.85775 0
    outer loop
      vertex -10.4815 0.970113 0
      vertex -10.3889 0.914616 6
      vertex -10.4815 0.970113 6
    endloop
  endfacet
  facet normal -0.514067 -0.85775 -0
    outer loop
      vertex -10.3889 0.914616 6
      vertex -10.4815 0.970113 0
      vertex -10.3889 0.914616 0
    endloop
  endfacet
  facet normal -0.243015 -0.970022 0
    outer loop
      vertex -10.7854 1.07886 0
      vertex -10.6807 1.05263 6
      vertex -10.7854 1.07886 6
    endloop
  endfacet
  facet normal -0.243015 -0.970022 -0
    outer loop
      vertex -10.6807 1.05263 6
      vertex -10.7854 1.07886 0
      vertex -10.6807 1.05263 0
    endloop
  endfacet
  facet normal -0.941534 -0.336917 0
    outer loop
      vertex -9.94736 0.319313 0
      vertex -9.98373 0.420951 6
      vertex -9.98373 0.420951 0
    endloop
  endfacet
  facet normal -0.941534 -0.336917 0
    outer loop
      vertex -9.98373 0.420951 6
      vertex -9.94736 0.319313 0
      vertex -9.94736 0.319313 6
    endloop
  endfacet
  facet normal -0.595723 -0.80319 0
    outer loop
      vertex -10.3889 0.914616 0
      vertex -10.3022 0.850311 6
      vertex -10.3889 0.914616 6
    endloop
  endfacet
  facet normal -0.595723 -0.80319 -0
    outer loop
      vertex -10.3022 0.850311 6
      vertex -10.3889 0.914616 0
      vertex -10.3022 0.850311 0
    endloop
  endfacet
  facet normal -0.903933 -0.427674 0
    outer loop
      vertex -9.98373 0.420951 0
      vertex -10.0299 0.518536 6
      vertex -10.0299 0.518536 0
    endloop
  endfacet
  facet normal -0.903933 -0.427674 0
    outer loop
      vertex -10.0299 0.518536 6
      vertex -9.98373 0.420951 0
      vertex -9.98373 0.420951 6
    endloop
  endfacet
  facet normal -0.0491712 -0.99879 0
    outer loop
      vertex -10.9442 1.09726 0
      vertex -10.8922 1.0947 6
      vertex -10.9442 1.09726 6
    endloop
  endfacet
  facet normal -0.0491712 -0.99879 -0
    outer loop
      vertex -10.8922 1.0947 6
      vertex -10.9442 1.09726 0
      vertex -10.8922 1.0947 0
    endloop
  endfacet
  facet normal -0.989176 0.146737 0
    outer loop
      vertex -9.92114 -0.214599 0
      vertex -9.9053 -0.107819 6
      vertex -9.9053 -0.107819 0
    endloop
  endfacet
  facet normal -0.989176 0.146737 0
    outer loop
      vertex -9.9053 -0.107819 6
      vertex -9.92114 -0.214599 0
      vertex -9.92114 -0.214599 6
    endloop
  endfacet
  facet normal -0.857716 0.514124 0
    outer loop
      vertex -10.0854 -0.611127 0
      vertex -10.0299 -0.518536 6
      vertex -10.0299 -0.518536 0
    endloop
  endfacet
  facet normal -0.857716 0.514124 0
    outer loop
      vertex -10.0299 -0.518536 6
      vertex -10.0854 -0.611127 0
      vertex -10.0854 -0.611127 6
    endloop
  endfacet
  facet normal -0.671489 0.741015 0
    outer loop
      vertex -10.2222 -0.777817 0
      vertex -10.3022 -0.850311 6
      vertex -10.2222 -0.777817 6
    endloop
  endfacet
  facet normal -0.671489 0.741015 0
    outer loop
      vertex -10.3022 -0.850311 6
      vertex -10.2222 -0.777817 0
      vertex -10.3022 -0.850311 0
    endloop
  endfacet
  facet normal -0.595723 0.80319 0
    outer loop
      vertex -10.3022 -0.850311 0
      vertex -10.3889 -0.914616 6
      vertex -10.3022 -0.850311 6
    endloop
  endfacet
  facet normal -0.595723 0.80319 0
    outer loop
      vertex -10.3889 -0.914616 6
      vertex -10.3022 -0.850311 0
      vertex -10.3889 -0.914616 0
    endloop
  endfacet
  facet normal -0.740924 -0.671589 0
    outer loop
      vertex -10.1497 0.697832 0
      vertex -10.2222 0.777817 6
      vertex -10.2222 0.777817 0
    endloop
  endfacet
  facet normal -0.740924 -0.671589 0
    outer loop
      vertex -10.2222 0.777817 6
      vertex -10.1497 0.697832 0
      vertex -10.1497 0.697832 6
    endloop
  endfacet
  facet normal -0.514067 0.85775 0
    outer loop
      vertex -10.3889 -0.914616 0
      vertex -10.4815 -0.970113 6
      vertex -10.3889 -0.914616 6
    endloop
  endfacet
  facet normal -0.514067 0.85775 0
    outer loop
      vertex -10.4815 -0.970113 6
      vertex -10.3889 -0.914616 0
      vertex -10.4815 -0.970113 0
    endloop
  endfacet
  facet normal -0.989229 -0.146374 0
    outer loop
      vertex 12.0947 0.107819 0
      vertex 12.0789 0.214599 6
      vertex 12.0789 0.214599 0
    endloop
  endfacet
  facet normal -0.989229 -0.146374 0
    outer loop
      vertex 12.0789 0.214599 6
      vertex 12.0947 0.107819 0
      vertex 12.0947 0.107819 6
    endloop
  endfacet
  facet normal -0.998794 -0.0490972 0
    outer loop
      vertex 12.1 0 0
      vertex 12.0947 0.107819 6
      vertex 12.0947 0.107819 0
    endloop
  endfacet
  facet normal -0.998794 -0.0490972 0
    outer loop
      vertex 12.0947 0.107819 6
      vertex 12.1 0 0
      vertex 12.1 0 6
    endloop
  endfacet
  facet normal -0.969877 -0.243595 0
    outer loop
      vertex 12.0789 0.214599 0
      vertex 12.0526 0.319313 6
      vertex 12.0526 0.319313 0
    endloop
  endfacet
  facet normal -0.969877 -0.243595 0
    outer loop
      vertex 12.0526 0.319313 6
      vertex 12.0789 0.214599 0
      vertex 12.0789 0.214599 6
    endloop
  endfacet
  facet normal 0.595723 -0.80319 0
    outer loop
      vertex 10.3022 0.850311 0
      vertex 10.3889 0.914616 6
      vertex 10.3022 0.850311 6
    endloop
  endfacet
  facet normal 0.595723 -0.80319 0
    outer loop
      vertex 10.3889 0.914616 6
      vertex 10.3022 0.850311 0
      vertex 10.3889 0.914616 0
    endloop
  endfacet
  facet normal 0.803229 -0.595671 0
    outer loop
      vertex 10.0854 0.611127 6
      vertex 10.1497 0.697832 0
      vertex 10.1497 0.697832 6
    endloop
  endfacet
  facet normal 0.803229 -0.595671 0
    outer loop
      vertex 10.1497 0.697832 0
      vertex 10.0854 0.611127 6
      vertex 10.0854 0.611127 0
    endloop
  endfacet
  facet normal 0.42788 -0.903835 0
    outer loop
      vertex 10.4815 0.970113 0
      vertex 10.579 1.01627 6
      vertex 10.4815 0.970113 6
    endloop
  endfacet
  facet normal 0.42788 -0.903835 0
    outer loop
      vertex 10.579 1.01627 6
      vertex 10.4815 0.970113 0
      vertex 10.579 1.01627 0
    endloop
  endfacet
  facet normal -0.336653 -0.941629 0
    outer loop
      vertex 11.3193 1.05263 0
      vertex 11.421 1.01627 6
      vertex 11.3193 1.05263 6
    endloop
  endfacet
  facet normal -0.336653 -0.941629 -0
    outer loop
      vertex 11.421 1.01627 6
      vertex 11.3193 1.05263 0
      vertex 11.421 1.01627 0
    endloop
  endfacet
  facet normal -0.14671 -0.98918 0
    outer loop
      vertex 11.1078 1.0947 0
      vertex 11.2146 1.07886 6
      vertex 11.1078 1.0947 6
    endloop
  endfacet
  facet normal -0.14671 -0.98918 -0
    outer loop
      vertex 11.2146 1.07886 6
      vertex 11.1078 1.0947 0
      vertex 11.2146 1.07886 0
    endloop
  endfacet
  facet normal -0.998794 0.0490972 0
    outer loop
      vertex 12.0947 -0.107819 0
      vertex 12.1 0 6
      vertex 12.1 0 0
    endloop
  endfacet
  facet normal -0.998794 0.0490972 0
    outer loop
      vertex 12.1 0 6
      vertex 12.0947 -0.107819 0
      vertex 12.0947 -0.107819 6
    endloop
  endfacet
  facet normal -0.243015 0.970022 0
    outer loop
      vertex 11.3193 -1.05263 0
      vertex 11.2146 -1.07886 6
      vertex 11.3193 -1.05263 6
    endloop
  endfacet
  facet normal -0.243015 0.970022 0
    outer loop
      vertex 11.2146 -1.07886 6
      vertex 11.3193 -1.05263 0
      vertex 11.2146 -1.07886 0
    endloop
  endfacet
  facet normal -0.803229 0.595671 0
    outer loop
      vertex 11.8503 -0.697832 0
      vertex 11.9146 -0.611127 6
      vertex 11.9146 -0.611127 0
    endloop
  endfacet
  facet normal -0.803229 0.595671 0
    outer loop
      vertex 11.9146 -0.611127 6
      vertex 11.8503 -0.697832 0
      vertex 11.8503 -0.697832 6
    endloop
  endfacet
  facet normal 0.514067 -0.85775 0
    outer loop
      vertex 10.3889 0.914616 0
      vertex 10.4815 0.970113 6
      vertex 10.3889 0.914616 6
    endloop
  endfacet
  facet normal 0.514067 -0.85775 0
    outer loop
      vertex 10.4815 0.970113 6
      vertex 10.3889 0.914616 0
      vertex 10.4815 0.970113 0
    endloop
  endfacet
  facet normal 0.989176 0.146737 0
    outer loop
      vertex 9.92114 -0.214599 6
      vertex 9.9053 -0.107819 0
      vertex 9.9053 -0.107819 6
    endloop
  endfacet
  facet normal 0.989176 0.146737 0
    outer loop
      vertex 9.9053 -0.107819 0
      vertex 9.92114 -0.214599 6
      vertex 9.92114 -0.214599 0
    endloop
  endfacet
  facet normal 0.740924 -0.671589 0
    outer loop
      vertex 10.1497 0.697832 6
      vertex 10.2222 0.777817 0
      vertex 10.2222 0.777817 6
    endloop
  endfacet
  facet normal 0.740924 -0.671589 0
    outer loop
      vertex 10.2222 0.777817 0
      vertex 10.1497 0.697832 6
      vertex 10.1497 0.697832 0
    endloop
  endfacet
  facet normal 0.970052 -0.242897 0
    outer loop
      vertex 9.92114 0.214599 6
      vertex 9.94736 0.319313 0
      vertex 9.94736 0.319313 6
    endloop
  endfacet
  facet normal 0.970052 -0.242897 0
    outer loop
      vertex 9.94736 0.319313 0
      vertex 9.92114 0.214599 6
      vertex 9.92114 0.214599 0
    endloop
  endfacet
  facet normal -0.42788 0.903835 0
    outer loop
      vertex 11.5185 -0.970113 0
      vertex 11.421 -1.01627 6
      vertex 11.5185 -0.970113 6
    endloop
  endfacet
  facet normal -0.42788 0.903835 0
    outer loop
      vertex 11.421 -1.01627 6
      vertex 11.5185 -0.970113 0
      vertex 11.421 -1.01627 0
    endloop
  endfacet
  facet normal 0.0491058 -0.998794 0
    outer loop
      vertex 10.8922 1.0947 0
      vertex 11 1.1 6
      vertex 10.8922 1.0947 6
    endloop
  endfacet
  facet normal 0.0491058 -0.998794 0
    outer loop
      vertex 11 1.1 6
      vertex 10.8922 1.0947 0
      vertex 11 1.1 0
    endloop
  endfacet
  facet normal 0.671489 -0.741015 0
    outer loop
      vertex 10.2222 0.777817 0
      vertex 10.3022 0.850311 6
      vertex 10.2222 0.777817 6
    endloop
  endfacet
  facet normal 0.671489 -0.741015 0
    outer loop
      vertex 10.3022 0.850311 6
      vertex 10.2222 0.777817 0
      vertex 10.3022 0.850311 0
    endloop
  endfacet
  facet normal 0.595723 0.80319 -0
    outer loop
      vertex 10.3889 -0.914616 0
      vertex 10.3022 -0.850311 6
      vertex 10.3889 -0.914616 6
    endloop
  endfacet
  facet normal 0.595723 0.80319 0
    outer loop
      vertex 10.3022 -0.850311 6
      vertex 10.3889 -0.914616 0
      vertex 10.3022 -0.850311 0
    endloop
  endfacet
  facet normal -0.14671 0.98918 0
    outer loop
      vertex 11.2146 -1.07886 0
      vertex 11.1078 -1.0947 6
      vertex 11.2146 -1.07886 6
    endloop
  endfacet
  facet normal -0.14671 0.98918 0
    outer loop
      vertex 11.1078 -1.0947 6
      vertex 11.2146 -1.07886 0
      vertex 11.1078 -1.0947 0
    endloop
  endfacet
  facet normal 0.14671 -0.98918 0
    outer loop
      vertex 10.7854 1.07886 0
      vertex 10.8922 1.0947 6
      vertex 10.7854 1.07886 6
    endloop
  endfacet
  facet normal 0.14671 -0.98918 0
    outer loop
      vertex 10.8922 1.0947 6
      vertex 10.7854 1.07886 0
      vertex 10.8922 1.0947 0
    endloop
  endfacet
  facet normal 0.989176 -0.146737 0
    outer loop
      vertex 9.9053 0.107819 6
      vertex 9.92114 0.214599 0
      vertex 9.92114 0.214599 6
    endloop
  endfacet
  facet normal 0.989176 -0.146737 0
    outer loop
      vertex 9.92114 0.214599 0
      vertex 9.9053 0.107819 6
      vertex 9.9053 0.107819 0
    endloop
  endfacet
  facet normal 0.803229 0.595671 0
    outer loop
      vertex 10.1497 -0.697832 6
      vertex 10.0854 -0.611127 0
      vertex 10.0854 -0.611127 6
    endloop
  endfacet
  facet normal 0.803229 0.595671 0
    outer loop
      vertex 10.0854 -0.611127 0
      vertex 10.1497 -0.697832 6
      vertex 10.1497 -0.697832 0
    endloop
  endfacet
  facet normal -0.903826 0.427901 0
    outer loop
      vertex 11.9701 -0.518536 0
      vertex 12.0163 -0.420951 6
      vertex 12.0163 -0.420951 0
    endloop
  endfacet
  facet normal -0.903826 0.427901 0
    outer loop
      vertex 12.0163 -0.420951 6
      vertex 11.9701 -0.518536 0
      vertex 11.9701 -0.518536 6
    endloop
  endfacet
  facet normal -0.671489 -0.741015 0
    outer loop
      vertex 11.6978 0.850311 0
      vertex 11.7778 0.777817 6
      vertex 11.6978 0.850311 6
    endloop
  endfacet
  facet normal -0.671489 -0.741015 -0
    outer loop
      vertex 11.7778 0.777817 6
      vertex 11.6978 0.850311 0
      vertex 11.7778 0.777817 0
    endloop
  endfacet
  facet normal 0.243015 -0.970022 0
    outer loop
      vertex 10.6807 1.05263 0
      vertex 10.7854 1.07886 6
      vertex 10.6807 1.05263 6
    endloop
  endfacet
  facet normal 0.243015 -0.970022 0
    outer loop
      vertex 10.7854 1.07886 6
      vertex 10.6807 1.05263 0
      vertex 10.7854 1.07886 0
    endloop
  endfacet
  facet normal -0.42788 -0.903835 0
    outer loop
      vertex 11.421 1.01627 0
      vertex 11.5185 0.970113 6
      vertex 11.421 1.01627 6
    endloop
  endfacet
  facet normal -0.42788 -0.903835 -0
    outer loop
      vertex 11.5185 0.970113 6
      vertex 11.421 1.01627 0
      vertex 11.5185 0.970113 0
    endloop
  endfacet
  facet normal -0.0491058 0.998794 0
    outer loop
      vertex 11.1078 -1.0947 0
      vertex 11 -1.1 6
      vertex 11.1078 -1.0947 6
    endloop
  endfacet
  facet normal -0.0491058 0.998794 0
    outer loop
      vertex 11 -1.1 6
      vertex 11.1078 -1.0947 0
      vertex 11 -1.1 0
    endloop
  endfacet
  facet normal -0.803229 -0.595671 0
    outer loop
      vertex 11.9146 0.611127 0
      vertex 11.8503 0.697832 6
      vertex 11.8503 0.697832 0
    endloop
  endfacet
  facet normal -0.803229 -0.595671 0
    outer loop
      vertex 11.8503 0.697832 6
      vertex 11.9146 0.611127 0
      vertex 11.9146 0.611127 6
    endloop
  endfacet
  facet normal 0.903933 0.427674 0
    outer loop
      vertex 10.0299 -0.518536 6
      vertex 9.98373 -0.420951 0
      vertex 9.98373 -0.420951 6
    endloop
  endfacet
  facet normal 0.903933 0.427674 0
    outer loop
      vertex 9.98373 -0.420951 0
      vertex 10.0299 -0.518536 6
      vertex 10.0299 -0.518536 0
    endloop
  endfacet
  facet normal 0.740924 0.671589 0
    outer loop
      vertex 10.2222 -0.777817 6
      vertex 10.1497 -0.697832 0
      vertex 10.1497 -0.697832 6
    endloop
  endfacet
  facet normal 0.740924 0.671589 0
    outer loop
      vertex 10.1497 -0.697832 0
      vertex 10.2222 -0.777817 6
      vertex 10.2222 -0.777817 0
    endloop
  endfacet
  facet normal 0.336653 0.941629 -0
    outer loop
      vertex 10.6807 -1.05263 0
      vertex 10.579 -1.01627 6
      vertex 10.6807 -1.05263 6
    endloop
  endfacet
  facet normal 0.336653 0.941629 0
    outer loop
      vertex 10.579 -1.01627 6
      vertex 10.6807 -1.05263 0
      vertex 10.579 -1.01627 0
    endloop
  endfacet
  facet normal 0.0491058 0.998794 -0
    outer loop
      vertex 11 -1.1 0
      vertex 10.8922 -1.0947 6
      vertex 11 -1.1 6
    endloop
  endfacet
  facet normal 0.0491058 0.998794 0
    outer loop
      vertex 10.8922 -1.0947 6
      vertex 11 -1.1 0
      vertex 10.8922 -1.0947 0
    endloop
  endfacet
  facet normal 0.998794 -0.0490972 0
    outer loop
      vertex 9.9 0 6
      vertex 9.9053 0.107819 0
      vertex 9.9053 0.107819 6
    endloop
  endfacet
  facet normal 0.998794 -0.0490972 0
    outer loop
      vertex 9.9053 0.107819 0
      vertex 9.9 0 6
      vertex 9.9 0 0
    endloop
  endfacet
  facet normal -0.336653 0.941629 0
    outer loop
      vertex 11.421 -1.01627 0
      vertex 11.3193 -1.05263 6
      vertex 11.421 -1.01627 6
    endloop
  endfacet
  facet normal -0.336653 0.941629 0
    outer loop
      vertex 11.3193 -1.05263 6
      vertex 11.421 -1.01627 0
      vertex 11.3193 -1.05263 0
    endloop
  endfacet
  facet normal -0.969877 0.243595 0
    outer loop
      vertex 12.0526 -0.319313 0
      vertex 12.0789 -0.214599 6
      vertex 12.0789 -0.214599 0
    endloop
  endfacet
  facet normal -0.969877 0.243595 0
    outer loop
      vertex 12.0789 -0.214599 6
      vertex 12.0526 -0.319313 0
      vertex 12.0526 -0.319313 6
    endloop
  endfacet
  facet normal -0.94174 0.336342 0
    outer loop
      vertex 12.0163 -0.420951 0
      vertex 12.0526 -0.319313 6
      vertex 12.0526 -0.319313 0
    endloop
  endfacet
  facet normal -0.94174 0.336342 0
    outer loop
      vertex 12.0526 -0.319313 6
      vertex 12.0163 -0.420951 0
      vertex 12.0163 -0.420951 6
    endloop
  endfacet
  facet normal -0.740924 0.671589 0
    outer loop
      vertex 11.7778 -0.777817 0
      vertex 11.8503 -0.697832 6
      vertex 11.8503 -0.697832 0
    endloop
  endfacet
  facet normal -0.740924 0.671589 0
    outer loop
      vertex 11.8503 -0.697832 6
      vertex 11.7778 -0.777817 0
      vertex 11.7778 -0.777817 6
    endloop
  endfacet
  facet normal -0.514067 -0.85775 0
    outer loop
      vertex 11.5185 0.970113 0
      vertex 11.6111 0.914616 6
      vertex 11.5185 0.970113 6
    endloop
  endfacet
  facet normal -0.514067 -0.85775 -0
    outer loop
      vertex 11.6111 0.914616 6
      vertex 11.5185 0.970113 0
      vertex 11.6111 0.914616 0
    endloop
  endfacet
  facet normal -0.243015 -0.970022 0
    outer loop
      vertex 11.2146 1.07886 0
      vertex 11.3193 1.05263 6
      vertex 11.2146 1.07886 6
    endloop
  endfacet
  facet normal -0.243015 -0.970022 -0
    outer loop
      vertex 11.3193 1.05263 6
      vertex 11.2146 1.07886 0
      vertex 11.3193 1.05263 0
    endloop
  endfacet
  facet normal -0.94174 -0.336342 0
    outer loop
      vertex 12.0526 0.319313 0
      vertex 12.0163 0.420951 6
      vertex 12.0163 0.420951 0
    endloop
  endfacet
  facet normal -0.94174 -0.336342 0
    outer loop
      vertex 12.0163 0.420951 6
      vertex 12.0526 0.319313 0
      vertex 12.0526 0.319313 6
    endloop
  endfacet
  facet normal -0.595723 -0.80319 0
    outer loop
      vertex 11.6111 0.914616 0
      vertex 11.6978 0.850311 6
      vertex 11.6111 0.914616 6
    endloop
  endfacet
  facet normal -0.595723 -0.80319 -0
    outer loop
      vertex 11.6978 0.850311 6
      vertex 11.6111 0.914616 0
      vertex 11.6978 0.850311 0
    endloop
  endfacet
  facet normal 0.970052 0.242897 0
    outer loop
      vertex 9.94736 -0.319313 6
      vertex 9.92114 -0.214599 0
      vertex 9.92114 -0.214599 6
    endloop
  endfacet
  facet normal 0.970052 0.242897 0
    outer loop
      vertex 9.92114 -0.214599 0
      vertex 9.94736 -0.319313 6
      vertex 9.94736 -0.319313 0
    endloop
  endfacet
  facet normal -0.903826 -0.427901 0
    outer loop
      vertex 12.0163 0.420951 0
      vertex 11.9701 0.518536 6
      vertex 11.9701 0.518536 0
    endloop
  endfacet
  facet normal -0.903826 -0.427901 0
    outer loop
      vertex 11.9701 0.518536 6
      vertex 12.0163 0.420951 0
      vertex 12.0163 0.420951 6
    endloop
  endfacet
  facet normal -0.0491058 -0.998794 0
    outer loop
      vertex 11 1.1 0
      vertex 11.1078 1.0947 6
      vertex 11 1.1 6
    endloop
  endfacet
  facet normal -0.0491058 -0.998794 -0
    outer loop
      vertex 11.1078 1.0947 6
      vertex 11 1.1 0
      vertex 11.1078 1.0947 0
    endloop
  endfacet
  facet normal -0.989229 0.146374 0
    outer loop
      vertex 12.0789 -0.214599 0
      vertex 12.0947 -0.107819 6
      vertex 12.0947 -0.107819 0
    endloop
  endfacet
  facet normal -0.989229 0.146374 0
    outer loop
      vertex 12.0947 -0.107819 6
      vertex 12.0789 -0.214599 0
      vertex 12.0789 -0.214599 6
    endloop
  endfacet
  facet normal -0.857716 -0.514124 0
    outer loop
      vertex 11.9701 0.518536 0
      vertex 11.9146 0.611127 6
      vertex 11.9146 0.611127 0
    endloop
  endfacet
  facet normal -0.857716 -0.514124 0
    outer loop
      vertex 11.9146 0.611127 6
      vertex 11.9701 0.518536 0
      vertex 11.9701 0.518536 6
    endloop
  endfacet
  facet normal 0.671489 0.741015 -0
    outer loop
      vertex 10.3022 -0.850311 0
      vertex 10.2222 -0.777817 6
      vertex 10.3022 -0.850311 6
    endloop
  endfacet
  facet normal 0.671489 0.741015 0
    outer loop
      vertex 10.2222 -0.777817 6
      vertex 10.3022 -0.850311 0
      vertex 10.2222 -0.777817 0
    endloop
  endfacet
  facet normal 0.336653 -0.941629 0
    outer loop
      vertex 10.579 1.01627 0
      vertex 10.6807 1.05263 6
      vertex 10.579 1.01627 6
    endloop
  endfacet
  facet normal 0.336653 -0.941629 0
    outer loop
      vertex 10.6807 1.05263 6
      vertex 10.579 1.01627 0
      vertex 10.6807 1.05263 0
    endloop
  endfacet
  facet normal 0.857716 0.514124 0
    outer loop
      vertex 10.0854 -0.611127 6
      vertex 10.0299 -0.518536 0
      vertex 10.0299 -0.518536 6
    endloop
  endfacet
  facet normal 0.857716 0.514124 0
    outer loop
      vertex 10.0299 -0.518536 0
      vertex 10.0854 -0.611127 6
      vertex 10.0854 -0.611127 0
    endloop
  endfacet
  facet normal -0.671489 0.741015 0
    outer loop
      vertex 11.7778 -0.777817 0
      vertex 11.6978 -0.850311 6
      vertex 11.7778 -0.777817 6
    endloop
  endfacet
  facet normal -0.671489 0.741015 0
    outer loop
      vertex 11.6978 -0.850311 6
      vertex 11.7778 -0.777817 0
      vertex 11.6978 -0.850311 0
    endloop
  endfacet
  facet normal -0.595723 0.80319 0
    outer loop
      vertex 11.6978 -0.850311 0
      vertex 11.6111 -0.914616 6
      vertex 11.6978 -0.850311 6
    endloop
  endfacet
  facet normal -0.595723 0.80319 0
    outer loop
      vertex 11.6111 -0.914616 6
      vertex 11.6978 -0.850311 0
      vertex 11.6111 -0.914616 0
    endloop
  endfacet
  facet normal 0.857716 -0.514124 0
    outer loop
      vertex 10.0299 0.518536 6
      vertex 10.0854 0.611127 0
      vertex 10.0854 0.611127 6
    endloop
  endfacet
  facet normal 0.857716 -0.514124 0
    outer loop
      vertex 10.0854 0.611127 0
      vertex 10.0299 0.518536 6
      vertex 10.0299 0.518536 0
    endloop
  endfacet
  facet normal 0.14671 0.98918 -0
    outer loop
      vertex 10.8922 -1.0947 0
      vertex 10.7854 -1.07886 6
      vertex 10.8922 -1.0947 6
    endloop
  endfacet
  facet normal 0.14671 0.98918 0
    outer loop
      vertex 10.7854 -1.07886 6
      vertex 10.8922 -1.0947 0
      vertex 10.7854 -1.07886 0
    endloop
  endfacet
  facet normal 0.941534 0.336917 0
    outer loop
      vertex 9.98373 -0.420951 6
      vertex 9.94736 -0.319313 0
      vertex 9.94736 -0.319313 6
    endloop
  endfacet
  facet normal 0.941534 0.336917 0
    outer loop
      vertex 9.94736 -0.319313 0
      vertex 9.98373 -0.420951 6
      vertex 9.98373 -0.420951 0
    endloop
  endfacet
  facet normal -0.857716 0.514124 0
    outer loop
      vertex 11.9146 -0.611127 0
      vertex 11.9701 -0.518536 6
      vertex 11.9701 -0.518536 0
    endloop
  endfacet
  facet normal -0.857716 0.514124 0
    outer loop
      vertex 11.9701 -0.518536 6
      vertex 11.9146 -0.611127 0
      vertex 11.9146 -0.611127 6
    endloop
  endfacet
  facet normal -0.740924 -0.671589 0
    outer loop
      vertex 11.8503 0.697832 0
      vertex 11.7778 0.777817 6
      vertex 11.7778 0.777817 0
    endloop
  endfacet
  facet normal -0.740924 -0.671589 0
    outer loop
      vertex 11.7778 0.777817 6
      vertex 11.8503 0.697832 0
      vertex 11.8503 0.697832 6
    endloop
  endfacet
  facet normal 0.903933 -0.427674 0
    outer loop
      vertex 9.98373 0.420951 6
      vertex 10.0299 0.518536 0
      vertex 10.0299 0.518536 6
    endloop
  endfacet
  facet normal 0.903933 -0.427674 0
    outer loop
      vertex 10.0299 0.518536 0
      vertex 9.98373 0.420951 6
      vertex 9.98373 0.420951 0
    endloop
  endfacet
  facet normal 0.998794 0.0490972 0
    outer loop
      vertex 9.9053 -0.107819 6
      vertex 9.9 0 0
      vertex 9.9 0 6
    endloop
  endfacet
  facet normal 0.998794 0.0490972 0
    outer loop
      vertex 9.9 0 0
      vertex 9.9053 -0.107819 6
      vertex 9.9053 -0.107819 0
    endloop
  endfacet
  facet normal -0.514067 0.85775 0
    outer loop
      vertex 11.6111 -0.914616 0
      vertex 11.5185 -0.970113 6
      vertex 11.6111 -0.914616 6
    endloop
  endfacet
  facet normal -0.514067 0.85775 0
    outer loop
      vertex 11.5185 -0.970113 6
      vertex 11.6111 -0.914616 0
      vertex 11.5185 -0.970113 0
    endloop
  endfacet
  facet normal 0.243015 0.970022 -0
    outer loop
      vertex 10.7854 -1.07886 0
      vertex 10.6807 -1.05263 6
      vertex 10.7854 -1.07886 6
    endloop
  endfacet
  facet normal 0.243015 0.970022 0
    outer loop
      vertex 10.6807 -1.05263 6
      vertex 10.7854 -1.07886 0
      vertex 10.6807 -1.05263 0
    endloop
  endfacet
  facet normal 0.514067 0.85775 -0
    outer loop
      vertex 10.4815 -0.970113 0
      vertex 10.3889 -0.914616 6
      vertex 10.4815 -0.970113 6
    endloop
  endfacet
  facet normal 0.514067 0.85775 0
    outer loop
      vertex 10.3889 -0.914616 6
      vertex 10.4815 -0.970113 0
      vertex 10.3889 -0.914616 0
    endloop
  endfacet
  facet normal 0.42788 0.903835 -0
    outer loop
      vertex 10.579 -1.01627 0
      vertex 10.4815 -0.970113 6
      vertex 10.579 -1.01627 6
    endloop
  endfacet
  facet normal 0.42788 0.903835 0
    outer loop
      vertex 10.4815 -0.970113 6
      vertex 10.579 -1.01627 0
      vertex 10.4815 -0.970113 0
    endloop
  endfacet
  facet normal 0.941534 -0.336917 0
    outer loop
      vertex 9.94736 0.319313 6
      vertex 9.98373 0.420951 0
      vertex 9.98373 0.420951 6
    endloop
  endfacet
  facet normal 0.941534 -0.336917 0
    outer loop
      vertex 9.98373 0.420951 0
      vertex 9.94736 0.319313 6
      vertex 9.94736 0.319313 0
    endloop
  endfacet
  facet normal -0.989229 -0.146374 0
    outer loop
      vertex 15.0947 0.107819 0
      vertex 15.0789 0.214599 6
      vertex 15.0789 0.214599 0
    endloop
  endfacet
  facet normal -0.989229 -0.146374 0
    outer loop
      vertex 15.0789 0.214599 6
      vertex 15.0947 0.107819 0
      vertex 15.0947 0.107819 6
    endloop
  endfacet
  facet normal -0.998794 -0.0490972 0
    outer loop
      vertex 15.1 0 0
      vertex 15.0947 0.107819 6
      vertex 15.0947 0.107819 0
    endloop
  endfacet
  facet normal -0.998794 -0.0490972 0
    outer loop
      vertex 15.0947 0.107819 6
      vertex 15.1 0 0
      vertex 15.1 0 6
    endloop
  endfacet
  facet normal -0.969877 -0.243595 0
    outer loop
      vertex 15.0789 0.214599 0
      vertex 15.0526 0.319313 6
      vertex 15.0526 0.319313 0
    endloop
  endfacet
  facet normal -0.969877 -0.243595 0
    outer loop
      vertex 15.0526 0.319313 6
      vertex 15.0789 0.214599 0
      vertex 15.0789 0.214599 6
    endloop
  endfacet
  facet normal 0.595723 -0.80319 0
    outer loop
      vertex 13.3022 0.850311 0
      vertex 13.3889 0.914616 6
      vertex 13.3022 0.850311 6
    endloop
  endfacet
  facet normal 0.595723 -0.80319 0
    outer loop
      vertex 13.3889 0.914616 6
      vertex 13.3022 0.850311 0
      vertex 13.3889 0.914616 0
    endloop
  endfacet
  facet normal 0.803229 -0.595671 0
    outer loop
      vertex 13.0854 0.611127 6
      vertex 13.1497 0.697832 0
      vertex 13.1497 0.697832 6
    endloop
  endfacet
  facet normal 0.803229 -0.595671 0
    outer loop
      vertex 13.1497 0.697832 0
      vertex 13.0854 0.611127 6
      vertex 13.0854 0.611127 0
    endloop
  endfacet
  facet normal 0.42788 -0.903835 0
    outer loop
      vertex 13.4815 0.970113 0
      vertex 13.579 1.01627 6
      vertex 13.4815 0.970113 6
    endloop
  endfacet
  facet normal 0.42788 -0.903835 0
    outer loop
      vertex 13.579 1.01627 6
      vertex 13.4815 0.970113 0
      vertex 13.579 1.01627 0
    endloop
  endfacet
  facet normal -0.336653 -0.941629 0
    outer loop
      vertex 14.3193 1.05263 0
      vertex 14.421 1.01627 6
      vertex 14.3193 1.05263 6
    endloop
  endfacet
  facet normal -0.336653 -0.941629 -0
    outer loop
      vertex 14.421 1.01627 6
      vertex 14.3193 1.05263 0
      vertex 14.421 1.01627 0
    endloop
  endfacet
  facet normal -0.14671 -0.98918 0
    outer loop
      vertex 14.1078 1.0947 0
      vertex 14.2146 1.07886 6
      vertex 14.1078 1.0947 6
    endloop
  endfacet
  facet normal -0.14671 -0.98918 -0
    outer loop
      vertex 14.2146 1.07886 6
      vertex 14.1078 1.0947 0
      vertex 14.2146 1.07886 0
    endloop
  endfacet
  facet normal -0.998794 0.0490972 0
    outer loop
      vertex 15.0947 -0.107819 0
      vertex 15.1 0 6
      vertex 15.1 0 0
    endloop
  endfacet
  facet normal -0.998794 0.0490972 0
    outer loop
      vertex 15.1 0 6
      vertex 15.0947 -0.107819 0
      vertex 15.0947 -0.107819 6
    endloop
  endfacet
  facet normal -0.243015 0.970022 0
    outer loop
      vertex 14.3193 -1.05263 0
      vertex 14.2146 -1.07886 6
      vertex 14.3193 -1.05263 6
    endloop
  endfacet
  facet normal -0.243015 0.970022 0
    outer loop
      vertex 14.2146 -1.07886 6
      vertex 14.3193 -1.05263 0
      vertex 14.2146 -1.07886 0
    endloop
  endfacet
  facet normal -0.803229 0.595671 0
    outer loop
      vertex 14.8503 -0.697832 0
      vertex 14.9146 -0.611127 6
      vertex 14.9146 -0.611127 0
    endloop
  endfacet
  facet normal -0.803229 0.595671 0
    outer loop
      vertex 14.9146 -0.611127 6
      vertex 14.8503 -0.697832 0
      vertex 14.8503 -0.697832 6
    endloop
  endfacet
  facet normal 0.514067 -0.85775 0
    outer loop
      vertex 13.3889 0.914616 0
      vertex 13.4815 0.970113 6
      vertex 13.3889 0.914616 6
    endloop
  endfacet
  facet normal 0.514067 -0.85775 0
    outer loop
      vertex 13.4815 0.970113 6
      vertex 13.3889 0.914616 0
      vertex 13.4815 0.970113 0
    endloop
  endfacet
  facet normal 0.989229 0.146374 0
    outer loop
      vertex 12.9211 -0.214599 6
      vertex 12.9053 -0.107819 0
      vertex 12.9053 -0.107819 6
    endloop
  endfacet
  facet normal 0.989229 0.146374 0
    outer loop
      vertex 12.9053 -0.107819 0
      vertex 12.9211 -0.214599 6
      vertex 12.9211 -0.214599 0
    endloop
  endfacet
  facet normal 0.740924 -0.671589 0
    outer loop
      vertex 13.1497 0.697832 6
      vertex 13.2222 0.777817 0
      vertex 13.2222 0.777817 6
    endloop
  endfacet
  facet normal 0.740924 -0.671589 0
    outer loop
      vertex 13.2222 0.777817 0
      vertex 13.1497 0.697832 6
      vertex 13.1497 0.697832 0
    endloop
  endfacet
  facet normal 0.969877 -0.243595 0
    outer loop
      vertex 12.9211 0.214599 6
      vertex 12.9474 0.319313 0
      vertex 12.9474 0.319313 6
    endloop
  endfacet
  facet normal 0.969877 -0.243595 0
    outer loop
      vertex 12.9474 0.319313 0
      vertex 12.9211 0.214599 6
      vertex 12.9211 0.214599 0
    endloop
  endfacet
  facet normal -0.42788 0.903835 0
    outer loop
      vertex 14.5185 -0.970113 0
      vertex 14.421 -1.01627 6
      vertex 14.5185 -0.970113 6
    endloop
  endfacet
  facet normal -0.42788 0.903835 0
    outer loop
      vertex 14.421 -1.01627 6
      vertex 14.5185 -0.970113 0
      vertex 14.421 -1.01627 0
    endloop
  endfacet
  facet normal 0.0491058 -0.998794 0
    outer loop
      vertex 13.8922 1.0947 0
      vertex 14 1.1 6
      vertex 13.8922 1.0947 6
    endloop
  endfacet
  facet normal 0.0491058 -0.998794 0
    outer loop
      vertex 14 1.1 6
      vertex 13.8922 1.0947 0
      vertex 14 1.1 0
    endloop
  endfacet
  facet normal 0.671489 -0.741015 0
    outer loop
      vertex 13.2222 0.777817 0
      vertex 13.3022 0.850311 6
      vertex 13.2222 0.777817 6
    endloop
  endfacet
  facet normal 0.671489 -0.741015 0
    outer loop
      vertex 13.3022 0.850311 6
      vertex 13.2222 0.777817 0
      vertex 13.3022 0.850311 0
    endloop
  endfacet
  facet normal 0.595723 0.80319 -0
    outer loop
      vertex 13.3889 -0.914616 0
      vertex 13.3022 -0.850311 6
      vertex 13.3889 -0.914616 6
    endloop
  endfacet
  facet normal 0.595723 0.80319 0
    outer loop
      vertex 13.3022 -0.850311 6
      vertex 13.3889 -0.914616 0
      vertex 13.3022 -0.850311 0
    endloop
  endfacet
  facet normal -0.14671 0.98918 0
    outer loop
      vertex 14.2146 -1.07886 0
      vertex 14.1078 -1.0947 6
      vertex 14.2146 -1.07886 6
    endloop
  endfacet
  facet normal -0.14671 0.98918 0
    outer loop
      vertex 14.1078 -1.0947 6
      vertex 14.2146 -1.07886 0
      vertex 14.1078 -1.0947 0
    endloop
  endfacet
  facet normal 0.14671 -0.98918 0
    outer loop
      vertex 13.7854 1.07886 0
      vertex 13.8922 1.0947 6
      vertex 13.7854 1.07886 6
    endloop
  endfacet
  facet normal 0.14671 -0.98918 0
    outer loop
      vertex 13.8922 1.0947 6
      vertex 13.7854 1.07886 0
      vertex 13.8922 1.0947 0
    endloop
  endfacet
  facet normal 0.989229 -0.146374 0
    outer loop
      vertex 12.9053 0.107819 6
      vertex 12.9211 0.214599 0
      vertex 12.9211 0.214599 6
    endloop
  endfacet
  facet normal 0.989229 -0.146374 0
    outer loop
      vertex 12.9211 0.214599 0
      vertex 12.9053 0.107819 6
      vertex 12.9053 0.107819 0
    endloop
  endfacet
  facet normal 0.803229 0.595671 0
    outer loop
      vertex 13.1497 -0.697832 6
      vertex 13.0854 -0.611127 0
      vertex 13.0854 -0.611127 6
    endloop
  endfacet
  facet normal 0.803229 0.595671 0
    outer loop
      vertex 13.0854 -0.611127 0
      vertex 13.1497 -0.697832 6
      vertex 13.1497 -0.697832 0
    endloop
  endfacet
  facet normal -0.903826 0.427901 0
    outer loop
      vertex 14.9701 -0.518536 0
      vertex 15.0163 -0.420951 6
      vertex 15.0163 -0.420951 0
    endloop
  endfacet
  facet normal -0.903826 0.427901 0
    outer loop
      vertex 15.0163 -0.420951 6
      vertex 14.9701 -0.518536 0
      vertex 14.9701 -0.518536 6
    endloop
  endfacet
  facet normal -0.671489 -0.741015 0
    outer loop
      vertex 14.6978 0.850311 0
      vertex 14.7778 0.777817 6
      vertex 14.6978 0.850311 6
    endloop
  endfacet
  facet normal -0.671489 -0.741015 -0
    outer loop
      vertex 14.7778 0.777817 6
      vertex 14.6978 0.850311 0
      vertex 14.7778 0.777817 0
    endloop
  endfacet
  facet normal -0.857716 -0.514124 0
    outer loop
      vertex 14.9701 0.518536 0
      vertex 14.9146 0.611127 6
      vertex 14.9146 0.611127 0
    endloop
  endfacet
  facet normal -0.857716 -0.514124 0
    outer loop
      vertex 14.9146 0.611127 6
      vertex 14.9701 0.518536 0
      vertex 14.9701 0.518536 6
    endloop
  endfacet
  facet normal 0.243015 -0.970022 0
    outer loop
      vertex 13.6807 1.05263 0
      vertex 13.7854 1.07886 6
      vertex 13.6807 1.05263 6
    endloop
  endfacet
  facet normal 0.243015 -0.970022 0
    outer loop
      vertex 13.7854 1.07886 6
      vertex 13.6807 1.05263 0
      vertex 13.7854 1.07886 0
    endloop
  endfacet
  facet normal -0.42788 -0.903835 0
    outer loop
      vertex 14.421 1.01627 0
      vertex 14.5185 0.970113 6
      vertex 14.421 1.01627 6
    endloop
  endfacet
  facet normal -0.42788 -0.903835 -0
    outer loop
      vertex 14.5185 0.970113 6
      vertex 14.421 1.01627 0
      vertex 14.5185 0.970113 0
    endloop
  endfacet
  facet normal -0.0491058 0.998794 0
    outer loop
      vertex 14.1078 -1.0947 0
      vertex 14 -1.1 6
      vertex 14.1078 -1.0947 6
    endloop
  endfacet
  facet normal -0.0491058 0.998794 0
    outer loop
      vertex 14 -1.1 6
      vertex 14.1078 -1.0947 0
      vertex 14 -1.1 0
    endloop
  endfacet
  facet normal -0.803229 -0.595671 0
    outer loop
      vertex 14.9146 0.611127 0
      vertex 14.8503 0.697832 6
      vertex 14.8503 0.697832 0
    endloop
  endfacet
  facet normal -0.803229 -0.595671 0
    outer loop
      vertex 14.8503 0.697832 6
      vertex 14.9146 0.611127 0
      vertex 14.9146 0.611127 6
    endloop
  endfacet
  facet normal 0.903826 0.427901 0
    outer loop
      vertex 13.0299 -0.518536 6
      vertex 12.9837 -0.420951 0
      vertex 12.9837 -0.420951 6
    endloop
  endfacet
  facet normal 0.903826 0.427901 0
    outer loop
      vertex 12.9837 -0.420951 0
      vertex 13.0299 -0.518536 6
      vertex 13.0299 -0.518536 0
    endloop
  endfacet
  facet normal 0.740924 0.671589 0
    outer loop
      vertex 13.2222 -0.777817 6
      vertex 13.1497 -0.697832 0
      vertex 13.1497 -0.697832 6
    endloop
  endfacet
  facet normal 0.740924 0.671589 0
    outer loop
      vertex 13.1497 -0.697832 0
      vertex 13.2222 -0.777817 6
      vertex 13.2222 -0.777817 0
    endloop
  endfacet
  facet normal 0.336653 0.941629 -0
    outer loop
      vertex 13.6807 -1.05263 0
      vertex 13.579 -1.01627 6
      vertex 13.6807 -1.05263 6
    endloop
  endfacet
  facet normal 0.336653 0.941629 0
    outer loop
      vertex 13.579 -1.01627 6
      vertex 13.6807 -1.05263 0
      vertex 13.579 -1.01627 0
    endloop
  endfacet
  facet normal 0.0491058 0.998794 -0
    outer loop
      vertex 14 -1.1 0
      vertex 13.8922 -1.0947 6
      vertex 14 -1.1 6
    endloop
  endfacet
  facet normal 0.0491058 0.998794 0
    outer loop
      vertex 13.8922 -1.0947 6
      vertex 14 -1.1 0
      vertex 13.8922 -1.0947 0
    endloop
  endfacet
  facet normal 0.998794 -0.0490972 0
    outer loop
      vertex 12.9 0 6
      vertex 12.9053 0.107819 0
      vertex 12.9053 0.107819 6
    endloop
  endfacet
  facet normal 0.998794 -0.0490972 0
    outer loop
      vertex 12.9053 0.107819 0
      vertex 12.9 0 6
      vertex 12.9 0 0
    endloop
  endfacet
  facet normal -0.336653 0.941629 0
    outer loop
      vertex 14.421 -1.01627 0
      vertex 14.3193 -1.05263 6
      vertex 14.421 -1.01627 6
    endloop
  endfacet
  facet normal -0.336653 0.941629 0
    outer loop
      vertex 14.3193 -1.05263 6
      vertex 14.421 -1.01627 0
      vertex 14.3193 -1.05263 0
    endloop
  endfacet
  facet normal -0.969877 0.243595 0
    outer loop
      vertex 15.0526 -0.319313 0
      vertex 15.0789 -0.214599 6
      vertex 15.0789 -0.214599 0
    endloop
  endfacet
  facet normal -0.969877 0.243595 0
    outer loop
      vertex 15.0789 -0.214599 6
      vertex 15.0526 -0.319313 0
      vertex 15.0526 -0.319313 6
    endloop
  endfacet
  facet normal -0.94174 0.336342 0
    outer loop
      vertex 15.0163 -0.420951 0
      vertex 15.0526 -0.319313 6
      vertex 15.0526 -0.319313 0
    endloop
  endfacet
  facet normal -0.94174 0.336342 0
    outer loop
      vertex 15.0526 -0.319313 6
      vertex 15.0163 -0.420951 0
      vertex 15.0163 -0.420951 6
    endloop
  endfacet
  facet normal -0.740924 0.671589 0
    outer loop
      vertex 14.7778 -0.777817 0
      vertex 14.8503 -0.697832 6
      vertex 14.8503 -0.697832 0
    endloop
  endfacet
  facet normal -0.740924 0.671589 0
    outer loop
      vertex 14.8503 -0.697832 6
      vertex 14.7778 -0.777817 0
      vertex 14.7778 -0.777817 6
    endloop
  endfacet
  facet normal -0.514067 -0.85775 0
    outer loop
      vertex 14.5185 0.970113 0
      vertex 14.6111 0.914616 6
      vertex 14.5185 0.970113 6
    endloop
  endfacet
  facet normal -0.514067 -0.85775 -0
    outer loop
      vertex 14.6111 0.914616 6
      vertex 14.5185 0.970113 0
      vertex 14.6111 0.914616 0
    endloop
  endfacet
  facet normal -0.243015 -0.970022 0
    outer loop
      vertex 14.2146 1.07886 0
      vertex 14.3193 1.05263 6
      vertex 14.2146 1.07886 6
    endloop
  endfacet
  facet normal -0.243015 -0.970022 -0
    outer loop
      vertex 14.3193 1.05263 6
      vertex 14.2146 1.07886 0
      vertex 14.3193 1.05263 0
    endloop
  endfacet
  facet normal -0.94174 -0.336342 0
    outer loop
      vertex 15.0526 0.319313 0
      vertex 15.0163 0.420951 6
      vertex 15.0163 0.420951 0
    endloop
  endfacet
  facet normal -0.94174 -0.336342 0
    outer loop
      vertex 15.0163 0.420951 6
      vertex 15.0526 0.319313 0
      vertex 15.0526 0.319313 6
    endloop
  endfacet
  facet normal -0.595723 -0.80319 0
    outer loop
      vertex 14.6111 0.914616 0
      vertex 14.6978 0.850311 6
      vertex 14.6111 0.914616 6
    endloop
  endfacet
  facet normal -0.595723 -0.80319 -0
    outer loop
      vertex 14.6978 0.850311 6
      vertex 14.6111 0.914616 0
      vertex 14.6978 0.850311 0
    endloop
  endfacet
  facet normal 0.969877 0.243595 0
    outer loop
      vertex 12.9474 -0.319313 6
      vertex 12.9211 -0.214599 0
      vertex 12.9211 -0.214599 6
    endloop
  endfacet
  facet normal 0.969877 0.243595 0
    outer loop
      vertex 12.9211 -0.214599 0
      vertex 12.9474 -0.319313 6
      vertex 12.9474 -0.319313 0
    endloop
  endfacet
  facet normal -0.903826 -0.427901 0
    outer loop
      vertex 15.0163 0.420951 0
      vertex 14.9701 0.518536 6
      vertex 14.9701 0.518536 0
    endloop
  endfacet
  facet normal -0.903826 -0.427901 0
    outer loop
      vertex 14.9701 0.518536 6
      vertex 15.0163 0.420951 0
      vertex 15.0163 0.420951 6
    endloop
  endfacet
  facet normal -0.0491058 -0.998794 0
    outer loop
      vertex 14 1.1 0
      vertex 14.1078 1.0947 6
      vertex 14 1.1 6
    endloop
  endfacet
  facet normal -0.0491058 -0.998794 -0
    outer loop
      vertex 14.1078 1.0947 6
      vertex 14 1.1 0
      vertex 14.1078 1.0947 0
    endloop
  endfacet
  facet normal -0.989229 0.146374 0
    outer loop
      vertex 15.0789 -0.214599 0
      vertex 15.0947 -0.107819 6
      vertex 15.0947 -0.107819 0
    endloop
  endfacet
  facet normal -0.989229 0.146374 0
    outer loop
      vertex 15.0947 -0.107819 6
      vertex 15.0789 -0.214599 0
      vertex 15.0789 -0.214599 6
    endloop
  endfacet
  facet normal 0.671489 0.741015 -0
    outer loop
      vertex 13.3022 -0.850311 0
      vertex 13.2222 -0.777817 6
      vertex 13.3022 -0.850311 6
    endloop
  endfacet
  facet normal 0.671489 0.741015 0
    outer loop
      vertex 13.2222 -0.777817 6
      vertex 13.3022 -0.850311 0
      vertex 13.2222 -0.777817 0
    endloop
  endfacet
  facet normal 0.336653 -0.941629 0
    outer loop
      vertex 13.579 1.01627 0
      vertex 13.6807 1.05263 6
      vertex 13.579 1.01627 6
    endloop
  endfacet
  facet normal 0.336653 -0.941629 0
    outer loop
      vertex 13.6807 1.05263 6
      vertex 13.579 1.01627 0
      vertex 13.6807 1.05263 0
    endloop
  endfacet
  facet normal -0.857716 0.514124 0
    outer loop
      vertex 14.9146 -0.611127 0
      vertex 14.9701 -0.518536 6
      vertex 14.9701 -0.518536 0
    endloop
  endfacet
  facet normal -0.857716 0.514124 0
    outer loop
      vertex 14.9701 -0.518536 6
      vertex 14.9146 -0.611127 0
      vertex 14.9146 -0.611127 6
    endloop
  endfacet
  facet normal 0.857716 0.514124 0
    outer loop
      vertex 13.0854 -0.611127 6
      vertex 13.0299 -0.518536 0
      vertex 13.0299 -0.518536 6
    endloop
  endfacet
  facet normal 0.857716 0.514124 0
    outer loop
      vertex 13.0299 -0.518536 0
      vertex 13.0854 -0.611127 6
      vertex 13.0854 -0.611127 0
    endloop
  endfacet
  facet normal -0.671489 0.741015 0
    outer loop
      vertex 14.7778 -0.777817 0
      vertex 14.6978 -0.850311 6
      vertex 14.7778 -0.777817 6
    endloop
  endfacet
  facet normal -0.671489 0.741015 0
    outer loop
      vertex 14.6978 -0.850311 6
      vertex 14.7778 -0.777817 0
      vertex 14.6978 -0.850311 0
    endloop
  endfacet
  facet normal -0.595723 0.80319 0
    outer loop
      vertex 14.6978 -0.850311 0
      vertex 14.6111 -0.914616 6
      vertex 14.6978 -0.850311 6
    endloop
  endfacet
  facet normal -0.595723 0.80319 0
    outer loop
      vertex 14.6111 -0.914616 6
      vertex 14.6978 -0.850311 0
      vertex 14.6111 -0.914616 0
    endloop
  endfacet
  facet normal 0.857716 -0.514124 0
    outer loop
      vertex 13.0299 0.518536 6
      vertex 13.0854 0.611127 0
      vertex 13.0854 0.611127 6
    endloop
  endfacet
  facet normal 0.857716 -0.514124 0
    outer loop
      vertex 13.0854 0.611127 0
      vertex 13.0299 0.518536 6
      vertex 13.0299 0.518536 0
    endloop
  endfacet
  facet normal 0.14671 0.98918 -0
    outer loop
      vertex 13.8922 -1.0947 0
      vertex 13.7854 -1.07886 6
      vertex 13.8922 -1.0947 6
    endloop
  endfacet
  facet normal 0.14671 0.98918 0
    outer loop
      vertex 13.7854 -1.07886 6
      vertex 13.8922 -1.0947 0
      vertex 13.7854 -1.07886 0
    endloop
  endfacet
  facet normal 0.94174 0.336342 0
    outer loop
      vertex 12.9837 -0.420951 6
      vertex 12.9474 -0.319313 0
      vertex 12.9474 -0.319313 6
    endloop
  endfacet
  facet normal 0.94174 0.336342 0
    outer loop
      vertex 12.9474 -0.319313 0
      vertex 12.9837 -0.420951 6
      vertex 12.9837 -0.420951 0
    endloop
  endfacet
  facet normal -0.740924 -0.671589 0
    outer loop
      vertex 14.8503 0.697832 0
      vertex 14.7778 0.777817 6
      vertex 14.7778 0.777817 0
    endloop
  endfacet
  facet normal -0.740924 -0.671589 0
    outer loop
      vertex 14.7778 0.777817 6
      vertex 14.8503 0.697832 0
      vertex 14.8503 0.697832 6
    endloop
  endfacet
  facet normal 0.903826 -0.427901 0
    outer loop
      vertex 12.9837 0.420951 6
      vertex 13.0299 0.518536 0
      vertex 13.0299 0.518536 6
    endloop
  endfacet
  facet normal 0.903826 -0.427901 0
    outer loop
      vertex 13.0299 0.518536 0
      vertex 12.9837 0.420951 6
      vertex 12.9837 0.420951 0
    endloop
  endfacet
  facet normal 0.998794 0.0490972 0
    outer loop
      vertex 12.9053 -0.107819 6
      vertex 12.9 0 0
      vertex 12.9 0 6
    endloop
  endfacet
  facet normal 0.998794 0.0490972 0
    outer loop
      vertex 12.9 0 0
      vertex 12.9053 -0.107819 6
      vertex 12.9053 -0.107819 0
    endloop
  endfacet
  facet normal -0.514067 0.85775 0
    outer loop
      vertex 14.6111 -0.914616 0
      vertex 14.5185 -0.970113 6
      vertex 14.6111 -0.914616 6
    endloop
  endfacet
  facet normal -0.514067 0.85775 0
    outer loop
      vertex 14.5185 -0.970113 6
      vertex 14.6111 -0.914616 0
      vertex 14.5185 -0.970113 0
    endloop
  endfacet
  facet normal 0.243015 0.970022 -0
    outer loop
      vertex 13.7854 -1.07886 0
      vertex 13.6807 -1.05263 6
      vertex 13.7854 -1.07886 6
    endloop
  endfacet
  facet normal 0.243015 0.970022 0
    outer loop
      vertex 13.6807 -1.05263 6
      vertex 13.7854 -1.07886 0
      vertex 13.6807 -1.05263 0
    endloop
  endfacet
  facet normal 0.514067 0.85775 -0
    outer loop
      vertex 13.4815 -0.970113 0
      vertex 13.3889 -0.914616 6
      vertex 13.4815 -0.970113 6
    endloop
  endfacet
  facet normal 0.514067 0.85775 0
    outer loop
      vertex 13.3889 -0.914616 6
      vertex 13.4815 -0.970113 0
      vertex 13.3889 -0.914616 0
    endloop
  endfacet
  facet normal 0.42788 0.903835 -0
    outer loop
      vertex 13.579 -1.01627 0
      vertex 13.4815 -0.970113 6
      vertex 13.579 -1.01627 6
    endloop
  endfacet
  facet normal 0.42788 0.903835 0
    outer loop
      vertex 13.4815 -0.970113 6
      vertex 13.579 -1.01627 0
      vertex 13.4815 -0.970113 0
    endloop
  endfacet
  facet normal 0.94174 -0.336342 0
    outer loop
      vertex 12.9474 0.319313 6
      vertex 12.9837 0.420951 0
      vertex 12.9837 0.420951 6
    endloop
  endfacet
  facet normal 0.94174 -0.336342 0
    outer loop
      vertex 12.9837 0.420951 0
      vertex 12.9474 0.319313 6
      vertex 12.9474 0.319313 0
    endloop
  endfacet
  facet normal -0.989176 -0.146736 0
    outer loop
      vertex 1.49278 0.147025 0
      vertex 1.47118 0.292635 6
      vertex 1.47118 0.292635 0
    endloop
  endfacet
  facet normal -0.989176 -0.146736 0
    outer loop
      vertex 1.47118 0.292635 6
      vertex 1.49278 0.147025 0
      vertex 1.49278 0.147025 6
    endloop
  endfacet
  facet normal -0.998796 -0.0490482 0
    outer loop
      vertex 1.5 0 0
      vertex 1.49278 0.147025 6
      vertex 1.49278 0.147025 0
    endloop
  endfacet
  facet normal -0.998796 -0.0490482 0
    outer loop
      vertex 1.49278 0.147025 6
      vertex 1.5 0 0
      vertex 1.5 0 6
    endloop
  endfacet
  facet normal -0.970027 -0.242996 0
    outer loop
      vertex 1.47118 0.292635 0
      vertex 1.43541 0.435427 6
      vertex 1.43541 0.435427 0
    endloop
  endfacet
  facet normal -0.970027 -0.242996 0
    outer loop
      vertex 1.43541 0.435427 6
      vertex 1.47118 0.292635 0
      vertex 1.47118 0.292635 6
    endloop
  endfacet
  facet normal -0.427569 0.903983 0
    outer loop
      vertex 0.707094 -1.32288 0
      vertex 0.574024 -1.38582 6
      vertex 0.707094 -1.32288 6
    endloop
  endfacet
  facet normal -0.427569 0.903983 0
    outer loop
      vertex 0.574024 -1.38582 6
      vertex 0.707094 -1.32288 0
      vertex 0.574024 -1.38582 0
    endloop
  endfacet
  facet normal 0.59566 -0.803237 0
    outer loop
      vertex -0.95159 1.15952 0
      vertex -0.833355 1.2472 6
      vertex -0.95159 1.15952 6
    endloop
  endfacet
  facet normal 0.59566 -0.803237 0
    outer loop
      vertex -0.833355 1.2472 6
      vertex -0.95159 1.15952 0
      vertex -0.833355 1.2472 0
    endloop
  endfacet
  facet normal 0.903983 -0.427569 0
    outer loop
      vertex -1.38582 0.574024 6
      vertex -1.32288 0.707094 0
      vertex -1.32288 0.707094 6
    endloop
  endfacet
  facet normal 0.903983 -0.427569 0
    outer loop
      vertex -1.32288 0.707094 0
      vertex -1.38582 0.574024 6
      vertex -1.38582 0.574024 0
    endloop
  endfacet
  facet normal 0.970027 -0.242996 0
    outer loop
      vertex -1.47118 0.292635 6
      vertex -1.43541 0.435427 0
      vertex -1.43541 0.435427 6
    endloop
  endfacet
  facet normal 0.970027 -0.242996 0
    outer loop
      vertex -1.43541 0.435427 0
      vertex -1.47118 0.292635 6
      vertex -1.47118 0.292635 0
    endloop
  endfacet
  facet normal -0.514113 0.857722 0
    outer loop
      vertex 0.833355 -1.2472 0
      vertex 0.707094 -1.32288 6
      vertex 0.833355 -1.2472 6
    endloop
  endfacet
  facet normal -0.514113 0.857722 0
    outer loop
      vertex 0.707094 -1.32288 6
      vertex 0.833355 -1.2472 0
      vertex 0.707094 -1.32288 0
    endloop
  endfacet
  facet normal -0.242996 0.970027 0
    outer loop
      vertex 0.435427 -1.43541 0
      vertex 0.292635 -1.47118 6
      vertex 0.435427 -1.43541 6
    endloop
  endfacet
  facet normal -0.242996 0.970027 0
    outer loop
      vertex 0.292635 -1.47118 6
      vertex 0.435427 -1.43541 0
      vertex 0.292635 -1.47118 0
    endloop
  endfacet
  facet normal -0.0490482 -0.998796 0
    outer loop
      vertex 0 1.5 0
      vertex 0.147025 1.49278 6
      vertex 0 1.5 6
    endloop
  endfacet
  facet normal -0.0490482 -0.998796 -0
    outer loop
      vertex 0.147025 1.49278 6
      vertex 0 1.5 0
      vertex 0.147025 1.49278 0
    endloop
  endfacet
  facet normal -0.146736 -0.989176 0
    outer loop
      vertex 0.147025 1.49278 0
      vertex 0.292635 1.47118 6
      vertex 0.147025 1.49278 6
    endloop
  endfacet
  facet normal -0.146736 -0.989176 -0
    outer loop
      vertex 0.292635 1.47118 6
      vertex 0.147025 1.49278 0
      vertex 0.292635 1.47118 0
    endloop
  endfacet
  facet normal -0.427569 -0.903983 0
    outer loop
      vertex 0.574024 1.38582 0
      vertex 0.707094 1.32288 6
      vertex 0.574024 1.38582 6
    endloop
  endfacet
  facet normal -0.427569 -0.903983 -0
    outer loop
      vertex 0.707094 1.32288 6
      vertex 0.574024 1.38582 0
      vertex 0.707094 1.32288 0
    endloop
  endfacet
  facet normal -0.146736 0.989176 0
    outer loop
      vertex 0.292635 -1.47118 0
      vertex 0.147025 -1.49278 6
      vertex 0.292635 -1.47118 6
    endloop
  endfacet
  facet normal -0.146736 0.989176 0
    outer loop
      vertex 0.147025 -1.49278 6
      vertex 0.292635 -1.47118 0
      vertex 0.147025 -1.49278 0
    endloop
  endfacet
  facet normal -0.803237 0.59566 0
    outer loop
      vertex 1.15952 -0.95159 0
      vertex 1.2472 -0.833355 6
      vertex 1.2472 -0.833355 0
    endloop
  endfacet
  facet normal -0.803237 0.59566 0
    outer loop
      vertex 1.2472 -0.833355 6
      vertex 1.15952 -0.95159 0
      vertex 1.15952 -0.95159 6
    endloop
  endfacet
  facet normal 0.740935 0.671577 0
    outer loop
      vertex -1.06066 -1.06066 6
      vertex -1.15952 -0.95159 0
      vertex -1.15952 -0.95159 6
    endloop
  endfacet
  facet normal 0.740935 0.671577 0
    outer loop
      vertex -1.15952 -0.95159 0
      vertex -1.06066 -1.06066 6
      vertex -1.06066 -1.06066 0
    endloop
  endfacet
  facet normal 0.514113 -0.857722 0
    outer loop
      vertex -0.833355 1.2472 0
      vertex -0.707094 1.32288 6
      vertex -0.833355 1.2472 6
    endloop
  endfacet
  facet normal 0.514113 -0.857722 0
    outer loop
      vertex -0.707094 1.32288 6
      vertex -0.833355 1.2472 0
      vertex -0.707094 1.32288 0
    endloop
  endfacet
  facet normal -0.989176 0.146736 0
    outer loop
      vertex 1.47118 -0.292635 0
      vertex 1.49278 -0.147025 6
      vertex 1.49278 -0.147025 0
    endloop
  endfacet
  facet normal -0.989176 0.146736 0
    outer loop
      vertex 1.49278 -0.147025 6
      vertex 1.47118 -0.292635 0
      vertex 1.47118 -0.292635 6
    endloop
  endfacet
  facet normal 0.146736 0.989176 -0
    outer loop
      vertex -0.147025 -1.49278 0
      vertex -0.292635 -1.47118 6
      vertex -0.147025 -1.49278 6
    endloop
  endfacet
  facet normal 0.146736 0.989176 0
    outer loop
      vertex -0.292635 -1.47118 6
      vertex -0.147025 -1.49278 0
      vertex -0.292635 -1.47118 0
    endloop
  endfacet
  facet normal -0.59566 0.803237 0
    outer loop
      vertex 0.95159 -1.15952 0
      vertex 0.833355 -1.2472 6
      vertex 0.95159 -1.15952 6
    endloop
  endfacet
  facet normal -0.59566 0.803237 0
    outer loop
      vertex 0.833355 -1.2472 6
      vertex 0.95159 -1.15952 0
      vertex 0.833355 -1.2472 0
    endloop
  endfacet
  facet normal 0.0490482 0.998796 -0
    outer loop
      vertex 0 -1.5 0
      vertex -0.147025 -1.49278 6
      vertex 0 -1.5 6
    endloop
  endfacet
  facet normal 0.0490482 0.998796 0
    outer loop
      vertex -0.147025 -1.49278 6
      vertex 0 -1.5 0
      vertex -0.147025 -1.49278 0
    endloop
  endfacet
  facet normal -0.59566 -0.803237 0
    outer loop
      vertex 0.833355 1.2472 0
      vertex 0.95159 1.15952 6
      vertex 0.833355 1.2472 6
    endloop
  endfacet
  facet normal -0.59566 -0.803237 -0
    outer loop
      vertex 0.95159 1.15952 6
      vertex 0.833355 1.2472 0
      vertex 0.95159 1.15952 0
    endloop
  endfacet
  facet normal -0.970027 0.242996 0
    outer loop
      vertex 1.43541 -0.435427 0
      vertex 1.47118 -0.292635 6
      vertex 1.47118 -0.292635 0
    endloop
  endfacet
  facet normal -0.970027 0.242996 0
    outer loop
      vertex 1.47118 -0.292635 6
      vertex 1.43541 -0.435427 0
      vertex 1.43541 -0.435427 6
    endloop
  endfacet
  facet normal 0.989176 -0.146736 0
    outer loop
      vertex -1.49278 0.147025 6
      vertex -1.47118 0.292635 0
      vertex -1.47118 0.292635 6
    endloop
  endfacet
  facet normal 0.989176 -0.146736 0
    outer loop
      vertex -1.47118 0.292635 0
      vertex -1.49278 0.147025 6
      vertex -1.49278 0.147025 0
    endloop
  endfacet
  facet normal 0.857722 -0.514113 0
    outer loop
      vertex -1.32288 0.707094 6
      vertex -1.2472 0.833355 0
      vertex -1.2472 0.833355 6
    endloop
  endfacet
  facet normal 0.857722 -0.514113 0
    outer loop
      vertex -1.2472 0.833355 0
      vertex -1.32288 0.707094 6
      vertex -1.32288 0.707094 0
    endloop
  endfacet
  facet normal 0.941546 0.336885 0
    outer loop
      vertex -1.38582 -0.574024 6
      vertex -1.43541 -0.435427 0
      vertex -1.43541 -0.435427 6
    endloop
  endfacet
  facet normal 0.941546 0.336885 0
    outer loop
      vertex -1.43541 -0.435427 0
      vertex -1.38582 -0.574024 6
      vertex -1.38582 -0.574024 0
    endloop
  endfacet
  facet normal 0.146736 -0.989176 0
    outer loop
      vertex -0.292635 1.47118 0
      vertex -0.147025 1.49278 6
      vertex -0.292635 1.47118 6
    endloop
  endfacet
  facet normal 0.146736 -0.989176 0
    outer loop
      vertex -0.147025 1.49278 6
      vertex -0.292635 1.47118 0
      vertex -0.147025 1.49278 0
    endloop
  endfacet
  facet normal -0.803237 -0.59566 0
    outer loop
      vertex 1.2472 0.833355 0
      vertex 1.15952 0.95159 6
      vertex 1.15952 0.95159 0
    endloop
  endfacet
  facet normal -0.803237 -0.59566 0
    outer loop
      vertex 1.15952 0.95159 6
      vertex 1.2472 0.833355 0
      vertex 1.2472 0.833355 6
    endloop
  endfacet
  facet normal 0.970027 0.242996 0
    outer loop
      vertex -1.43541 -0.435427 6
      vertex -1.47118 -0.292635 0
      vertex -1.47118 -0.292635 6
    endloop
  endfacet
  facet normal 0.970027 0.242996 0
    outer loop
      vertex -1.47118 -0.292635 0
      vertex -1.43541 -0.435427 6
      vertex -1.43541 -0.435427 0
    endloop
  endfacet
  facet normal 0.998796 0.0490482 0
    outer loop
      vertex -1.49278 -0.147025 6
      vertex -1.5 0 0
      vertex -1.5 0 6
    endloop
  endfacet
  facet normal 0.998796 0.0490482 0
    outer loop
      vertex -1.5 0 0
      vertex -1.49278 -0.147025 6
      vertex -1.49278 -0.147025 0
    endloop
  endfacet
  facet normal -0.514113 -0.857722 0
    outer loop
      vertex 0.707094 1.32288 0
      vertex 0.833355 1.2472 6
      vertex 0.707094 1.32288 6
    endloop
  endfacet
  facet normal -0.514113 -0.857722 -0
    outer loop
      vertex 0.833355 1.2472 6
      vertex 0.707094 1.32288 0
      vertex 0.833355 1.2472 0
    endloop
  endfacet
  facet normal -0.998796 0.0490482 0
    outer loop
      vertex 1.49278 -0.147025 0
      vertex 1.5 0 6
      vertex 1.5 0 0
    endloop
  endfacet
  facet normal -0.998796 0.0490482 0
    outer loop
      vertex 1.5 0 6
      vertex 1.49278 -0.147025 0
      vertex 1.49278 -0.147025 6
    endloop
  endfacet
  facet normal -0.903983 0.427569 0
    outer loop
      vertex 1.32288 -0.707094 0
      vertex 1.38582 -0.574024 6
      vertex 1.38582 -0.574024 0
    endloop
  endfacet
  facet normal -0.903983 0.427569 0
    outer loop
      vertex 1.38582 -0.574024 6
      vertex 1.32288 -0.707094 0
      vertex 1.32288 -0.707094 6
    endloop
  endfacet
  facet normal -0.857722 -0.514113 0
    outer loop
      vertex 1.32288 0.707094 0
      vertex 1.2472 0.833355 6
      vertex 1.2472 0.833355 0
    endloop
  endfacet
  facet normal -0.857722 -0.514113 0
    outer loop
      vertex 1.2472 0.833355 6
      vertex 1.32288 0.707094 0
      vertex 1.32288 0.707094 6
    endloop
  endfacet
  facet normal -0.740935 -0.671577 0
    outer loop
      vertex 1.15952 0.95159 0
      vertex 1.06066 1.06066 6
      vertex 1.06066 1.06066 0
    endloop
  endfacet
  facet normal -0.740935 -0.671577 0
    outer loop
      vertex 1.06066 1.06066 6
      vertex 1.15952 0.95159 0
      vertex 1.15952 0.95159 6
    endloop
  endfacet
  facet normal 0.0490482 -0.998796 0
    outer loop
      vertex -0.147025 1.49278 0
      vertex 0 1.5 6
      vertex -0.147025 1.49278 6
    endloop
  endfacet
  facet normal 0.0490482 -0.998796 0
    outer loop
      vertex 0 1.5 6
      vertex -0.147025 1.49278 0
      vertex 0 1.5 0
    endloop
  endfacet
  facet normal 0.740935 -0.671577 0
    outer loop
      vertex -1.15952 0.95159 6
      vertex -1.06066 1.06066 0
      vertex -1.06066 1.06066 6
    endloop
  endfacet
  facet normal 0.740935 -0.671577 0
    outer loop
      vertex -1.06066 1.06066 0
      vertex -1.15952 0.95159 6
      vertex -1.15952 0.95159 0
    endloop
  endfacet
  facet normal 0.671577 0.740935 -0
    outer loop
      vertex -0.95159 -1.15952 0
      vertex -1.06066 -1.06066 6
      vertex -0.95159 -1.15952 6
    endloop
  endfacet
  facet normal 0.671577 0.740935 0
    outer loop
      vertex -1.06066 -1.06066 6
      vertex -0.95159 -1.15952 0
      vertex -1.06066 -1.06066 0
    endloop
  endfacet
  facet normal -0.0490482 0.998796 0
    outer loop
      vertex 0.147025 -1.49278 0
      vertex 0 -1.5 6
      vertex 0.147025 -1.49278 6
    endloop
  endfacet
  facet normal -0.0490482 0.998796 0
    outer loop
      vertex 0 -1.5 6
      vertex 0.147025 -1.49278 0
      vertex 0 -1.5 0
    endloop
  endfacet
  facet normal -0.941546 -0.336885 0
    outer loop
      vertex 1.43541 0.435427 0
      vertex 1.38582 0.574024 6
      vertex 1.38582 0.574024 0
    endloop
  endfacet
  facet normal -0.941546 -0.336885 0
    outer loop
      vertex 1.38582 0.574024 6
      vertex 1.43541 0.435427 0
      vertex 1.43541 0.435427 6
    endloop
  endfacet
  facet normal -0.857722 0.514113 0
    outer loop
      vertex 1.2472 -0.833355 0
      vertex 1.32288 -0.707094 6
      vertex 1.32288 -0.707094 0
    endloop
  endfacet
  facet normal -0.857722 0.514113 0
    outer loop
      vertex 1.32288 -0.707094 6
      vertex 1.2472 -0.833355 0
      vertex 1.2472 -0.833355 6
    endloop
  endfacet
  facet normal -0.671577 -0.740935 0
    outer loop
      vertex 0.95159 1.15952 0
      vertex 1.06066 1.06066 6
      vertex 0.95159 1.15952 6
    endloop
  endfacet
  facet normal -0.671577 -0.740935 -0
    outer loop
      vertex 1.06066 1.06066 6
      vertex 0.95159 1.15952 0
      vertex 1.06066 1.06066 0
    endloop
  endfacet
  facet normal 0.242996 -0.970027 0
    outer loop
      vertex -0.435427 1.43541 0
      vertex -0.292635 1.47118 6
      vertex -0.435427 1.43541 6
    endloop
  endfacet
  facet normal 0.242996 -0.970027 0
    outer loop
      vertex -0.292635 1.47118 6
      vertex -0.435427 1.43541 0
      vertex -0.292635 1.47118 0
    endloop
  endfacet
  facet normal -0.336885 0.941546 0
    outer loop
      vertex 0.574024 -1.38582 0
      vertex 0.435427 -1.43541 6
      vertex 0.574024 -1.38582 6
    endloop
  endfacet
  facet normal -0.336885 0.941546 0
    outer loop
      vertex 0.435427 -1.43541 6
      vertex 0.574024 -1.38582 0
      vertex 0.435427 -1.43541 0
    endloop
  endfacet
  facet normal 0.427569 -0.903983 0
    outer loop
      vertex -0.707094 1.32288 0
      vertex -0.574024 1.38582 6
      vertex -0.707094 1.32288 6
    endloop
  endfacet
  facet normal 0.427569 -0.903983 0
    outer loop
      vertex -0.574024 1.38582 6
      vertex -0.707094 1.32288 0
      vertex -0.574024 1.38582 0
    endloop
  endfacet
  facet normal -0.903983 -0.427569 0
    outer loop
      vertex 1.38582 0.574024 0
      vertex 1.32288 0.707094 6
      vertex 1.32288 0.707094 0
    endloop
  endfacet
  facet normal -0.903983 -0.427569 0
    outer loop
      vertex 1.32288 0.707094 6
      vertex 1.38582 0.574024 0
      vertex 1.38582 0.574024 6
    endloop
  endfacet
  facet normal 0.671577 -0.740935 0
    outer loop
      vertex -1.06066 1.06066 0
      vertex -0.95159 1.15952 6
      vertex -1.06066 1.06066 6
    endloop
  endfacet
  facet normal 0.671577 -0.740935 0
    outer loop
      vertex -0.95159 1.15952 6
      vertex -1.06066 1.06066 0
      vertex -0.95159 1.15952 0
    endloop
  endfacet
  facet normal -0.336885 -0.941546 0
    outer loop
      vertex 0.435427 1.43541 0
      vertex 0.574024 1.38582 6
      vertex 0.435427 1.43541 6
    endloop
  endfacet
  facet normal -0.336885 -0.941546 -0
    outer loop
      vertex 0.574024 1.38582 6
      vertex 0.435427 1.43541 0
      vertex 0.574024 1.38582 0
    endloop
  endfacet
  facet normal 0.336885 -0.941546 0
    outer loop
      vertex -0.574024 1.38582 0
      vertex -0.435427 1.43541 6
      vertex -0.574024 1.38582 6
    endloop
  endfacet
  facet normal 0.336885 -0.941546 0
    outer loop
      vertex -0.435427 1.43541 6
      vertex -0.574024 1.38582 0
      vertex -0.435427 1.43541 0
    endloop
  endfacet
  facet normal 0.857722 0.514113 0
    outer loop
      vertex -1.2472 -0.833355 6
      vertex -1.32288 -0.707094 0
      vertex -1.32288 -0.707094 6
    endloop
  endfacet
  facet normal 0.857722 0.514113 0
    outer loop
      vertex -1.32288 -0.707094 0
      vertex -1.2472 -0.833355 6
      vertex -1.2472 -0.833355 0
    endloop
  endfacet
  facet normal 0.514113 0.857722 -0
    outer loop
      vertex -0.707094 -1.32288 0
      vertex -0.833355 -1.2472 6
      vertex -0.707094 -1.32288 6
    endloop
  endfacet
  facet normal 0.514113 0.857722 0
    outer loop
      vertex -0.833355 -1.2472 6
      vertex -0.707094 -1.32288 0
      vertex -0.833355 -1.2472 0
    endloop
  endfacet
  facet normal -0.242996 -0.970027 0
    outer loop
      vertex 0.292635 1.47118 0
      vertex 0.435427 1.43541 6
      vertex 0.292635 1.47118 6
    endloop
  endfacet
  facet normal -0.242996 -0.970027 -0
    outer loop
      vertex 0.435427 1.43541 6
      vertex 0.292635 1.47118 0
      vertex 0.435427 1.43541 0
    endloop
  endfacet
  facet normal 0.427569 0.903983 -0
    outer loop
      vertex -0.574024 -1.38582 0
      vertex -0.707094 -1.32288 6
      vertex -0.574024 -1.38582 6
    endloop
  endfacet
  facet normal 0.427569 0.903983 0
    outer loop
      vertex -0.707094 -1.32288 6
      vertex -0.574024 -1.38582 0
      vertex -0.707094 -1.32288 0
    endloop
  endfacet
  facet normal 0.803237 0.59566 0
    outer loop
      vertex -1.15952 -0.95159 6
      vertex -1.2472 -0.833355 0
      vertex -1.2472 -0.833355 6
    endloop
  endfacet
  facet normal 0.803237 0.59566 0
    outer loop
      vertex -1.2472 -0.833355 0
      vertex -1.15952 -0.95159 6
      vertex -1.15952 -0.95159 0
    endloop
  endfacet
  facet normal 0.242996 0.970027 -0
    outer loop
      vertex -0.292635 -1.47118 0
      vertex -0.435427 -1.43541 6
      vertex -0.292635 -1.47118 6
    endloop
  endfacet
  facet normal 0.242996 0.970027 0
    outer loop
      vertex -0.435427 -1.43541 6
      vertex -0.292635 -1.47118 0
      vertex -0.435427 -1.43541 0
    endloop
  endfacet
  facet normal 0.989176 0.146736 0
    outer loop
      vertex -1.47118 -0.292635 6
      vertex -1.49278 -0.147025 0
      vertex -1.49278 -0.147025 6
    endloop
  endfacet
  facet normal 0.989176 0.146736 0
    outer loop
      vertex -1.49278 -0.147025 0
      vertex -1.47118 -0.292635 6
      vertex -1.47118 -0.292635 0
    endloop
  endfacet
  facet normal 0.59566 0.803237 -0
    outer loop
      vertex -0.833355 -1.2472 0
      vertex -0.95159 -1.15952 6
      vertex -0.833355 -1.2472 6
    endloop
  endfacet
  facet normal 0.59566 0.803237 0
    outer loop
      vertex -0.95159 -1.15952 6
      vertex -0.833355 -1.2472 0
      vertex -0.95159 -1.15952 0
    endloop
  endfacet
  facet normal 0.903983 0.427569 0
    outer loop
      vertex -1.32288 -0.707094 6
      vertex -1.38582 -0.574024 0
      vertex -1.38582 -0.574024 6
    endloop
  endfacet
  facet normal 0.903983 0.427569 0
    outer loop
      vertex -1.38582 -0.574024 0
      vertex -1.32288 -0.707094 6
      vertex -1.32288 -0.707094 0
    endloop
  endfacet
  facet normal 0.941546 -0.336885 0
    outer loop
      vertex -1.43541 0.435427 6
      vertex -1.38582 0.574024 0
      vertex -1.38582 0.574024 6
    endloop
  endfacet
  facet normal 0.941546 -0.336885 0
    outer loop
      vertex -1.38582 0.574024 0
      vertex -1.43541 0.435427 6
      vertex -1.43541 0.435427 0
    endloop
  endfacet
  facet normal -0.941546 0.336885 0
    outer loop
      vertex 1.38582 -0.574024 0
      vertex 1.43541 -0.435427 6
      vertex 1.43541 -0.435427 0
    endloop
  endfacet
  facet normal -0.941546 0.336885 0
    outer loop
      vertex 1.43541 -0.435427 6
      vertex 1.38582 -0.574024 0
      vertex 1.38582 -0.574024 6
    endloop
  endfacet
  facet normal 0.803237 -0.59566 0
    outer loop
      vertex -1.2472 0.833355 6
      vertex -1.15952 0.95159 0
      vertex -1.15952 0.95159 6
    endloop
  endfacet
  facet normal 0.803237 -0.59566 0
    outer loop
      vertex -1.15952 0.95159 0
      vertex -1.2472 0.833355 6
      vertex -1.2472 0.833355 0
    endloop
  endfacet
  facet normal 0.998796 -0.0490482 0
    outer loop
      vertex -1.5 0 6
      vertex -1.49278 0.147025 0
      vertex -1.49278 0.147025 6
    endloop
  endfacet
  facet normal 0.998796 -0.0490482 0
    outer loop
      vertex -1.49278 0.147025 0
      vertex -1.5 0 6
      vertex -1.5 0 0
    endloop
  endfacet
  facet normal 0.336885 0.941546 -0
    outer loop
      vertex -0.435427 -1.43541 0
      vertex -0.574024 -1.38582 6
      vertex -0.435427 -1.43541 6
    endloop
  endfacet
  facet normal 0.336885 0.941546 0
    outer loop
      vertex -0.574024 -1.38582 6
      vertex -0.435427 -1.43541 0
      vertex -0.574024 -1.38582 0
    endloop
  endfacet
  facet normal -0.740935 0.671577 0
    outer loop
      vertex 1.06066 -1.06066 0
      vertex 1.15952 -0.95159 6
      vertex 1.15952 -0.95159 0
    endloop
  endfacet
  facet normal -0.740935 0.671577 0
    outer loop
      vertex 1.15952 -0.95159 6
      vertex 1.06066 -1.06066 0
      vertex 1.06066 -1.06066 6
    endloop
  endfacet
  facet normal -0.671577 0.740935 0
    outer loop
      vertex 1.06066 -1.06066 0
      vertex 0.95159 -1.15952 6
      vertex 1.06066 -1.06066 6
    endloop
  endfacet
  facet normal -0.671577 0.740935 0
    outer loop
      vertex 0.95159 -1.15952 6
      vertex 1.06066 -1.06066 0
      vertex 0.95159 -1.15952 0
    endloop
  endfacet
  facet normal -0 0 1
    outer loop
      vertex 60 6.5 14
      vertex 95 -6.5 14
      vertex 95 6.5 14
    endloop
  endfacet
  facet normal 0 0 1
    outer loop
      vertex 95 -6.5 14
      vertex 60 6.5 14
      vertex 60 -6.5 14
    endloop
  endfacet
  facet normal 0 -1 0
    outer loop
      vertex 60 6.5 14
      vertex 95 6.5 51
      vertex 60 6.5 51
    endloop
  endfacet
  facet normal 0 -1 -0
    outer loop
      vertex 95 6.5 51
      vertex 60 6.5 14
      vertex 95 6.5 14
    endloop
  endfacet
  facet normal 0 1 -0
    outer loop
      vertex 95 -6.5 14
      vertex 60 -6.5 51
      vertex 95 -6.5 51
    endloop
  endfacet
  facet normal 0 1 0
    outer loop
      vertex 60 -6.5 51
      vertex 95 -6.5 14
      vertex 60 -6.5 14
    endloop
  endfacet
endsolid OpenSCAD_Model
