solid OpenSCAD_Model
  facet normal 1 0 0
    outer loop
      vertex 44.4 -6.45 14
      vertex 44.4 -11.45 14
      vertex 44.4 -6.45 5
    endloop
  endfacet
  facet normal 1 0 0
    outer loop
      vertex 44.4 11.45 14
      vertex 44.4 6.45 14
      vertex 44.4 11.45 5
    endloop
  endfacet
  facet normal 1 -0 0
    outer loop
      vertex 44.4 11.45 5
      vertex 44.4 17.45 0
      vertex 44.4 17.45 5
    endloop
  endfacet
  facet normal 1 0 0
    outer loop
      vertex 44.4 6.45 5
      vertex 44.4 11.45 5
      vertex 44.4 6.45 14
    endloop
  endfacet
  facet normal 1 -0 0
    outer loop
      vertex 44.4 6.45 5
      vertex 44.4 17.45 0
      vertex 44.4 11.45 5
    endloop
  endfacet
  facet normal 1 -0 0
    outer loop
      vertex 44.4 -6.45 5
      vertex 44.4 17.45 0
      vertex 44.4 6.45 5
    endloop
  endfacet
  facet normal 1 0 0
    outer loop
      vertex 44.4 -11.45 5
      vertex 44.4 -6.45 5
      vertex 44.4 -11.45 14
    endloop
  endfacet
  facet normal 1 0 0
    outer loop
      vertex 44.4 -17.45 0
      vertex 44.4 -6.45 5
      vertex 44.4 -11.45 5
    endloop
  endfacet
  facet normal 1 0 0
    outer loop
      vertex 44.4 -17.45 0
      vertex 44.4 -11.45 5
      vertex 44.4 -17.45 5
    endloop
  endfacet
  facet normal 1 0 0
    outer loop
      vertex 44.4 -6.45 5
      vertex 44.4 -17.45 0
      vertex 44.4 17.45 0
    endloop
  endfacet
  facet normal -0 0 1
    outer loop
      vertex 39.4 -6.45 14
      vertex 44.4 -11.45 14
      vertex 44.4 -6.45 14
    endloop
  endfacet
  facet normal -0 0 1
    outer loop
      vertex 16 -6.45 14
      vertex 44.4 -11.45 14
      vertex 39.4 -6.45 14
    endloop
  endfacet
  facet normal 0 0 1
    outer loop
      vertex 11 -6.90392 14
      vertex 16 -6.45 14
      vertex 11.2721 -6.45 14
    endloop
  endfacet
  facet normal 0 0 1
    outer loop
      vertex 16 -6.45 14
      vertex 11 -6.90392 14
      vertex 11 -11.45 14
    endloop
  endfacet
  facet normal 0 0 1
    outer loop
      vertex 16 -6.45 14
      vertex 11 -11.45 14
      vertex 44.4 -11.45 14
    endloop
  endfacet
  facet normal 0 0 -1
    outer loop
      vertex 6.65176 -4.44456 0
      vertex 11 -6.90392 0
      vertex 10.8091 -7.22241 0
    endloop
  endfacet
  facet normal 0 0 -1
    outer loop
      vertex 11 -6.90392 0
      vertex 8 0 0
      vertex 11 6.90392 0
    endloop
  endfacet
  facet normal 0 0 -1
    outer loop
      vertex 6.65176 -4.44456 0
      vertex 10.8091 -7.22241 0
      vertex 10.0491 -8.24711 0
    endloop
  endfacet
  facet normal 0 0 -1
    outer loop
      vertex 7.96148 0.784137 0
      vertex 11 6.90392 0
      vertex 8 0 0
    endloop
  endfacet
  facet normal 0 0 -1
    outer loop
      vertex 6.18408 -5.07515 0
      vertex 10.0491 -8.24711 0
      vertex 9.19239 -9.19239 0
    endloop
  endfacet
  facet normal 0 0 -1
    outer loop
      vertex 7.84628 1.56072 0
      vertex 11 6.90392 0
      vertex 7.96148 0.784137 0
    endloop
  endfacet
  facet normal 0 0 -1
    outer loop
      vertex 5.65685 -5.65685 0
      vertex 9.19239 -9.19239 0
      vertex 8.24711 -10.0491 0
    endloop
  endfacet
  facet normal 0 0 -1
    outer loop
      vertex 7.65552 2.32228 0
      vertex 11 6.90392 0
      vertex 7.84628 1.56072 0
    endloop
  endfacet
  facet normal 0 0 -1
    outer loop
      vertex 7.39104 3.06147 0
      vertex 11 6.90392 0
      vertex 7.65552 2.32228 0
    endloop
  endfacet
  facet normal 0 0 -1
    outer loop
      vertex 11 -6.90392 0
      vertex 7.96148 -0.784137 0
      vertex 8 0 0
    endloop
  endfacet
  facet normal 0 0 -1
    outer loop
      vertex 11 -6.90392 0
      vertex 7.84628 -1.56072 0
      vertex 7.96148 -0.784137 0
    endloop
  endfacet
  facet normal 0 0 -1
    outer loop
      vertex 11 -6.90392 0
      vertex 7.65552 -2.32228 0
      vertex 7.84628 -1.56072 0
    endloop
  endfacet
  facet normal 0 0 -1
    outer loop
      vertex 11 -6.90392 0
      vertex 7.39104 -3.06147 0
      vertex 7.65552 -2.32228 0
    endloop
  endfacet
  facet normal 0 0 -1
    outer loop
      vertex 5.07515 -6.18408 0
      vertex 8.24711 -10.0491 0
      vertex 7.22241 -10.8091 0
    endloop
  endfacet
  facet normal 0 0 -1
    outer loop
      vertex 11 -6.90392 0
      vertex 7.05537 -3.77117 0
      vertex 7.39104 -3.06147 0
    endloop
  endfacet
  facet normal 0 0 -1
    outer loop
      vertex 11 -6.90392 0
      vertex 6.65176 -4.44456 0
      vertex 7.05537 -3.77117 0
    endloop
  endfacet
  facet normal 0 0 -1
    outer loop
      vertex 10.0491 -8.24711 0
      vertex 6.18408 -5.07515 0
      vertex 6.65176 -4.44456 0
    endloop
  endfacet
  facet normal 0 0 -1
    outer loop
      vertex 4.44456 -6.65176 0
      vertex 7.22241 -10.8091 0
      vertex 6.12816 -11.465 0
    endloop
  endfacet
  facet normal 0 0 -1
    outer loop
      vertex 9.19239 -9.19239 0
      vertex 5.65685 -5.65685 0
      vertex 6.18408 -5.07515 0
    endloop
  endfacet
  facet normal 0 0 -1
    outer loop
      vertex 8.24711 -10.0491 0
      vertex 5.07515 -6.18408 0
      vertex 5.65685 -5.65685 0
    endloop
  endfacet
  facet normal 0 0 -1
    outer loop
      vertex 3.77117 -7.05537 0
      vertex 6.12816 -11.465 0
      vertex 4.97488 -12.0104 0
    endloop
  endfacet
  facet normal 0 0 -1
    outer loop
      vertex 7.22241 -10.8091 0
      vertex 4.44456 -6.65176 0
      vertex 5.07515 -6.18408 0
    endloop
  endfacet
  facet normal 0 0 -1
    outer loop
      vertex 3.06147 -7.39104 0
      vertex 4.97488 -12.0104 0
      vertex 3.7737 -12.4402 0
    endloop
  endfacet
  facet normal 0 0 -1
    outer loop
      vertex 6.12816 -11.465 0
      vertex 3.77117 -7.05537 0
      vertex 4.44456 -6.65176 0
    endloop
  endfacet
  facet normal 0 0 -1
    outer loop
      vertex 4.97488 -12.0104 0
      vertex 3.06147 -7.39104 0
      vertex 3.77117 -7.05537 0
    endloop
  endfacet
  facet normal 0 0 -1
    outer loop
      vertex 2.32228 -7.65552 0
      vertex 3.7737 -12.4402 0
      vertex 2.53617 -12.7502 0
    endloop
  endfacet
  facet normal 0 0 -1
    outer loop
      vertex 3.7737 -12.4402 0
      vertex 2.32228 -7.65552 0
      vertex 3.06147 -7.39104 0
    endloop
  endfacet
  facet normal 0 0 -1
    outer loop
      vertex 2.53617 -12.7502 0
      vertex 1.56072 -7.84628 0
      vertex 2.32228 -7.65552 0
    endloop
  endfacet
  facet normal 0 0 -1
    outer loop
      vertex 1.27422 -12.9374 0
      vertex 1.56072 -7.84628 0
      vertex 2.53617 -12.7502 0
    endloop
  endfacet
  facet normal 0 0 -1
    outer loop
      vertex 1.27422 -12.9374 0
      vertex 0.784137 -7.96148 0
      vertex 1.56072 -7.84628 0
    endloop
  endfacet
  facet normal 0 0 -1
    outer loop
      vertex 0 -13 0
      vertex 0.784137 -7.96148 0
      vertex 1.27422 -12.9374 0
    endloop
  endfacet
  facet normal 0 0 -1
    outer loop
      vertex 0 -13 0
      vertex 0 -8 0
      vertex 0.784137 -7.96148 0
    endloop
  endfacet
  facet normal 0 0 -1
    outer loop
      vertex 0 -13 0
      vertex -0.784137 -7.96148 0
      vertex 0 -8 0
    endloop
  endfacet
  facet normal 0 0 -1
    outer loop
      vertex -1.27422 -12.9374 0
      vertex -0.784137 -7.96148 0
      vertex 0 -13 0
    endloop
  endfacet
  facet normal 0 0 -1
    outer loop
      vertex -1.27422 -12.9374 0
      vertex -1.56072 -7.84628 0
      vertex -0.784137 -7.96148 0
    endloop
  endfacet
  facet normal 0 0 -1
    outer loop
      vertex -2.53617 -12.7502 0
      vertex -1.56072 -7.84628 0
      vertex -1.27422 -12.9374 0
    endloop
  endfacet
  facet normal -0 0 -1
    outer loop
      vertex -1.56072 -7.84628 0
      vertex -2.53617 -12.7502 0
      vertex -2.32228 -7.65552 0
    endloop
  endfacet
  facet normal 0 0 -1
    outer loop
      vertex -3.7737 -12.4402 0
      vertex -2.32228 -7.65552 0
      vertex -2.53617 -12.7502 0
    endloop
  endfacet
  facet normal -0 0 -1
    outer loop
      vertex -2.32228 -7.65552 0
      vertex -3.7737 -12.4402 0
      vertex -3.06147 -7.39104 0
    endloop
  endfacet
  facet normal 0 0 -1
    outer loop
      vertex -4.97488 -12.0104 0
      vertex -3.06147 -7.39104 0
      vertex -3.7737 -12.4402 0
    endloop
  endfacet
  facet normal -0 0 -1
    outer loop
      vertex -3.06147 -7.39104 0
      vertex -4.97488 -12.0104 0
      vertex -3.77117 -7.05537 0
    endloop
  endfacet
  facet normal 0 0 -1
    outer loop
      vertex -6.12816 -11.465 0
      vertex -3.77117 -7.05537 0
      vertex -4.97488 -12.0104 0
    endloop
  endfacet
  facet normal -0 0 -1
    outer loop
      vertex -3.77117 -7.05537 0
      vertex -6.12816 -11.465 0
      vertex -4.44456 -6.65176 0
    endloop
  endfacet
  facet normal 0 0 -1
    outer loop
      vertex -7.22241 -10.8091 0
      vertex -4.44456 -6.65176 0
      vertex -6.12816 -11.465 0
    endloop
  endfacet
  facet normal -0 0 -1
    outer loop
      vertex -4.44456 -6.65176 0
      vertex -7.22241 -10.8091 0
      vertex -5.07515 -6.18408 0
    endloop
  endfacet
  facet normal 0 0 -1
    outer loop
      vertex -8.24711 -10.0491 0
      vertex -5.07515 -6.18408 0
      vertex -7.22241 -10.8091 0
    endloop
  endfacet
  facet normal -0 0 -1
    outer loop
      vertex -5.07515 -6.18408 0
      vertex -8.24711 -10.0491 0
      vertex -5.65685 -5.65685 0
    endloop
  endfacet
  facet normal 0 0 -1
    outer loop
      vertex -9.19239 -9.19239 0
      vertex -5.65685 -5.65685 0
      vertex -8.24711 -10.0491 0
    endloop
  endfacet
  facet normal -0 0 -1
    outer loop
      vertex -5.65685 -5.65685 0
      vertex -9.19239 -9.19239 0
      vertex -6.18408 -5.07515 0
    endloop
  endfacet
  facet normal 0 0 -1
    outer loop
      vertex -10.0491 -8.24711 0
      vertex -6.18408 -5.07515 0
      vertex -9.19239 -9.19239 0
    endloop
  endfacet
  facet normal -0 0 -1
    outer loop
      vertex -6.18408 -5.07515 0
      vertex -10.0491 -8.24711 0
      vertex -6.65176 -4.44456 0
    endloop
  endfacet
  facet normal 0 0 -1
    outer loop
      vertex -10.8091 -7.22241 0
      vertex -6.65176 -4.44456 0
      vertex -10.0491 -8.24711 0
    endloop
  endfacet
  facet normal -0 0 -1
    outer loop
      vertex -6.65176 -4.44456 0
      vertex -10.8091 -7.22241 0
      vertex -7.05537 -3.77117 0
    endloop
  endfacet
  facet normal 0 0 -1
    outer loop
      vertex -11.465 -6.12816 0
      vertex -7.05537 -3.77117 0
      vertex -10.8091 -7.22241 0
    endloop
  endfacet
  facet normal -0 0 -1
    outer loop
      vertex -7.05537 -3.77117 0
      vertex -11.465 -6.12816 0
      vertex -7.39104 -3.06147 0
    endloop
  endfacet
  facet normal 0 0 -1
    outer loop
      vertex -12.0104 -4.97488 0
      vertex -7.39104 -3.06147 0
      vertex -11.465 -6.12816 0
    endloop
  endfacet
  facet normal -0 0 -1
    outer loop
      vertex -7.39104 -3.06147 0
      vertex -12.0104 -4.97488 0
      vertex -7.65552 -2.32228 0
    endloop
  endfacet
  facet normal 0 0 -1
    outer loop
      vertex -12.4402 -3.7737 0
      vertex -7.65552 -2.32228 0
      vertex -12.0104 -4.97488 0
    endloop
  endfacet
  facet normal -0 0 -1
    outer loop
      vertex -7.65552 -2.32228 0
      vertex -12.4402 -3.7737 0
      vertex -7.84628 -1.56072 0
    endloop
  endfacet
  facet normal 0 0 -1
    outer loop
      vertex -12.7502 -2.53617 0
      vertex -7.84628 -1.56072 0
      vertex -12.4402 -3.7737 0
    endloop
  endfacet
  facet normal -0 0 -1
    outer loop
      vertex -7.84628 -1.56072 0
      vertex -12.7502 -2.53617 0
      vertex -7.89979 -1.2 0
    endloop
  endfacet
  facet normal 0 0 -1
    outer loop
      vertex -12.9374 -1.27422 0
      vertex -7.89979 -1.2 0
      vertex -12.7502 -2.53617 0
    endloop
  endfacet
  facet normal -0 0 -1
    outer loop
      vertex -7.89979 -1.2 0
      vertex -12.9374 -1.27422 0
      vertex -12.941 -1.2 0
    endloop
  endfacet
  facet normal 0 0 -1
    outer loop
      vertex 7.05537 3.77117 0
      vertex 11 6.90392 0
      vertex 7.39104 3.06147 0
    endloop
  endfacet
  facet normal 0 0 -1
    outer loop
      vertex 6.65176 4.44456 0
      vertex 11 6.90392 0
      vertex 7.05537 3.77117 0
    endloop
  endfacet
  facet normal -0 0 -1
    outer loop
      vertex 11 6.90392 0
      vertex 6.65176 4.44456 0
      vertex 10.8091 7.22241 0
    endloop
  endfacet
  facet normal -0 0 -1
    outer loop
      vertex 10.8091 7.22241 0
      vertex 6.65176 4.44456 0
      vertex 10.0491 8.24711 0
    endloop
  endfacet
  facet normal 0 0 -1
    outer loop
      vertex 6.18408 5.07515 0
      vertex 10.0491 8.24711 0
      vertex 6.65176 4.44456 0
    endloop
  endfacet
  facet normal -0 0 -1
    outer loop
      vertex 10.0491 8.24711 0
      vertex 6.18408 5.07515 0
      vertex 9.19239 9.19239 0
    endloop
  endfacet
  facet normal 0 0 -1
    outer loop
      vertex 5.65685 5.65685 0
      vertex 9.19239 9.19239 0
      vertex 6.18408 5.07515 0
    endloop
  endfacet
  facet normal -0 0 -1
    outer loop
      vertex 9.19239 9.19239 0
      vertex 5.65685 5.65685 0
      vertex 8.24711 10.0491 0
    endloop
  endfacet
  facet normal 0 0 -1
    outer loop
      vertex 5.07515 6.18408 0
      vertex 8.24711 10.0491 0
      vertex 5.65685 5.65685 0
    endloop
  endfacet
  facet normal -0 0 -1
    outer loop
      vertex 8.24711 10.0491 0
      vertex 5.07515 6.18408 0
      vertex 7.22241 10.8091 0
    endloop
  endfacet
  facet normal 0 0 -1
    outer loop
      vertex 4.44456 6.65176 0
      vertex 7.22241 10.8091 0
      vertex 5.07515 6.18408 0
    endloop
  endfacet
  facet normal -0 0 -1
    outer loop
      vertex 7.22241 10.8091 0
      vertex 4.44456 6.65176 0
      vertex 6.12816 11.465 0
    endloop
  endfacet
  facet normal 0 0 -1
    outer loop
      vertex 3.77117 7.05537 0
      vertex 6.12816 11.465 0
      vertex 4.44456 6.65176 0
    endloop
  endfacet
  facet normal -0 0 -1
    outer loop
      vertex 6.12816 11.465 0
      vertex 3.77117 7.05537 0
      vertex 4.97488 12.0104 0
    endloop
  endfacet
  facet normal 0 0 -1
    outer loop
      vertex 3.06147 7.39104 0
      vertex 4.97488 12.0104 0
      vertex 3.77117 7.05537 0
    endloop
  endfacet
  facet normal -0 0 -1
    outer loop
      vertex 4.97488 12.0104 0
      vertex 3.06147 7.39104 0
      vertex 3.7737 12.4402 0
    endloop
  endfacet
  facet normal 0 0 -1
    outer loop
      vertex 2.32228 7.65552 0
      vertex 3.7737 12.4402 0
      vertex 3.06147 7.39104 0
    endloop
  endfacet
  facet normal -0 0 -1
    outer loop
      vertex 3.7737 12.4402 0
      vertex 2.32228 7.65552 0
      vertex 2.53617 12.7502 0
    endloop
  endfacet
  facet normal 0 0 -1
    outer loop
      vertex 1.56072 7.84628 0
      vertex 2.53617 12.7502 0
      vertex 2.32228 7.65552 0
    endloop
  endfacet
  facet normal 0 0 -1
    outer loop
      vertex 1.56072 7.84628 0
      vertex 1.27422 12.9374 0
      vertex 2.53617 12.7502 0
    endloop
  endfacet
  facet normal 0 0 -1
    outer loop
      vertex 0.784137 7.96148 0
      vertex 1.27422 12.9374 0
      vertex 1.56072 7.84628 0
    endloop
  endfacet
  facet normal 0 0 -1
    outer loop
      vertex 0 8 0
      vertex 1.27422 12.9374 0
      vertex 0.784137 7.96148 0
    endloop
  endfacet
  facet normal 0 0 -1
    outer loop
      vertex 0 8 0
      vertex 0 13 0
      vertex 1.27422 12.9374 0
    endloop
  endfacet
  facet normal 0 0 -1
    outer loop
      vertex -0.784137 7.96148 0
      vertex 0 13 0
      vertex 0 8 0
    endloop
  endfacet
  facet normal 0 0 -1
    outer loop
      vertex -0.784137 7.96148 0
      vertex -1.27422 12.9374 0
      vertex 0 13 0
    endloop
  endfacet
  facet normal 0 0 -1
    outer loop
      vertex -1.56072 7.84628 0
      vertex -1.27422 12.9374 0
      vertex -0.784137 7.96148 0
    endloop
  endfacet
  facet normal 0 0 -1
    outer loop
      vertex -2.53617 12.7502 0
      vertex -1.56072 7.84628 0
      vertex -2.32228 7.65552 0
    endloop
  endfacet
  facet normal 0 0 -1
    outer loop
      vertex -1.56072 7.84628 0
      vertex -2.53617 12.7502 0
      vertex -1.27422 12.9374 0
    endloop
  endfacet
  facet normal 0 0 -1
    outer loop
      vertex -3.7737 12.4402 0
      vertex -2.32228 7.65552 0
      vertex -3.06147 7.39104 0
    endloop
  endfacet
  facet normal 0 0 -1
    outer loop
      vertex -4.97488 12.0104 0
      vertex -3.06147 7.39104 0
      vertex -3.77117 7.05537 0
    endloop
  endfacet
  facet normal 0 0 -1
    outer loop
      vertex -2.32228 7.65552 0
      vertex -3.7737 12.4402 0
      vertex -2.53617 12.7502 0
    endloop
  endfacet
  facet normal 0 0 -1
    outer loop
      vertex -6.12816 11.465 0
      vertex -3.77117 7.05537 0
      vertex -4.44456 6.65176 0
    endloop
  endfacet
  facet normal 0 0 -1
    outer loop
      vertex -3.06147 7.39104 0
      vertex -4.97488 12.0104 0
      vertex -3.7737 12.4402 0
    endloop
  endfacet
  facet normal 0 0 -1
    outer loop
      vertex -7.22241 10.8091 0
      vertex -4.44456 6.65176 0
      vertex -5.07515 6.18408 0
    endloop
  endfacet
  facet normal 0 0 -1
    outer loop
      vertex -8.24711 10.0491 0
      vertex -5.07515 6.18408 0
      vertex -5.65685 5.65685 0
    endloop
  endfacet
  facet normal 0 0 -1
    outer loop
      vertex -3.77117 7.05537 0
      vertex -6.12816 11.465 0
      vertex -4.97488 12.0104 0
    endloop
  endfacet
  facet normal 0 0 -1
    outer loop
      vertex -9.19239 9.19239 0
      vertex -5.65685 5.65685 0
      vertex -6.18408 5.07515 0
    endloop
  endfacet
  facet normal 0 0 -1
    outer loop
      vertex -10.0491 8.24711 0
      vertex -6.18408 5.07515 0
      vertex -6.65176 4.44456 0
    endloop
  endfacet
  facet normal 0 0 -1
    outer loop
      vertex -10.8091 7.22241 0
      vertex -6.65176 4.44456 0
      vertex -7.05537 3.77117 0
    endloop
  endfacet
  facet normal 0 0 -1
    outer loop
      vertex -4.44456 6.65176 0
      vertex -7.22241 10.8091 0
      vertex -6.12816 11.465 0
    endloop
  endfacet
  facet normal 0 0 -1
    outer loop
      vertex -11.465 6.12816 0
      vertex -7.05537 3.77117 0
      vertex -7.39104 3.06147 0
    endloop
  endfacet
  facet normal 0 0 -1
    outer loop
      vertex -12.0104 4.97488 0
      vertex -7.39104 3.06147 0
      vertex -7.65552 2.32228 0
    endloop
  endfacet
  facet normal 0 0 -1
    outer loop
      vertex -12.4402 3.7737 0
      vertex -7.65552 2.32228 0
      vertex -7.84628 1.56072 0
    endloop
  endfacet
  facet normal 0 0 -1
    outer loop
      vertex -12.7502 2.53617 0
      vertex -7.84628 1.56072 0
      vertex -7.89979 1.2 0
    endloop
  endfacet
  facet normal 0 0 -1
    outer loop
      vertex -5.07515 6.18408 0
      vertex -8.24711 10.0491 0
      vertex -7.22241 10.8091 0
    endloop
  endfacet
  facet normal 0 0 -1
    outer loop
      vertex -5.65685 5.65685 0
      vertex -9.19239 9.19239 0
      vertex -8.24711 10.0491 0
    endloop
  endfacet
  facet normal 0 0 -1
    outer loop
      vertex -6.18408 5.07515 0
      vertex -10.0491 8.24711 0
      vertex -9.19239 9.19239 0
    endloop
  endfacet
  facet normal 0 0 -1
    outer loop
      vertex -6.65176 4.44456 0
      vertex -10.8091 7.22241 0
      vertex -10.0491 8.24711 0
    endloop
  endfacet
  facet normal 0 0 -1
    outer loop
      vertex -7.05537 3.77117 0
      vertex -11.465 6.12816 0
      vertex -10.8091 7.22241 0
    endloop
  endfacet
  facet normal 0 0 -1
    outer loop
      vertex -7.39104 3.06147 0
      vertex -12.0104 4.97488 0
      vertex -11.465 6.12816 0
    endloop
  endfacet
  facet normal 0 0 -1
    outer loop
      vertex -7.65552 2.32228 0
      vertex -12.4402 3.7737 0
      vertex -12.0104 4.97488 0
    endloop
  endfacet
  facet normal 0 0 -1
    outer loop
      vertex -7.84628 1.56072 0
      vertex -12.7502 2.53617 0
      vertex -12.4402 3.7737 0
    endloop
  endfacet
  facet normal 0 0 -1
    outer loop
      vertex -7.89979 1.2 0
      vertex -12.9374 1.27422 0
      vertex -12.7502 2.53617 0
    endloop
  endfacet
  facet normal 0 -0 -1
    outer loop
      vertex -12.9374 1.27422 0
      vertex -7.89979 1.2 0
      vertex -12.941 1.2 0
    endloop
  endfacet
  facet normal 0 0 -1
    outer loop
      vertex 39.4 6.45 0
      vertex 29.848 12.95 0
      vertex 35.848 12.95 0
    endloop
  endfacet
  facet normal 0 0 -1
    outer loop
      vertex 29.848 12.95 0
      vertex 25.552 12.95 0
      vertex 29.848 15.95 0
    endloop
  endfacet
  facet normal 0 0 -1
    outer loop
      vertex 39.4 6.45 0
      vertex 25.552 12.95 0
      vertex 29.848 12.95 0
    endloop
  endfacet
  facet normal 0 0 -1
    outer loop
      vertex 16 6.45 0
      vertex 25.552 12.95 0
      vertex 39.4 6.45 0
    endloop
  endfacet
  facet normal 0 0 -1
    outer loop
      vertex 11 6.90392 0
      vertex 19.552 12.95 0
      vertex 16 6.45 0
    endloop
  endfacet
  facet normal -0 0 -1
    outer loop
      vertex 25.552 12.95 0
      vertex 16 6.45 0
      vertex 19.552 12.95 0
    endloop
  endfacet
  facet normal 0 0 -1
    outer loop
      vertex 44.4 -17.45 0
      vertex 39.4 -6.45 0
      vertex 44.4 17.45 0
    endloop
  endfacet
  facet normal 0 0 -1
    outer loop
      vertex 35.848 -12.95 0
      vertex 44.4 -17.45 0
      vertex 35.848 -15.95 0
    endloop
  endfacet
  facet normal 0 0 -1
    outer loop
      vertex 44.4 -17.45 0
      vertex 29.848 -15.95 0
      vertex 35.848 -15.95 0
    endloop
  endfacet
  facet normal 0 0 -1
    outer loop
      vertex 29.848 -15.95 0
      vertex 25.552 -15.95 0
      vertex 29.848 -12.95 0
    endloop
  endfacet
  facet normal 0 0 -1
    outer loop
      vertex 44.4 -17.45 0
      vertex 25.552 -15.95 0
      vertex 29.848 -15.95 0
    endloop
  endfacet
  facet normal 0 0 -1
    outer loop
      vertex 11 -17.45 0
      vertex 25.552 -15.95 0
      vertex 44.4 -17.45 0
    endloop
  endfacet
  facet normal 0 0 -1
    outer loop
      vertex 11 -17.45 0
      vertex 19.552 -12.95 0
      vertex 19.552 -15.95 0
    endloop
  endfacet
  facet normal 0 0 -1
    outer loop
      vertex 19.552 -12.95 0
      vertex 11 -6.90392 0
      vertex 16 -6.45 0
    endloop
  endfacet
  facet normal 0 0 -1
    outer loop
      vertex 11 -6.90392 0
      vertex 19.552 -12.95 0
      vertex 11 -17.45 0
    endloop
  endfacet
  facet normal -0 0 -1
    outer loop
      vertex 25.552 -15.95 0
      vertex 11 -17.45 0
      vertex 19.552 -15.95 0
    endloop
  endfacet
  facet normal 0 0 -1
    outer loop
      vertex 39.4 6.45 0
      vertex 44.4 17.45 0
      vertex 39.4 -6.45 0
    endloop
  endfacet
  facet normal 0 0 -1
    outer loop
      vertex 35.848 12.95 0
      vertex 44.4 17.45 0
      vertex 39.4 6.45 0
    endloop
  endfacet
  facet normal 0 0 -1
    outer loop
      vertex 35.848 15.95 0
      vertex 44.4 17.45 0
      vertex 35.848 12.95 0
    endloop
  endfacet
  facet normal 0 0 -1
    outer loop
      vertex 29.848 15.95 0
      vertex 44.4 17.45 0
      vertex 35.848 15.95 0
    endloop
  endfacet
  facet normal 0 0 -1
    outer loop
      vertex 25.552 15.95 0
      vertex 29.848 15.95 0
      vertex 25.552 12.95 0
    endloop
  endfacet
  facet normal 0 0 -1
    outer loop
      vertex 25.552 15.95 0
      vertex 44.4 17.45 0
      vertex 29.848 15.95 0
    endloop
  endfacet
  facet normal 0 0 -1
    outer loop
      vertex 11 17.45 0
      vertex 25.552 15.95 0
      vertex 19.552 15.95 0
    endloop
  endfacet
  facet normal -0 0 -1
    outer loop
      vertex 16 -6.45 0
      vertex 11 -6.90392 0
      vertex 16 6.45 0
    endloop
  endfacet
  facet normal 0 0 -1
    outer loop
      vertex 11 6.90392 0
      vertex 16 6.45 0
      vertex 11 -6.90392 0
    endloop
  endfacet
  facet normal -0 0 -1
    outer loop
      vertex 19.552 12.95 0
      vertex 11 6.90392 0
      vertex 11 17.45 0
    endloop
  endfacet
  facet normal 0 0 -1
    outer loop
      vertex 25.552 15.95 0
      vertex 11 17.45 0
      vertex 44.4 17.45 0
    endloop
  endfacet
  facet normal 0 0 -1
    outer loop
      vertex 19.552 12.95 0
      vertex 11 17.45 0
      vertex 19.552 15.95 0
    endloop
  endfacet
  facet normal 0 0 -1
    outer loop
      vertex 44.4 -17.45 0
      vertex 35.848 -12.95 0
      vertex 39.4 -6.45 0
    endloop
  endfacet
  facet normal 0 0 -1
    outer loop
      vertex 29.848 -12.95 0
      vertex 39.4 -6.45 0
      vertex 35.848 -12.95 0
    endloop
  endfacet
  facet normal 0 0 -1
    outer loop
      vertex 25.552 -12.95 0
      vertex 29.848 -12.95 0
      vertex 25.552 -15.95 0
    endloop
  endfacet
  facet normal 0 0 -1
    outer loop
      vertex 25.552 -12.95 0
      vertex 39.4 -6.45 0
      vertex 29.848 -12.95 0
    endloop
  endfacet
  facet normal 0 0 -1
    outer loop
      vertex 16 -6.45 0
      vertex 25.552 -12.95 0
      vertex 19.552 -12.95 0
    endloop
  endfacet
  facet normal 0 0 -1
    outer loop
      vertex 25.552 -12.95 0
      vertex 16 -6.45 0
      vertex 39.4 -6.45 0
    endloop
  endfacet
  facet normal -1 0 0
    outer loop
      vertex 11 17.45 0
      vertex 11 11.45 5
      vertex 11 17.45 5
    endloop
  endfacet
  facet normal -1 0 0
    outer loop
      vertex 11 6.90392 0
      vertex 11 11.45 5
      vertex 11 17.45 0
    endloop
  endfacet
  facet normal -1 0 0
    outer loop
      vertex 11 6.90392 14
      vertex 11 11.45 5
      vertex 11 6.90392 0
    endloop
  endfacet
  facet normal -1 0 0
    outer loop
      vertex 11 11.45 5
      vertex 11 6.90392 14
      vertex 11 11.45 14
    endloop
  endfacet
  facet normal -1 0 0
    outer loop
      vertex 11 -6.90392 0
      vertex 11 -11.45 5
      vertex 11 -6.90392 14
    endloop
  endfacet
  facet normal -1 0 0
    outer loop
      vertex 11 -17.45 0
      vertex 11 -11.45 5
      vertex 11 -6.90392 0
    endloop
  endfacet
  facet normal -1 -0 0
    outer loop
      vertex 11 -11.45 5
      vertex 11 -17.45 0
      vertex 11 -17.45 5
    endloop
  endfacet
  facet normal -1 -0 0
    outer loop
      vertex 11 -6.90392 14
      vertex 11 -11.45 5
      vertex 11 -11.45 14
    endloop
  endfacet
  facet normal 0 1 -0
    outer loop
      vertex 44.4 -6.45 5
      vertex 39.4 -6.45 14
      vertex 44.4 -6.45 14
    endloop
  endfacet
  facet normal 0 1 0
    outer loop
      vertex 39.4 -6.45 14
      vertex 44.4 -6.45 5
      vertex 39.4 -6.45 5
    endloop
  endfacet
  facet normal 0 1 -0
    outer loop
      vertex 16 -6.45 5
      vertex 11.2721 -6.45 14
      vertex 16 -6.45 14
    endloop
  endfacet
  facet normal 0 1 0
    outer loop
      vertex 11.2721 -6.45 14
      vertex 16 -6.45 5
      vertex 11.2721 -6.45 5
    endloop
  endfacet
  facet normal 0 1 -0
    outer loop
      vertex 39.4 -6.45 5
      vertex 16 -6.45 14
      vertex 39.4 -6.45 14
    endloop
  endfacet
  facet normal 0 1 0
    outer loop
      vertex 39.4 -6.45 5
      vertex 16 -6.45 5
      vertex 16 -6.45 14
    endloop
  endfacet
  facet normal 0 1 -0
    outer loop
      vertex 39.4 -6.45 0
      vertex 16 -6.45 5
      vertex 39.4 -6.45 5
    endloop
  endfacet
  facet normal 0 1 0
    outer loop
      vertex 16 -6.45 5
      vertex 39.4 -6.45 0
      vertex 16 -6.45 0
    endloop
  endfacet
  facet normal 0 -1 0
    outer loop
      vertex 11 -11.45 5
      vertex 44.4 -11.45 14
      vertex 11 -11.45 14
    endloop
  endfacet
  facet normal 0 -1 -0
    outer loop
      vertex 44.4 -11.45 14
      vertex 11 -11.45 5
      vertex 44.4 -11.45 5
    endloop
  endfacet
  facet normal 0 0 1
    outer loop
      vertex 44.4 11.45 14
      vertex 39.4 6.45 14
      vertex 44.4 6.45 14
    endloop
  endfacet
  facet normal 0 0 1
    outer loop
      vertex 44.4 11.45 14
      vertex 16 6.45 14
      vertex 39.4 6.45 14
    endloop
  endfacet
  facet normal -0 0 1
    outer loop
      vertex 11 11.45 14
      vertex 16 6.45 14
      vertex 44.4 11.45 14
    endloop
  endfacet
  facet normal -0 0 1
    outer loop
      vertex 11 6.90392 14
      vertex 16 6.45 14
      vertex 11 11.45 14
    endloop
  endfacet
  facet normal 0 0 1
    outer loop
      vertex 16 6.45 14
      vertex 11 6.90392 14
      vertex 11.2721 6.45 14
    endloop
  endfacet
  facet normal 0 1 -0
    outer loop
      vertex 44.4 11.45 5
      vertex 11 11.45 14
      vertex 44.4 11.45 14
    endloop
  endfacet
  facet normal 0 1 0
    outer loop
      vertex 11 11.45 14
      vertex 44.4 11.45 5
      vertex 11 11.45 5
    endloop
  endfacet
  facet normal 0 -1 0
    outer loop
      vertex 39.4 6.45 5
      vertex 44.4 6.45 14
      vertex 39.4 6.45 14
    endloop
  endfacet
  facet normal 0 -1 -0
    outer loop
      vertex 44.4 6.45 14
      vertex 39.4 6.45 5
      vertex 44.4 6.45 5
    endloop
  endfacet
  facet normal 0 -1 0
    outer loop
      vertex 11.2721 6.45 5
      vertex 16 6.45 14
      vertex 11.2721 6.45 14
    endloop
  endfacet
  facet normal 0 -1 -0
    outer loop
      vertex 16 6.45 14
      vertex 11.2721 6.45 5
      vertex 16 6.45 5
    endloop
  endfacet
  facet normal 0 -1 0
    outer loop
      vertex 16 6.45 5
      vertex 39.4 6.45 14
      vertex 16 6.45 14
    endloop
  endfacet
  facet normal 0 -1 0
    outer loop
      vertex 16 6.45 5
      vertex 39.4 6.45 5
      vertex 39.4 6.45 14
    endloop
  endfacet
  facet normal 0 -1 0
    outer loop
      vertex 16 6.45 0
      vertex 39.4 6.45 5
      vertex 16 6.45 5
    endloop
  endfacet
  facet normal 0 -1 -0
    outer loop
      vertex 39.4 6.45 5
      vertex 16 6.45 0
      vertex 39.4 6.45 0
    endloop
  endfacet
  facet normal 0.671527 -0.74098 0
    outer loop
      vertex 8.24711 -10.0491 18.75
      vertex 8.24711 -10.0491 0
      vertex 8.72646 -9.61468 18.75
    endloop
  endfacet
  facet normal 0.671527 -0.74098 0
    outer loop
      vertex 8.72646 -9.61468 21.25
      vertex 8.24711 -10.0491 40
      vertex 8.24711 -10.0491 21.25
    endloop
  endfacet
  facet normal 0.671541 -0.740967 6.43848e-07
    outer loop
      vertex 8.24711 -10.0491 40
      vertex 8.72646 -9.61468 21.25
      vertex 9.19239 -9.19239 40
    endloop
  endfacet
  facet normal 0.671555 -0.740955 0
    outer loop
      vertex 8.72646 -9.61468 18.75
      vertex 9.19239 -9.19239 40
      vertex 8.72646 -9.61468 21.25
    endloop
  endfacet
  facet normal 0.671555 -0.740955 0
    outer loop
      vertex 8.72646 -9.61468 18.75
      vertex 9.19239 -9.19239 0
      vertex 9.19239 -9.19239 40
    endloop
  endfacet
  facet normal 0.671541 -0.740967 -6.43848e-07
    outer loop
      vertex 9.19239 -9.19239 0
      vertex 8.72646 -9.61468 18.75
      vertex 8.24711 -10.0491 0
    endloop
  endfacet
  facet normal -0.427516 0.904008 0
    outer loop
      vertex -4.97488 12.0104 0
      vertex -6.12816 11.465 40
      vertex -4.97488 12.0104 40
    endloop
  endfacet
  facet normal -0.427516 0.904008 0
    outer loop
      vertex -6.12816 11.465 40
      vertex -4.97488 12.0104 0
      vertex -6.12816 11.465 0
    endloop
  endfacet
  facet normal 0.989176 0.146736 0
    outer loop
      vertex 12.9374 1.27422 40
      vertex 12.7502 2.53617 5
      vertex 12.7502 2.53617 40
    endloop
  endfacet
  facet normal 0.989176 0.146736 0
    outer loop
      vertex 12.7502 2.53617 5
      vertex 12.9374 1.27422 40
      vertex 12.9374 1.27422 5
    endloop
  endfacet
  facet normal 0.998795 0.0490689 0
    outer loop
      vertex 13 0 40
      vertex 12.9374 1.27422 5
      vertex 12.9374 1.27422 40
    endloop
  endfacet
  facet normal 0.998795 0.0490689 0
    outer loop
      vertex 12.9374 1.27422 5
      vertex 13 0 40
      vertex 13 0 5
    endloop
  endfacet
  facet normal 0.970029 0.242991 0
    outer loop
      vertex 12.7502 2.53617 40
      vertex 12.4402 3.7737 5
      vertex 12.4402 3.7737 40
    endloop
  endfacet
  facet normal 0.970029 0.242991 0
    outer loop
      vertex 12.4402 3.7737 5
      vertex 12.7502 2.53617 40
      vertex 12.7502 2.53617 5
    endloop
  endfacet
  facet normal 0.336897 -0.941541 3.47401e-06
    outer loop
      vertex 3.7737 -12.4402 40
      vertex 3.96701 -12.3711 21.25
      vertex 4.97488 -12.0104 40
    endloop
  endfacet
  facet normal 0.336599 -0.941648 0
    outer loop
      vertex 3.7737 -12.4402 40
      vertex 3.96701 -12.3711 18.75
      vertex 3.96701 -12.3711 21.25
    endloop
  endfacet
  facet normal 0.336599 -0.941648 0
    outer loop
      vertex 3.7737 -12.4402 0
      vertex 3.96701 -12.3711 18.75
      vertex 3.7737 -12.4402 40
    endloop
  endfacet
  facet normal 0.336897 -0.941541 -3.47401e-06
    outer loop
      vertex 4.97488 -12.0104 0
      vertex 3.96701 -12.3711 18.75
      vertex 3.7737 -12.4402 0
    endloop
  endfacet
  facet normal 0.336955 -0.941521 0
    outer loop
      vertex 3.96701 -12.3711 18.75
      vertex 4.97488 -12.0104 0
      vertex 4.97488 -12.0104 18.75
    endloop
  endfacet
  facet normal 0.336955 -0.941521 0
    outer loop
      vertex 4.97488 -12.0104 40
      vertex 3.96701 -12.3711 21.25
      vertex 4.97488 -12.0104 21.25
    endloop
  endfacet
  facet normal 0.857723 0.514112 0
    outer loop
      vertex 10.8091 7.22241 40
      vertex 11 6.90392 14
      vertex 10.8091 7.22241 0
    endloop
  endfacet
  facet normal 0.857703 0.514146 -5.66937e-07
    outer loop
      vertex 10.8091 7.22241 40
      vertex 11.2721 6.45 14
      vertex 11 6.90392 14
    endloop
  endfacet
  facet normal 0.857718 0.514121 4.23003e-07
    outer loop
      vertex 11.465 6.12816 40
      vertex 11.2721 6.45 14
      vertex 10.8091 7.22241 40
    endloop
  endfacet
  facet normal 0.857733 0.514096 -0
    outer loop
      vertex 11.465 6.12816 5
      vertex 11.2721 6.45 14
      vertex 11.465 6.12816 40
    endloop
  endfacet
  facet normal 0.857733 0.514096 0
    outer loop
      vertex 11.2721 6.45 14
      vertex 11.465 6.12816 5
      vertex 11.2721 6.45 5
    endloop
  endfacet
  facet normal 0.857723 0.514112 0
    outer loop
      vertex 10.8091 7.22241 0
      vertex 11 6.90392 14
      vertex 11 6.90392 0
    endloop
  endfacet
  facet normal 0.740967 0.671541 0
    outer loop
      vertex 10.0491 8.24711 40
      vertex 9.19239 9.19239 0
      vertex 9.19239 9.19239 40
    endloop
  endfacet
  facet normal 0.740967 0.671541 0
    outer loop
      vertex 9.19239 9.19239 0
      vertex 10.0491 8.24711 40
      vertex 10.0491 8.24711 0
    endloop
  endfacet
  facet normal 0.803196 0.595715 0
    outer loop
      vertex 10.8091 7.22241 40
      vertex 10.0491 8.24711 0
      vertex 10.0491 8.24711 40
    endloop
  endfacet
  facet normal 0.803196 0.595715 0
    outer loop
      vertex 10.0491 8.24711 0
      vertex 10.8091 7.22241 40
      vertex 10.8091 7.22241 0
    endloop
  endfacet
  facet normal 0.514121 -0.857718 0
    outer loop
      vertex 6.12816 -11.465 0
      vertex 7.22241 -10.8091 18.75
      vertex 6.12816 -11.465 18.75
    endloop
  endfacet
  facet normal 0.514121 -0.857718 0
    outer loop
      vertex 7.22241 -10.8091 18.75
      vertex 6.12816 -11.465 0
      vertex 7.22241 -10.8091 0
    endloop
  endfacet
  facet normal 0.514121 -0.857718 0
    outer loop
      vertex 6.12816 -11.465 21.25
      vertex 7.22241 -10.8091 40
      vertex 6.12816 -11.465 40
    endloop
  endfacet
  facet normal 0.514121 -0.857718 0
    outer loop
      vertex 7.22241 -10.8091 40
      vertex 6.12816 -11.465 21.25
      vertex 7.22241 -10.8091 21.25
    endloop
  endfacet
  facet normal -0.803191 0.595722 0
    outer loop
      vertex -10.6666 7.41452 11.6918
      vertex -10.6032 7.5 28.3051
      vertex -10.6032 7.5 11.6949
    endloop
  endfacet
  facet normal -0.803191 0.595722 0
    outer loop
      vertex -10.6666 7.41452 11.6918
      vertex -10.6666 7.41452 28.3082
      vertex -10.6032 7.5 28.3051
    endloop
  endfacet
  facet normal -0.803164 0.595757 0
    outer loop
      vertex -10.8091 7.22241 11.6707
      vertex -10.6666 7.41452 28.3082
      vertex -10.6666 7.41452 11.6918
    endloop
  endfacet
  facet normal -0.803164 0.595757 0
    outer loop
      vertex -10.6666 7.41452 28.3082
      vertex -10.8091 7.22241 11.6707
      vertex -10.8091 7.22241 28.3293
    endloop
  endfacet
  facet normal -0.803205 0.595703 0
    outer loop
      vertex -10.6032 7.5 11.6949
      vertex -10.0491 8.24711 0
      vertex -10.6032 7.5 8.30507
    endloop
  endfacet
  facet normal -0.803196 0.595715 1.63561e-06
    outer loop
      vertex -10.8091 7.22241 0
      vertex -10.6032 7.5 8.30507
      vertex -10.0491 8.24711 0
    endloop
  endfacet
  facet normal -0.803191 0.595722 1.27239e-06
    outer loop
      vertex -10.6032 7.5 8.30507
      vertex -10.8091 7.22241 0
      vertex -10.6666 7.41452 8.30819
    endloop
  endfacet
  facet normal -0.803164 0.595757 0
    outer loop
      vertex -10.6666 7.41452 8.30819
      vertex -10.8091 7.22241 0
      vertex -10.8091 7.22241 8.32932
    endloop
  endfacet
  facet normal -0.803205 0.595703 0
    outer loop
      vertex -10.0491 8.24711 0
      vertex -10.6032 7.5 11.6949
      vertex -10.0491 8.24711 40
    endloop
  endfacet
  facet normal -0.803205 0.595703 0
    outer loop
      vertex -10.6032 7.5 28.3051
      vertex -10.0491 8.24711 40
      vertex -10.6032 7.5 11.6949
    endloop
  endfacet
  facet normal -0.803205 0.595703 0
    outer loop
      vertex -10.6032 7.5 31.6949
      vertex -10.0491 8.24711 40
      vertex -10.6032 7.5 28.3051
    endloop
  endfacet
  facet normal -0.803191 0.595722 -1.27239e-06
    outer loop
      vertex -10.8091 7.22241 40
      vertex -10.6032 7.5 31.6949
      vertex -10.6666 7.41452 31.6918
    endloop
  endfacet
  facet normal -0.803164 0.595757 0
    outer loop
      vertex -10.8091 7.22241 40
      vertex -10.6666 7.41452 31.6918
      vertex -10.8091 7.22241 31.6707
    endloop
  endfacet
  facet normal -0.803196 0.595715 -1.63561e-06
    outer loop
      vertex -10.6032 7.5 31.6949
      vertex -10.8091 7.22241 40
      vertex -10.0491 8.24711 40
    endloop
  endfacet
  facet normal -0.514121 -0.857718 0
    outer loop
      vertex -7.22241 -10.8091 0
      vertex -6.12816 -11.465 40
      vertex -7.22241 -10.8091 40
    endloop
  endfacet
  facet normal -0.514121 -0.857718 -0
    outer loop
      vertex -6.12816 -11.465 40
      vertex -7.22241 -10.8091 0
      vertex -6.12816 -11.465 0
    endloop
  endfacet
  facet normal 0.336955 0.941521 0
    outer loop
      vertex 4.97488 12.0104 18.75
      vertex 4.97488 12.0104 0
      vertex 3.96701 12.3711 18.75
    endloop
  endfacet
  facet normal 0.336955 0.941521 0
    outer loop
      vertex 3.96701 12.3711 21.25
      vertex 4.97488 12.0104 40
      vertex 4.97488 12.0104 21.25
    endloop
  endfacet
  facet normal 0.336897 0.941541 3.47401e-06
    outer loop
      vertex 4.97488 12.0104 40
      vertex 3.96701 12.3711 21.25
      vertex 3.7737 12.4402 40
    endloop
  endfacet
  facet normal 0.336599 0.941648 -0
    outer loop
      vertex 3.96701 12.3711 18.75
      vertex 3.7737 12.4402 40
      vertex 3.96701 12.3711 21.25
    endloop
  endfacet
  facet normal 0.336599 0.941648 0
    outer loop
      vertex 3.96701 12.3711 18.75
      vertex 3.7737 12.4402 0
      vertex 3.7737 12.4402 40
    endloop
  endfacet
  facet normal 0.336897 0.941541 -3.47401e-06
    outer loop
      vertex 3.7737 12.4402 0
      vertex 3.96701 12.3711 18.75
      vertex 4.97488 12.0104 0
    endloop
  endfacet
  facet normal -0.242991 -0.970029 0
    outer loop
      vertex -3.7737 -12.4402 0
      vertex -2.53617 -12.7502 40
      vertex -3.7737 -12.4402 40
    endloop
  endfacet
  facet normal -0.242991 -0.970029 -0
    outer loop
      vertex -2.53617 -12.7502 40
      vertex -3.7737 -12.4402 0
      vertex -2.53617 -12.7502 0
    endloop
  endfacet
  facet normal 0.427516 0.904008 -0
    outer loop
      vertex 6.12816 11.465 0
      vertex 4.97488 12.0104 18.75
      vertex 6.12816 11.465 18.75
    endloop
  endfacet
  facet normal 0.427516 0.904008 0
    outer loop
      vertex 4.97488 12.0104 18.75
      vertex 6.12816 11.465 0
      vertex 4.97488 12.0104 0
    endloop
  endfacet
  facet normal 0.427516 0.904008 -0
    outer loop
      vertex 6.12816 11.465 21.25
      vertex 4.97488 12.0104 40
      vertex 6.12816 11.465 40
    endloop
  endfacet
  facet normal 0.427516 0.904008 0
    outer loop
      vertex 4.97488 12.0104 40
      vertex 6.12816 11.465 21.25
      vertex 4.97488 12.0104 21.25
    endloop
  endfacet
  facet normal 0.595715 -0.803196 0
    outer loop
      vertex 7.22241 -10.8091 21.25
      vertex 8.24711 -10.0491 40
      vertex 7.22241 -10.8091 40
    endloop
  endfacet
  facet normal 0.595715 -0.803196 0
    outer loop
      vertex 8.24711 -10.0491 40
      vertex 7.22241 -10.8091 21.25
      vertex 8.24711 -10.0491 21.25
    endloop
  endfacet
  facet normal 0.595715 -0.803196 0
    outer loop
      vertex 7.22241 -10.8091 0
      vertex 8.24711 -10.0491 18.75
      vertex 7.22241 -10.8091 18.75
    endloop
  endfacet
  facet normal 0.595715 -0.803196 0
    outer loop
      vertex 8.24711 -10.0491 18.75
      vertex 7.22241 -10.8091 0
      vertex 8.24711 -10.0491 0
    endloop
  endfacet
  facet normal 0.989176 -0.146736 0
    outer loop
      vertex 12.7502 -2.53617 40
      vertex 12.9374 -1.27422 5
      vertex 12.9374 -1.27422 40
    endloop
  endfacet
  facet normal 0.989176 -0.146736 0
    outer loop
      vertex 12.9374 -1.27422 5
      vertex 12.7502 -2.53617 40
      vertex 12.7502 -2.53617 5
    endloop
  endfacet
  facet normal -0.146736 -0.989176 0
    outer loop
      vertex -2.53617 -12.7502 0
      vertex -1.27422 -12.9374 40
      vertex -2.53617 -12.7502 40
    endloop
  endfacet
  facet normal -0.146736 -0.989176 -0
    outer loop
      vertex -1.27422 -12.9374 40
      vertex -2.53617 -12.7502 0
      vertex -1.27422 -12.9374 0
    endloop
  endfacet
  facet normal 0.671541 0.740967 6.43848e-07
    outer loop
      vertex 9.19239 9.19239 40
      vertex 8.72646 9.61468 21.25
      vertex 8.24711 10.0491 40
    endloop
  endfacet
  facet normal 0.671555 0.740955 0
    outer loop
      vertex 9.19239 9.19239 40
      vertex 8.72646 9.61468 18.75
      vertex 8.72646 9.61468 21.25
    endloop
  endfacet
  facet normal 0.671555 0.740955 -0
    outer loop
      vertex 9.19239 9.19239 0
      vertex 8.72646 9.61468 18.75
      vertex 9.19239 9.19239 40
    endloop
  endfacet
  facet normal 0.671541 0.740967 -6.43848e-07
    outer loop
      vertex 8.24711 10.0491 0
      vertex 8.72646 9.61468 18.75
      vertex 9.19239 9.19239 0
    endloop
  endfacet
  facet normal 0.671527 0.74098 0
    outer loop
      vertex 8.72646 9.61468 18.75
      vertex 8.24711 10.0491 0
      vertex 8.24711 10.0491 18.75
    endloop
  endfacet
  facet normal 0.671527 0.74098 0
    outer loop
      vertex 8.24711 10.0491 40
      vertex 8.72646 9.61468 21.25
      vertex 8.24711 10.0491 21.25
    endloop
  endfacet
  facet normal -0.242991 0.970029 0
    outer loop
      vertex -2.53617 12.7502 0
      vertex -3.7737 12.4402 40
      vertex -2.53617 12.7502 40
    endloop
  endfacet
  facet normal -0.242991 0.970029 0
    outer loop
      vertex -3.7737 12.4402 40
      vertex -2.53617 12.7502 0
      vertex -3.7737 12.4402 0
    endloop
  endfacet
  facet normal -0.998826 -0.0484475 0
    outer loop
      vertex -12.9374 -1.27422 0
      vertex -12.941 -1.2 18.75
      vertex -12.941 -1.2 0
    endloop
  endfacet
  facet normal -0.998826 -0.0484475 0
    outer loop
      vertex -12.941 -1.2 18.75
      vertex -12.9374 -1.27422 0
      vertex -12.9374 -1.27422 18.75
    endloop
  endfacet
  facet normal -0.998826 -0.0484475 0
    outer loop
      vertex -12.9374 -1.27422 21.25
      vertex -12.941 -1.2 40
      vertex -12.941 -1.2 21.25
    endloop
  endfacet
  facet normal -0.998826 -0.0484475 0
    outer loop
      vertex -12.941 -1.2 40
      vertex -12.9374 -1.27422 21.25
      vertex -12.9374 -1.27422 40
    endloop
  endfacet
  facet normal -0.905044 -0.425317 0
    outer loop
      vertex -12.0104 -4.97488 0
      vertex -11.9993 -4.9985 9.19862
      vertex -12.0104 -4.97488 9.22224
    endloop
  endfacet
  facet normal -0.903929 -0.427683 -7.4209e-06
    outer loop
      vertex -12.0104 -4.97488 0
      vertex -11.9135 -5.17984 9.05553
      vertex -11.9993 -4.9985 9.19862
    endloop
  endfacet
  facet normal -0.903956 -0.427625 -5.80529e-06
    outer loop
      vertex -12.0104 -4.97488 0
      vertex -11.8141 -5.38996 8.92153
      vertex -11.9135 -5.17984 9.05553
    endloop
  endfacet
  facet normal -0.904041 -0.427445 4.42031e-06
    outer loop
      vertex -12.0104 -4.97488 0
      vertex -11.7021 -5.62684 8.79792
      vertex -11.8141 -5.38996 8.92153
    endloop
  endfacet
  facet normal -0.904008 -0.427515 -1.89301e-06
    outer loop
      vertex -12.0104 -4.97488 0
      vertex -11.5785 -5.8882 8.68588
      vertex -11.7021 -5.62684 8.79792
    endloop
  endfacet
  facet normal -0.904008 -0.427516 -0
    outer loop
      vertex -11.465 -6.12816 8.60171
      vertex -12.0104 -4.97488 0
      vertex -11.465 -6.12816 0
    endloop
  endfacet
  facet normal -0.90398 -0.427575 -9.6608e-06
    outer loop
      vertex -12.0104 -4.97488 0
      vertex -11.465 -6.12816 8.60171
      vertex -11.5785 -5.8882 8.68588
    endloop
  endfacet
  facet normal -0.905044 -0.425317 0
    outer loop
      vertex -11.9993 -4.9985 30.8014
      vertex -12.0104 -4.97488 40
      vertex -12.0104 -4.97488 30.7778
    endloop
  endfacet
  facet normal -0.903929 -0.427683 7.42091e-06
    outer loop
      vertex -11.9135 -5.17984 30.9445
      vertex -12.0104 -4.97488 40
      vertex -11.9993 -4.9985 30.8014
    endloop
  endfacet
  facet normal -0.903956 -0.427625 5.80531e-06
    outer loop
      vertex -11.8141 -5.38996 31.0785
      vertex -12.0104 -4.97488 40
      vertex -11.9135 -5.17984 30.9445
    endloop
  endfacet
  facet normal -0.904041 -0.427445 -4.42033e-06
    outer loop
      vertex -11.7021 -5.62684 31.2021
      vertex -12.0104 -4.97488 40
      vertex -11.8141 -5.38996 31.0785
    endloop
  endfacet
  facet normal -0.904008 -0.427515 1.89304e-06
    outer loop
      vertex -11.5785 -5.8882 31.3141
      vertex -12.0104 -4.97488 40
      vertex -11.7021 -5.62684 31.2021
    endloop
  endfacet
  facet normal -0.90398 -0.427575 9.66066e-06
    outer loop
      vertex -11.465 -6.12816 31.3983
      vertex -12.0104 -4.97488 40
      vertex -11.5785 -5.8882 31.3141
    endloop
  endfacet
  facet normal -0.904008 -0.427516 0
    outer loop
      vertex -12.0104 -4.97488 40
      vertex -11.465 -6.12816 31.3983
      vertex -11.465 -6.12816 40
    endloop
  endfacet
  facet normal -0.905044 -0.425317 0
    outer loop
      vertex -11.9993 -4.9985 10.8014
      vertex -12.0104 -4.97488 29.2222
      vertex -12.0104 -4.97488 10.7778
    endloop
  endfacet
  facet normal -0.905044 -0.425317 0
    outer loop
      vertex -11.9993 -4.9985 10.8014
      vertex -11.9993 -4.9985 29.1986
      vertex -12.0104 -4.97488 29.2222
    endloop
  endfacet
  facet normal -0.903927 -0.427688 0
    outer loop
      vertex -11.9135 -5.17984 10.9445
      vertex -11.9993 -4.9985 29.1986
      vertex -11.9993 -4.9985 10.8014
    endloop
  endfacet
  facet normal -0.903927 -0.427688 0
    outer loop
      vertex -11.9135 -5.17984 10.9445
      vertex -11.9135 -5.17984 29.0555
      vertex -11.9993 -4.9985 29.1986
    endloop
  endfacet
  facet normal -0.903955 -0.427628 0
    outer loop
      vertex -11.8141 -5.38996 11.0785
      vertex -11.9135 -5.17984 29.0555
      vertex -11.9135 -5.17984 10.9445
    endloop
  endfacet
  facet normal -0.903955 -0.427628 0
    outer loop
      vertex -11.8141 -5.38996 11.0785
      vertex -11.8141 -5.38996 28.9215
      vertex -11.9135 -5.17984 29.0555
    endloop
  endfacet
  facet normal -0.904042 -0.427443 0
    outer loop
      vertex -11.7021 -5.62684 11.2021
      vertex -11.8141 -5.38996 28.9215
      vertex -11.8141 -5.38996 11.0785
    endloop
  endfacet
  facet normal -0.904042 -0.427443 0
    outer loop
      vertex -11.7021 -5.62684 11.2021
      vertex -11.7021 -5.62684 28.7979
      vertex -11.8141 -5.38996 28.9215
    endloop
  endfacet
  facet normal -0.904008 -0.427515 0
    outer loop
      vertex -11.5785 -5.8882 11.3141
      vertex -11.7021 -5.62684 28.7979
      vertex -11.7021 -5.62684 11.2021
    endloop
  endfacet
  facet normal -0.904008 -0.427515 0
    outer loop
      vertex -11.5785 -5.8882 11.3141
      vertex -11.5785 -5.8882 28.6859
      vertex -11.7021 -5.62684 28.7979
    endloop
  endfacet
  facet normal -0.903979 -0.427578 0
    outer loop
      vertex -11.465 -6.12816 11.3983
      vertex -11.5785 -5.8882 28.6859
      vertex -11.5785 -5.8882 11.3141
    endloop
  endfacet
  facet normal -0.903979 -0.427578 0
    outer loop
      vertex -11.5785 -5.8882 28.6859
      vertex -11.465 -6.12816 11.3983
      vertex -11.465 -6.12816 28.6017
    endloop
  endfacet
  facet normal 0.904008 -0.427516 0
    outer loop
      vertex 11.465 -6.12816 40
      vertex 12.0104 -4.97488 5
      vertex 12.0104 -4.97488 40
    endloop
  endfacet
  facet normal 0.904008 -0.427516 0
    outer loop
      vertex 12.0104 -4.97488 5
      vertex 11.465 -6.12816 40
      vertex 11.465 -6.12816 5
    endloop
  endfacet
  facet normal 0.970029 -0.242991 0
    outer loop
      vertex 12.4402 -3.7737 40
      vertex 12.7502 -2.53617 5
      vertex 12.7502 -2.53617 40
    endloop
  endfacet
  facet normal 0.970029 -0.242991 0
    outer loop
      vertex 12.7502 -2.53617 5
      vertex 12.4402 -3.7737 40
      vertex 12.4402 -3.7737 5
    endloop
  endfacet
  facet normal -0.0490689 0.998795 0
    outer loop
      vertex 0 13 0
      vertex -1.27422 12.9374 40
      vertex 0 13 40
    endloop
  endfacet
  facet normal -0.0490689 0.998795 0
    outer loop
      vertex -1.27422 12.9374 40
      vertex 0 13 0
      vertex -1.27422 12.9374 0
    endloop
  endfacet
  facet normal -0.970037 0.242959 0
    outer loop
      vertex -12.4402 3.7737 0
      vertex -12.6966 2.75 18.75
      vertex -12.4402 3.7737 40
    endloop
  endfacet
  facet normal -0.970029 0.242991 1.85229e-06
    outer loop
      vertex -12.7502 2.53617 0
      vertex -12.6966 2.75 18.75
      vertex -12.4402 3.7737 0
    endloop
  endfacet
  facet normal -0.96999 0.243144 0
    outer loop
      vertex -12.6966 2.75 18.75
      vertex -12.7502 2.53617 0
      vertex -12.7502 2.53617 18.75
    endloop
  endfacet
  facet normal -0.970037 0.242959 0
    outer loop
      vertex -12.6966 2.75 21.25
      vertex -12.4402 3.7737 40
      vertex -12.6966 2.75 18.75
    endloop
  endfacet
  facet normal -0.96999 0.243144 0
    outer loop
      vertex -12.7502 2.53617 40
      vertex -12.6966 2.75 21.25
      vertex -12.7502 2.53617 21.25
    endloop
  endfacet
  facet normal -0.970029 0.242991 -1.85229e-06
    outer loop
      vertex -12.6966 2.75 21.25
      vertex -12.7502 2.53617 40
      vertex -12.4402 3.7737 40
    endloop
  endfacet
  facet normal -0.941369 -0.337379 0
    outer loop
      vertex -12.1918 -4.46796 10.1666
      vertex -12.2 -4.44508 30
      vertex -12.2 -4.44508 10
    endloop
  endfacet
  facet normal -0.941369 -0.337379 0
    outer loop
      vertex -12.1918 -4.46796 10.1666
      vertex -12.1918 -4.46796 29.8334
      vertex -12.2 -4.44508 30
    endloop
  endfacet
  facet normal -0.941446 -0.337164 0
    outer loop
      vertex -12.1673 -4.53637 10.3317
      vertex -12.1918 -4.46796 29.8334
      vertex -12.1918 -4.46796 10.1666
    endloop
  endfacet
  facet normal -0.941446 -0.337164 0
    outer loop
      vertex -12.1673 -4.53637 10.3317
      vertex -12.1673 -4.53637 29.6683
      vertex -12.1918 -4.46796 29.8334
    endloop
  endfacet
  facet normal -0.941648 -0.3366 0
    outer loop
      vertex -12.1268 -4.64967 10.4935
      vertex -12.1673 -4.53637 29.6683
      vertex -12.1673 -4.53637 10.3317
    endloop
  endfacet
  facet normal -0.941648 -0.3366 0
    outer loop
      vertex -12.1268 -4.64967 10.4935
      vertex -12.1268 -4.64967 29.5065
      vertex -12.1673 -4.53637 29.6683
    endloop
  endfacet
  facet normal -0.941545 -0.336887 0
    outer loop
      vertex -12.0706 -4.80674 10.6506
      vertex -12.1268 -4.64967 29.5065
      vertex -12.1268 -4.64967 10.4935
    endloop
  endfacet
  facet normal -0.941545 -0.336887 0
    outer loop
      vertex -12.0706 -4.80674 10.6506
      vertex -12.0706 -4.80674 29.3494
      vertex -12.1268 -4.64967 29.5065
    endloop
  endfacet
  facet normal -0.941476 -0.337081 0
    outer loop
      vertex -12.0104 -4.97488 10.7778
      vertex -12.0706 -4.80674 29.3494
      vertex -12.0706 -4.80674 10.6506
    endloop
  endfacet
  facet normal -0.941476 -0.337081 0
    outer loop
      vertex -12.0706 -4.80674 29.3494
      vertex -12.0104 -4.97488 10.7778
      vertex -12.0104 -4.97488 29.2222
    endloop
  endfacet
  facet normal -0.941555 -0.336861 0
    outer loop
      vertex -12.4402 -3.7737 0
      vertex -12.2 -4.44508 10
      vertex -12.4402 -3.7737 40
    endloop
  endfacet
  facet normal -0.94143 -0.337209 -2.63633e-05
    outer loop
      vertex -12.4402 -3.7737 0
      vertex -12.1918 -4.46796 9.83337
      vertex -12.2 -4.44508 10
    endloop
  endfacet
  facet normal -0.941461 -0.337123 -1.95236e-05
    outer loop
      vertex -12.4402 -3.7737 0
      vertex -12.1673 -4.53637 9.66835
      vertex -12.1918 -4.46796 9.83337
    endloop
  endfacet
  facet normal -0.941637 -0.33663 2.42855e-05
    outer loop
      vertex -12.4402 -3.7737 0
      vertex -12.1268 -4.64967 9.50652
      vertex -12.1673 -4.53637 9.66835
    endloop
  endfacet
  facet normal -0.941546 -0.336885 -2.1801e-06
    outer loop
      vertex -12.4402 -3.7737 0
      vertex -12.0706 -4.80674 9.34944
      vertex -12.1268 -4.64967 9.50652
    endloop
  endfacet
  facet normal -0.941541 -0.336897 -0
    outer loop
      vertex -12.0104 -4.97488 9.22224
      vertex -12.4402 -3.7737 0
      vertex -12.0104 -4.97488 0
    endloop
  endfacet
  facet normal -0.941481 -0.337065 -2.45753e-05
    outer loop
      vertex -12.4402 -3.7737 0
      vertex -12.0104 -4.97488 9.22224
      vertex -12.0706 -4.80674 9.34944
    endloop
  endfacet
  facet normal -0.941555 -0.336861 -0
    outer loop
      vertex -12.2 -4.44508 30
      vertex -12.4402 -3.7737 40
      vertex -12.2 -4.44508 10
    endloop
  endfacet
  facet normal -0.94143 -0.337209 2.63649e-05
    outer loop
      vertex -12.1918 -4.46796 30.1666
      vertex -12.4402 -3.7737 40
      vertex -12.2 -4.44508 30
    endloop
  endfacet
  facet normal -0.941461 -0.337123 1.95222e-05
    outer loop
      vertex -12.1673 -4.53637 30.3317
      vertex -12.4402 -3.7737 40
      vertex -12.1918 -4.46796 30.1666
    endloop
  endfacet
  facet normal -0.941637 -0.33663 -2.42861e-05
    outer loop
      vertex -12.1268 -4.64967 30.4935
      vertex -12.4402 -3.7737 40
      vertex -12.1673 -4.53637 30.3317
    endloop
  endfacet
  facet normal -0.941546 -0.336885 2.18008e-06
    outer loop
      vertex -12.0706 -4.80674 30.6506
      vertex -12.4402 -3.7737 40
      vertex -12.1268 -4.64967 30.4935
    endloop
  endfacet
  facet normal -0.941481 -0.337065 2.45754e-05
    outer loop
      vertex -12.0104 -4.97488 30.7778
      vertex -12.4402 -3.7737 40
      vertex -12.0706 -4.80674 30.6506
    endloop
  endfacet
  facet normal -0.941541 -0.336897 0
    outer loop
      vertex -12.4402 -3.7737 40
      vertex -12.0104 -4.97488 30.7778
      vertex -12.0104 -4.97488 40
    endloop
  endfacet
  facet normal -0.336897 0.941541 0
    outer loop
      vertex -3.7737 12.4402 0
      vertex -4.97488 12.0104 40
      vertex -3.7737 12.4402 40
    endloop
  endfacet
  facet normal -0.336897 0.941541 0
    outer loop
      vertex -4.97488 12.0104 40
      vertex -3.7737 12.4402 0
      vertex -4.97488 12.0104 0
    endloop
  endfacet
  facet normal -0.989176 0.146736 0
    outer loop
      vertex -12.9374 1.27422 0
      vertex -12.7502 2.53617 18.75
      vertex -12.7502 2.53617 0
    endloop
  endfacet
  facet normal -0.989176 0.146736 0
    outer loop
      vertex -12.7502 2.53617 18.75
      vertex -12.9374 1.27422 0
      vertex -12.9374 1.27422 18.75
    endloop
  endfacet
  facet normal -0.989176 0.146736 0
    outer loop
      vertex -12.9374 1.27422 21.25
      vertex -12.7502 2.53617 40
      vertex -12.7502 2.53617 21.25
    endloop
  endfacet
  facet normal -0.989176 0.146736 0
    outer loop
      vertex -12.7502 2.53617 40
      vertex -12.9374 1.27422 21.25
      vertex -12.9374 1.27422 40
    endloop
  endfacet
  facet normal 0.998795 -0.0490689 0
    outer loop
      vertex 12.9374 -1.27422 40
      vertex 13 0 5
      vertex 13 0 40
    endloop
  endfacet
  facet normal 0.998795 -0.0490689 0
    outer loop
      vertex 13 0 5
      vertex 12.9374 -1.27422 40
      vertex 12.9374 -1.27422 5
    endloop
  endfacet
  facet normal -0.671541 0.740967 0
    outer loop
      vertex -8.24711 10.0491 0
      vertex -9.19239 9.19239 40
      vertex -8.24711 10.0491 40
    endloop
  endfacet
  facet normal -0.671541 0.740967 0
    outer loop
      vertex -9.19239 9.19239 40
      vertex -8.24711 10.0491 0
      vertex -9.19239 9.19239 0
    endloop
  endfacet
  facet normal 0.514121 0.857718 -0
    outer loop
      vertex 7.22241 10.8091 21.25
      vertex 6.12816 11.465 40
      vertex 7.22241 10.8091 40
    endloop
  endfacet
  facet normal 0.514121 0.857718 0
    outer loop
      vertex 6.12816 11.465 40
      vertex 7.22241 10.8091 21.25
      vertex 6.12816 11.465 21.25
    endloop
  endfacet
  facet normal 0.514121 0.857718 -0
    outer loop
      vertex 7.22241 10.8091 0
      vertex 6.12816 11.465 18.75
      vertex 7.22241 10.8091 18.75
    endloop
  endfacet
  facet normal 0.514121 0.857718 0
    outer loop
      vertex 6.12816 11.465 18.75
      vertex 7.22241 10.8091 0
      vertex 6.12816 11.465 0
    endloop
  endfacet
  facet normal 0.242991 -0.970029 0
    outer loop
      vertex 2.53617 -12.7502 0
      vertex 3.7737 -12.4402 40
      vertex 2.53617 -12.7502 40
    endloop
  endfacet
  facet normal 0.242991 -0.970029 0
    outer loop
      vertex 3.7737 -12.4402 40
      vertex 2.53617 -12.7502 0
      vertex 3.7737 -12.4402 0
    endloop
  endfacet
  facet normal 0.941541 0.336897 0
    outer loop
      vertex 12.4402 3.7737 40
      vertex 12.0104 4.97488 5
      vertex 12.0104 4.97488 40
    endloop
  endfacet
  facet normal 0.941541 0.336897 0
    outer loop
      vertex 12.0104 4.97488 5
      vertex 12.4402 3.7737 40
      vertex 12.4402 3.7737 5
    endloop
  endfacet
  facet normal 0.803196 -0.595715 0
    outer loop
      vertex 10.0491 -8.24711 40
      vertex 10.8091 -7.22241 0
      vertex 10.8091 -7.22241 40
    endloop
  endfacet
  facet normal 0.803196 -0.595715 0
    outer loop
      vertex 10.8091 -7.22241 0
      vertex 10.0491 -8.24711 40
      vertex 10.0491 -8.24711 0
    endloop
  endfacet
  facet normal 0.857733 -0.514096 0
    outer loop
      vertex 11.465 -6.12816 40
      vertex 11.2721 -6.45 14
      vertex 11.465 -6.12816 5
    endloop
  endfacet
  facet normal 0.857703 -0.514146 8.3547e-07
    outer loop
      vertex 11.465 -6.12816 40
      vertex 11 -6.90392 14
      vertex 11.2721 -6.45 14
    endloop
  endfacet
  facet normal 0.857718 -0.514121 -1.58758e-07
    outer loop
      vertex 10.8091 -7.22241 40
      vertex 11 -6.90392 14
      vertex 11.465 -6.12816 40
    endloop
  endfacet
  facet normal 0.857723 -0.514112 0
    outer loop
      vertex 10.8091 -7.22241 0
      vertex 11 -6.90392 14
      vertex 10.8091 -7.22241 40
    endloop
  endfacet
  facet normal 0.857723 -0.514112 0
    outer loop
      vertex 11 -6.90392 14
      vertex 10.8091 -7.22241 0
      vertex 11 -6.90392 0
    endloop
  endfacet
  facet normal 0.857733 -0.514096 0
    outer loop
      vertex 11.465 -6.12816 5
      vertex 11.2721 -6.45 14
      vertex 11.2721 -6.45 5
    endloop
  endfacet
  facet normal 0.595715 0.803196 -0
    outer loop
      vertex 8.24711 10.0491 21.25
      vertex 7.22241 10.8091 40
      vertex 8.24711 10.0491 40
    endloop
  endfacet
  facet normal 0.595715 0.803196 0
    outer loop
      vertex 7.22241 10.8091 40
      vertex 8.24711 10.0491 21.25
      vertex 7.22241 10.8091 21.25
    endloop
  endfacet
  facet normal 0.595715 0.803196 -0
    outer loop
      vertex 8.24711 10.0491 0
      vertex 7.22241 10.8091 18.75
      vertex 8.24711 10.0491 18.75
    endloop
  endfacet
  facet normal 0.595715 0.803196 0
    outer loop
      vertex 7.22241 10.8091 18.75
      vertex 8.24711 10.0491 0
      vertex 7.22241 10.8091 0
    endloop
  endfacet
  facet normal 0.941541 -0.336897 0
    outer loop
      vertex 12.0104 -4.97488 40
      vertex 12.4402 -3.7737 5
      vertex 12.4402 -3.7737 40
    endloop
  endfacet
  facet normal 0.941541 -0.336897 0
    outer loop
      vertex 12.4402 -3.7737 5
      vertex 12.0104 -4.97488 40
      vertex 12.0104 -4.97488 5
    endloop
  endfacet
  facet normal 0.0490689 0.998795 -0
    outer loop
      vertex 1.27422 12.9374 0
      vertex 0 13 40
      vertex 1.27422 12.9374 40
    endloop
  endfacet
  facet normal 0.0490689 0.998795 0
    outer loop
      vertex 0 13 40
      vertex 1.27422 12.9374 0
      vertex 0 13 0
    endloop
  endfacet
  facet normal -0.96999 -0.243144 0
    outer loop
      vertex -12.7502 -2.53617 0
      vertex -12.6966 -2.75 18.75
      vertex -12.7502 -2.53617 18.75
    endloop
  endfacet
  facet normal -0.970037 -0.242959 0
    outer loop
      vertex -12.6966 -2.75 18.75
      vertex -12.4402 -3.7737 0
      vertex -12.6966 -2.75 21.25
    endloop
  endfacet
  facet normal -0.970029 -0.242991 1.85229e-06
    outer loop
      vertex -12.4402 -3.7737 0
      vertex -12.6966 -2.75 18.75
      vertex -12.7502 -2.53617 0
    endloop
  endfacet
  facet normal -0.96999 -0.243144 0
    outer loop
      vertex -12.6966 -2.75 21.25
      vertex -12.7502 -2.53617 40
      vertex -12.7502 -2.53617 21.25
    endloop
  endfacet
  facet normal -0.970037 -0.242959 -0
    outer loop
      vertex -12.4402 -3.7737 40
      vertex -12.6966 -2.75 21.25
      vertex -12.4402 -3.7737 0
    endloop
  endfacet
  facet normal -0.970029 -0.242991 -1.85229e-06
    outer loop
      vertex -12.6966 -2.75 21.25
      vertex -12.4402 -3.7737 40
      vertex -12.7502 -2.53617 40
    endloop
  endfacet
  facet normal -0.595715 0.803196 0
    outer loop
      vertex -7.22241 10.8091 0
      vertex -8.24711 10.0491 40
      vertex -7.22241 10.8091 40
    endloop
  endfacet
  facet normal -0.595715 0.803196 0
    outer loop
      vertex -8.24711 10.0491 40
      vertex -7.22241 10.8091 0
      vertex -8.24711 10.0491 0
    endloop
  endfacet
  facet normal -0.514121 0.857718 0
    outer loop
      vertex -6.12816 11.465 0
      vertex -7.22241 10.8091 40
      vertex -6.12816 11.465 40
    endloop
  endfacet
  facet normal -0.514121 0.857718 0
    outer loop
      vertex -7.22241 10.8091 40
      vertex -6.12816 11.465 0
      vertex -7.22241 10.8091 0
    endloop
  endfacet
  facet normal -0.427516 -0.904008 0
    outer loop
      vertex -6.12816 -11.465 0
      vertex -4.97488 -12.0104 40
      vertex -6.12816 -11.465 40
    endloop
  endfacet
  facet normal -0.427516 -0.904008 -0
    outer loop
      vertex -4.97488 -12.0104 40
      vertex -6.12816 -11.465 0
      vertex -4.97488 -12.0104 0
    endloop
  endfacet
  facet normal 0.904008 0.427516 0
    outer loop
      vertex 12.0104 4.97488 40
      vertex 11.465 6.12816 5
      vertex 11.465 6.12816 40
    endloop
  endfacet
  facet normal 0.904008 0.427516 0
    outer loop
      vertex 11.465 6.12816 5
      vertex 12.0104 4.97488 40
      vertex 12.0104 4.97488 5
    endloop
  endfacet
  facet normal -0.857211 0.514965 0
    outer loop
      vertex -10.8317 7.18479 31.6673
      vertex -10.8091 7.22241 40
      vertex -10.8091 7.22241 31.6707
    endloop
  endfacet
  facet normal -0.857772 0.51403 -1.05756e-05
    outer loop
      vertex -11.465 6.12816 40
      vertex -10.8317 7.18479 31.6673
      vertex -10.9935 6.91479 31.6268
    endloop
  endfacet
  facet normal -0.85769 0.514167 7.00524e-06
    outer loop
      vertex -11.465 6.12816 40
      vertex -10.9935 6.91479 31.6268
      vertex -11.1506 6.65273 31.5706
    endloop
  endfacet
  facet normal -0.857751 0.514065 -1.65795e-06
    outer loop
      vertex -11.465 6.12816 40
      vertex -11.1506 6.65273 31.5706
      vertex -11.3014 6.40111 31.4993
    endloop
  endfacet
  facet normal -0.857721 0.514115 5.3522e-07
    outer loop
      vertex -11.465 6.12816 40
      vertex -11.3014 6.40111 31.4993
      vertex -11.4445 6.16237 31.4135
    endloop
  endfacet
  facet normal -0.85778 0.514016 0
    outer loop
      vertex -11.465 6.12816 40
      vertex -11.4445 6.16237 31.4135
      vertex -11.465 6.12816 31.3983
    endloop
  endfacet
  facet normal -0.857718 0.514121 5.1824e-06
    outer loop
      vertex -10.8317 7.18479 31.6673
      vertex -11.465 6.12816 40
      vertex -10.8091 7.22241 40
    endloop
  endfacet
  facet normal -0.857211 0.514965 0
    outer loop
      vertex -10.8091 7.22241 0
      vertex -10.8317 7.18479 8.33266
      vertex -10.8091 7.22241 8.32932
    endloop
  endfacet
  facet normal -0.857718 0.514121 -5.18242e-06
    outer loop
      vertex -11.465 6.12816 0
      vertex -10.8317 7.18479 8.33266
      vertex -10.8091 7.22241 0
    endloop
  endfacet
  facet normal -0.857772 0.51403 1.05754e-05
    outer loop
      vertex -10.8317 7.18479 8.33266
      vertex -11.465 6.12816 0
      vertex -10.9935 6.91479 8.3732
    endloop
  endfacet
  facet normal -0.85769 0.514167 -7.00524e-06
    outer loop
      vertex -10.9935 6.91479 8.3732
      vertex -11.465 6.12816 0
      vertex -11.1506 6.65273 8.4294
    endloop
  endfacet
  facet normal -0.857751 0.514065 1.65794e-06
    outer loop
      vertex -11.1506 6.65273 8.4294
      vertex -11.465 6.12816 0
      vertex -11.3014 6.40111 8.50073
    endloop
  endfacet
  facet normal -0.857721 0.514115 -5.3522e-07
    outer loop
      vertex -11.3014 6.40111 8.50073
      vertex -11.465 6.12816 0
      vertex -11.4445 6.16237 8.5865
    endloop
  endfacet
  facet normal -0.85778 0.514016 0
    outer loop
      vertex -11.4445 6.16237 8.5865
      vertex -11.465 6.12816 0
      vertex -11.465 6.12816 8.60171
    endloop
  endfacet
  facet normal -0.857211 0.514965 0
    outer loop
      vertex -10.8317 7.18479 11.6673
      vertex -10.8091 7.22241 28.3293
      vertex -10.8091 7.22241 11.6707
    endloop
  endfacet
  facet normal -0.857211 0.514965 0
    outer loop
      vertex -10.8317 7.18479 11.6673
      vertex -10.8317 7.18479 28.3327
      vertex -10.8091 7.22241 28.3293
    endloop
  endfacet
  facet normal -0.857773 0.514028 0
    outer loop
      vertex -10.9935 6.91479 11.6268
      vertex -10.8317 7.18479 28.3327
      vertex -10.8317 7.18479 11.6673
    endloop
  endfacet
  facet normal -0.857773 0.514028 0
    outer loop
      vertex -10.9935 6.91479 11.6268
      vertex -10.9935 6.91479 28.3732
      vertex -10.8317 7.18479 28.3327
    endloop
  endfacet
  facet normal -0.857689 0.514168 0
    outer loop
      vertex -11.1506 6.65273 11.5706
      vertex -10.9935 6.91479 28.3732
      vertex -10.9935 6.91479 11.6268
    endloop
  endfacet
  facet normal -0.857689 0.514168 0
    outer loop
      vertex -11.1506 6.65273 11.5706
      vertex -11.1506 6.65273 28.4294
      vertex -10.9935 6.91479 28.3732
    endloop
  endfacet
  facet normal -0.857751 0.514065 0
    outer loop
      vertex -11.3014 6.40111 11.4993
      vertex -11.1506 6.65273 28.4294
      vertex -11.1506 6.65273 11.5706
    endloop
  endfacet
  facet normal -0.857751 0.514065 0
    outer loop
      vertex -11.3014 6.40111 11.4993
      vertex -11.3014 6.40111 28.5007
      vertex -11.1506 6.65273 28.4294
    endloop
  endfacet
  facet normal -0.857721 0.514115 0
    outer loop
      vertex -11.4445 6.16237 11.4135
      vertex -11.3014 6.40111 28.5007
      vertex -11.3014 6.40111 11.4993
    endloop
  endfacet
  facet normal -0.857721 0.514115 0
    outer loop
      vertex -11.4445 6.16237 11.4135
      vertex -11.4445 6.16237 28.5865
      vertex -11.3014 6.40111 28.5007
    endloop
  endfacet
  facet normal -0.85778 0.514016 0
    outer loop
      vertex -11.465 6.12816 11.3983
      vertex -11.4445 6.16237 28.5865
      vertex -11.4445 6.16237 11.4135
    endloop
  endfacet
  facet normal -0.85778 0.514016 0
    outer loop
      vertex -11.4445 6.16237 28.5865
      vertex -11.465 6.12816 11.3983
      vertex -11.465 6.12816 28.6017
    endloop
  endfacet
  facet normal 0.0490689 -0.998795 0
    outer loop
      vertex 0 -13 0
      vertex 1.27422 -12.9374 40
      vertex 0 -13 40
    endloop
  endfacet
  facet normal 0.0490689 -0.998795 0
    outer loop
      vertex 1.27422 -12.9374 40
      vertex 0 -13 0
      vertex 1.27422 -12.9374 0
    endloop
  endfacet
  facet normal -0.85778 -0.514016 0
    outer loop
      vertex -11.465 -6.12816 0
      vertex -11.4445 -6.16237 8.5865
      vertex -11.465 -6.12816 8.60171
    endloop
  endfacet
  facet normal -0.857721 -0.514115 -5.3522e-07
    outer loop
      vertex -11.465 -6.12816 0
      vertex -11.3014 -6.40111 8.50073
      vertex -11.4445 -6.16237 8.5865
    endloop
  endfacet
  facet normal -0.857751 -0.514065 1.65794e-06
    outer loop
      vertex -11.465 -6.12816 0
      vertex -11.1506 -6.65273 8.4294
      vertex -11.3014 -6.40111 8.50073
    endloop
  endfacet
  facet normal -0.85769 -0.514167 -7.00524e-06
    outer loop
      vertex -11.465 -6.12816 0
      vertex -10.9935 -6.91479 8.3732
      vertex -11.1506 -6.65273 8.4294
    endloop
  endfacet
  facet normal -0.857772 -0.51403 1.05754e-05
    outer loop
      vertex -11.465 -6.12816 0
      vertex -10.8317 -7.18479 8.33266
      vertex -10.9935 -6.91479 8.3732
    endloop
  endfacet
  facet normal -0.857718 -0.514121 -5.18242e-06
    outer loop
      vertex -10.8091 -7.22241 0
      vertex -10.8317 -7.18479 8.33266
      vertex -11.465 -6.12816 0
    endloop
  endfacet
  facet normal -0.857211 -0.514965 0
    outer loop
      vertex -10.8317 -7.18479 8.33266
      vertex -10.8091 -7.22241 0
      vertex -10.8091 -7.22241 8.32932
    endloop
  endfacet
  facet normal -0.85778 -0.514016 0
    outer loop
      vertex -11.4445 -6.16237 31.4135
      vertex -11.465 -6.12816 40
      vertex -11.465 -6.12816 31.3983
    endloop
  endfacet
  facet normal -0.857721 -0.514115 5.3522e-07
    outer loop
      vertex -11.3014 -6.40111 31.4993
      vertex -11.465 -6.12816 40
      vertex -11.4445 -6.16237 31.4135
    endloop
  endfacet
  facet normal -0.857751 -0.514065 -1.65795e-06
    outer loop
      vertex -11.1506 -6.65273 31.5706
      vertex -11.465 -6.12816 40
      vertex -11.3014 -6.40111 31.4993
    endloop
  endfacet
  facet normal -0.85769 -0.514167 7.00524e-06
    outer loop
      vertex -10.9935 -6.91479 31.6268
      vertex -11.465 -6.12816 40
      vertex -11.1506 -6.65273 31.5706
    endloop
  endfacet
  facet normal -0.857772 -0.51403 -1.05756e-05
    outer loop
      vertex -10.8317 -7.18479 31.6673
      vertex -11.465 -6.12816 40
      vertex -10.9935 -6.91479 31.6268
    endloop
  endfacet
  facet normal -0.857211 -0.514965 -0
    outer loop
      vertex -10.8091 -7.22241 40
      vertex -10.8317 -7.18479 31.6673
      vertex -10.8091 -7.22241 31.6707
    endloop
  endfacet
  facet normal -0.857718 -0.514121 5.1824e-06
    outer loop
      vertex -10.8317 -7.18479 31.6673
      vertex -10.8091 -7.22241 40
      vertex -11.465 -6.12816 40
    endloop
  endfacet
  facet normal -0.85778 -0.514016 0
    outer loop
      vertex -11.4445 -6.16237 11.4135
      vertex -11.465 -6.12816 28.6017
      vertex -11.465 -6.12816 11.3983
    endloop
  endfacet
  facet normal -0.85778 -0.514016 0
    outer loop
      vertex -11.4445 -6.16237 11.4135
      vertex -11.4445 -6.16237 28.5865
      vertex -11.465 -6.12816 28.6017
    endloop
  endfacet
  facet normal -0.857721 -0.514115 0
    outer loop
      vertex -11.3014 -6.40111 11.4993
      vertex -11.4445 -6.16237 28.5865
      vertex -11.4445 -6.16237 11.4135
    endloop
  endfacet
  facet normal -0.857721 -0.514115 0
    outer loop
      vertex -11.3014 -6.40111 11.4993
      vertex -11.3014 -6.40111 28.5007
      vertex -11.4445 -6.16237 28.5865
    endloop
  endfacet
  facet normal -0.857751 -0.514065 0
    outer loop
      vertex -11.1506 -6.65273 11.5706
      vertex -11.3014 -6.40111 28.5007
      vertex -11.3014 -6.40111 11.4993
    endloop
  endfacet
  facet normal -0.857751 -0.514065 0
    outer loop
      vertex -11.1506 -6.65273 11.5706
      vertex -11.1506 -6.65273 28.4294
      vertex -11.3014 -6.40111 28.5007
    endloop
  endfacet
  facet normal -0.857689 -0.514168 0
    outer loop
      vertex -10.9935 -6.91479 11.6268
      vertex -11.1506 -6.65273 28.4294
      vertex -11.1506 -6.65273 11.5706
    endloop
  endfacet
  facet normal -0.857689 -0.514168 0
    outer loop
      vertex -10.9935 -6.91479 11.6268
      vertex -10.9935 -6.91479 28.3732
      vertex -11.1506 -6.65273 28.4294
    endloop
  endfacet
  facet normal -0.857773 -0.514028 0
    outer loop
      vertex -10.8317 -7.18479 11.6673
      vertex -10.9935 -6.91479 28.3732
      vertex -10.9935 -6.91479 11.6268
    endloop
  endfacet
  facet normal -0.857773 -0.514028 0
    outer loop
      vertex -10.8317 -7.18479 11.6673
      vertex -10.8317 -7.18479 28.3327
      vertex -10.9935 -6.91479 28.3732
    endloop
  endfacet
  facet normal -0.857211 -0.514965 0
    outer loop
      vertex -10.8091 -7.22241 11.6707
      vertex -10.8317 -7.18479 28.3327
      vertex -10.8317 -7.18479 11.6673
    endloop
  endfacet
  facet normal -0.857211 -0.514965 0
    outer loop
      vertex -10.8317 -7.18479 28.3327
      vertex -10.8091 -7.22241 11.6707
      vertex -10.8091 -7.22241 28.3293
    endloop
  endfacet
  facet normal -0.803164 -0.595757 0
    outer loop
      vertex -10.8091 -7.22241 0
      vertex -10.6666 -7.41452 8.30819
      vertex -10.8091 -7.22241 8.32932
    endloop
  endfacet
  facet normal -0.803191 -0.595722 1.27239e-06
    outer loop
      vertex -10.8091 -7.22241 0
      vertex -10.6032 -7.5 8.30507
      vertex -10.6666 -7.41452 8.30819
    endloop
  endfacet
  facet normal -0.803205 -0.595703 0
    outer loop
      vertex -10.0491 -8.24711 0
      vertex -10.6032 -7.5 11.6949
      vertex -10.6032 -7.5 8.30507
    endloop
  endfacet
  facet normal -0.803205 -0.595703 0
    outer loop
      vertex -10.6032 -7.5 11.6949
      vertex -10.0491 -8.24711 0
      vertex -10.6032 -7.5 28.3051
    endloop
  endfacet
  facet normal -0.803205 -0.595703 -0
    outer loop
      vertex -10.0491 -8.24711 40
      vertex -10.6032 -7.5 28.3051
      vertex -10.0491 -8.24711 0
    endloop
  endfacet
  facet normal -0.803196 -0.595715 1.63561e-06
    outer loop
      vertex -10.0491 -8.24711 0
      vertex -10.6032 -7.5 8.30507
      vertex -10.8091 -7.22241 0
    endloop
  endfacet
  facet normal -0.803164 -0.595757 0
    outer loop
      vertex -10.6666 -7.41452 11.6918
      vertex -10.8091 -7.22241 28.3293
      vertex -10.8091 -7.22241 11.6707
    endloop
  endfacet
  facet normal -0.803164 -0.595757 0
    outer loop
      vertex -10.6666 -7.41452 11.6918
      vertex -10.6666 -7.41452 28.3082
      vertex -10.8091 -7.22241 28.3293
    endloop
  endfacet
  facet normal -0.803191 -0.595722 0
    outer loop
      vertex -10.6032 -7.5 11.6949
      vertex -10.6666 -7.41452 28.3082
      vertex -10.6666 -7.41452 11.6918
    endloop
  endfacet
  facet normal -0.803191 -0.595722 0
    outer loop
      vertex -10.6666 -7.41452 28.3082
      vertex -10.6032 -7.5 11.6949
      vertex -10.6032 -7.5 28.3051
    endloop
  endfacet
  facet normal -0.803164 -0.595757 0
    outer loop
      vertex -10.6666 -7.41452 31.6918
      vertex -10.8091 -7.22241 40
      vertex -10.8091 -7.22241 31.6707
    endloop
  endfacet
  facet normal -0.803191 -0.595722 -1.27239e-06
    outer loop
      vertex -10.6032 -7.5 31.6949
      vertex -10.8091 -7.22241 40
      vertex -10.6666 -7.41452 31.6918
    endloop
  endfacet
  facet normal -0.803196 -0.595715 -1.63561e-06
    outer loop
      vertex -10.6032 -7.5 31.6949
      vertex -10.0491 -8.24711 40
      vertex -10.8091 -7.22241 40
    endloop
  endfacet
  facet normal -0.803205 -0.595703 0
    outer loop
      vertex -10.6032 -7.5 28.3051
      vertex -10.0491 -8.24711 40
      vertex -10.6032 -7.5 31.6949
    endloop
  endfacet
  facet normal 0.427516 -0.904008 0
    outer loop
      vertex 4.97488 -12.0104 0
      vertex 6.12816 -11.465 18.75
      vertex 4.97488 -12.0104 18.75
    endloop
  endfacet
  facet normal 0.427516 -0.904008 0
    outer loop
      vertex 6.12816 -11.465 18.75
      vertex 4.97488 -12.0104 0
      vertex 6.12816 -11.465 0
    endloop
  endfacet
  facet normal 0.427516 -0.904008 0
    outer loop
      vertex 4.97488 -12.0104 21.25
      vertex 6.12816 -11.465 40
      vertex 4.97488 -12.0104 40
    endloop
  endfacet
  facet normal 0.427516 -0.904008 0
    outer loop
      vertex 6.12816 -11.465 40
      vertex 4.97488 -12.0104 21.25
      vertex 6.12816 -11.465 21.25
    endloop
  endfacet
  facet normal -0.671541 -0.740967 0
    outer loop
      vertex -9.19239 -9.19239 0
      vertex -8.24711 -10.0491 40
      vertex -9.19239 -9.19239 40
    endloop
  endfacet
  facet normal -0.671541 -0.740967 -0
    outer loop
      vertex -8.24711 -10.0491 40
      vertex -9.19239 -9.19239 0
      vertex -8.24711 -10.0491 0
    endloop
  endfacet
  facet normal -0.146736 0.989176 0
    outer loop
      vertex -1.27422 12.9374 0
      vertex -2.53617 12.7502 40
      vertex -1.27422 12.9374 40
    endloop
  endfacet
  facet normal -0.146736 0.989176 0
    outer loop
      vertex -2.53617 12.7502 40
      vertex -1.27422 12.9374 0
      vertex -2.53617 12.7502 0
    endloop
  endfacet
  facet normal -0.989176 -0.146736 0
    outer loop
      vertex -12.7502 -2.53617 0
      vertex -12.9374 -1.27422 18.75
      vertex -12.9374 -1.27422 0
    endloop
  endfacet
  facet normal -0.989176 -0.146736 0
    outer loop
      vertex -12.9374 -1.27422 18.75
      vertex -12.7502 -2.53617 0
      vertex -12.7502 -2.53617 18.75
    endloop
  endfacet
  facet normal -0.989176 -0.146736 0
    outer loop
      vertex -12.7502 -2.53617 21.25
      vertex -12.9374 -1.27422 40
      vertex -12.9374 -1.27422 21.25
    endloop
  endfacet
  facet normal -0.989176 -0.146736 0
    outer loop
      vertex -12.9374 -1.27422 40
      vertex -12.7502 -2.53617 21.25
      vertex -12.7502 -2.53617 40
    endloop
  endfacet
  facet normal 0.146736 0.989176 -0
    outer loop
      vertex 2.53617 12.7502 0
      vertex 1.27422 12.9374 40
      vertex 2.53617 12.7502 40
    endloop
  endfacet
  facet normal 0.146736 0.989176 0
    outer loop
      vertex 1.27422 12.9374 40
      vertex 2.53617 12.7502 0
      vertex 1.27422 12.9374 0
    endloop
  endfacet
  facet normal -0.740967 -0.671541 0
    outer loop
      vertex -9.19239 -9.19239 0
      vertex -10.0491 -8.24711 40
      vertex -10.0491 -8.24711 0
    endloop
  endfacet
  facet normal -0.740967 -0.671541 0
    outer loop
      vertex -10.0491 -8.24711 40
      vertex -9.19239 -9.19239 0
      vertex -9.19239 -9.19239 40
    endloop
  endfacet
  facet normal 0.146736 -0.989176 0
    outer loop
      vertex 1.27422 -12.9374 0
      vertex 2.53617 -12.7502 40
      vertex 1.27422 -12.9374 40
    endloop
  endfacet
  facet normal 0.146736 -0.989176 0
    outer loop
      vertex 2.53617 -12.7502 40
      vertex 1.27422 -12.9374 0
      vertex 2.53617 -12.7502 0
    endloop
  endfacet
  facet normal -0.740967 0.671541 0
    outer loop
      vertex -10.0491 8.24711 0
      vertex -9.19239 9.19239 40
      vertex -9.19239 9.19239 0
    endloop
  endfacet
  facet normal -0.740967 0.671541 0
    outer loop
      vertex -9.19239 9.19239 40
      vertex -10.0491 8.24711 0
      vertex -10.0491 8.24711 40
    endloop
  endfacet
  facet normal -0.90398 0.427575 9.66066e-06
    outer loop
      vertex -12.0104 4.97488 40
      vertex -11.465 6.12816 31.3983
      vertex -11.5785 5.8882 31.3141
    endloop
  endfacet
  facet normal -0.904008 0.427515 1.89304e-06
    outer loop
      vertex -12.0104 4.97488 40
      vertex -11.5785 5.8882 31.3141
      vertex -11.7021 5.62684 31.2021
    endloop
  endfacet
  facet normal -0.904041 0.427445 -4.42033e-06
    outer loop
      vertex -12.0104 4.97488 40
      vertex -11.7021 5.62684 31.2021
      vertex -11.8141 5.38996 31.0785
    endloop
  endfacet
  facet normal -0.903956 0.427625 5.80531e-06
    outer loop
      vertex -12.0104 4.97488 40
      vertex -11.8141 5.38996 31.0785
      vertex -11.9135 5.17984 30.9445
    endloop
  endfacet
  facet normal -0.903929 0.427683 7.42091e-06
    outer loop
      vertex -12.0104 4.97488 40
      vertex -11.9135 5.17984 30.9445
      vertex -11.9993 4.9985 30.8014
    endloop
  endfacet
  facet normal -0.905044 0.425317 0
    outer loop
      vertex -12.0104 4.97488 40
      vertex -11.9993 4.9985 30.8014
      vertex -12.0104 4.97488 30.7778
    endloop
  endfacet
  facet normal -0.904008 0.427516 0
    outer loop
      vertex -11.465 6.12816 31.3983
      vertex -12.0104 4.97488 40
      vertex -11.465 6.12816 40
    endloop
  endfacet
  facet normal -0.904008 0.427516 0
    outer loop
      vertex -12.0104 4.97488 0
      vertex -11.465 6.12816 8.60171
      vertex -11.465 6.12816 0
    endloop
  endfacet
  facet normal -0.90398 0.427575 -9.6608e-06
    outer loop
      vertex -11.465 6.12816 8.60171
      vertex -12.0104 4.97488 0
      vertex -11.5785 5.8882 8.68588
    endloop
  endfacet
  facet normal -0.904008 0.427515 -1.89301e-06
    outer loop
      vertex -11.5785 5.8882 8.68588
      vertex -12.0104 4.97488 0
      vertex -11.7021 5.62684 8.79792
    endloop
  endfacet
  facet normal -0.904041 0.427445 4.42031e-06
    outer loop
      vertex -11.7021 5.62684 8.79792
      vertex -12.0104 4.97488 0
      vertex -11.8141 5.38996 8.92153
    endloop
  endfacet
  facet normal -0.903956 0.427625 -5.80529e-06
    outer loop
      vertex -11.8141 5.38996 8.92153
      vertex -12.0104 4.97488 0
      vertex -11.9135 5.17984 9.05553
    endloop
  endfacet
  facet normal -0.903929 0.427683 -7.4209e-06
    outer loop
      vertex -11.9135 5.17984 9.05553
      vertex -12.0104 4.97488 0
      vertex -11.9993 4.9985 9.19862
    endloop
  endfacet
  facet normal -0.905044 0.425317 0
    outer loop
      vertex -11.9993 4.9985 9.19862
      vertex -12.0104 4.97488 0
      vertex -12.0104 4.97488 9.22224
    endloop
  endfacet
  facet normal -0.903979 0.427578 0
    outer loop
      vertex -11.5785 5.8882 11.3141
      vertex -11.465 6.12816 28.6017
      vertex -11.465 6.12816 11.3983
    endloop
  endfacet
  facet normal -0.903979 0.427578 0
    outer loop
      vertex -11.5785 5.8882 11.3141
      vertex -11.5785 5.8882 28.6859
      vertex -11.465 6.12816 28.6017
    endloop
  endfacet
  facet normal -0.904008 0.427515 0
    outer loop
      vertex -11.7021 5.62684 11.2021
      vertex -11.5785 5.8882 28.6859
      vertex -11.5785 5.8882 11.3141
    endloop
  endfacet
  facet normal -0.904008 0.427515 0
    outer loop
      vertex -11.7021 5.62684 11.2021
      vertex -11.7021 5.62684 28.7979
      vertex -11.5785 5.8882 28.6859
    endloop
  endfacet
  facet normal -0.904042 0.427443 0
    outer loop
      vertex -11.8141 5.38996 11.0785
      vertex -11.7021 5.62684 28.7979
      vertex -11.7021 5.62684 11.2021
    endloop
  endfacet
  facet normal -0.904042 0.427443 0
    outer loop
      vertex -11.8141 5.38996 11.0785
      vertex -11.8141 5.38996 28.9215
      vertex -11.7021 5.62684 28.7979
    endloop
  endfacet
  facet normal -0.903955 0.427628 0
    outer loop
      vertex -11.9135 5.17984 10.9445
      vertex -11.8141 5.38996 28.9215
      vertex -11.8141 5.38996 11.0785
    endloop
  endfacet
  facet normal -0.903955 0.427628 0
    outer loop
      vertex -11.9135 5.17984 10.9445
      vertex -11.9135 5.17984 29.0555
      vertex -11.8141 5.38996 28.9215
    endloop
  endfacet
  facet normal -0.903927 0.427688 0
    outer loop
      vertex -11.9993 4.9985 10.8014
      vertex -11.9135 5.17984 29.0555
      vertex -11.9135 5.17984 10.9445
    endloop
  endfacet
  facet normal -0.903927 0.427688 0
    outer loop
      vertex -11.9993 4.9985 10.8014
      vertex -11.9993 4.9985 29.1986
      vertex -11.9135 5.17984 29.0555
    endloop
  endfacet
  facet normal -0.905044 0.425317 0
    outer loop
      vertex -12.0104 4.97488 10.7778
      vertex -11.9993 4.9985 29.1986
      vertex -11.9993 4.9985 10.8014
    endloop
  endfacet
  facet normal -0.905044 0.425317 0
    outer loop
      vertex -11.9993 4.9985 29.1986
      vertex -12.0104 4.97488 10.7778
      vertex -12.0104 4.97488 29.2222
    endloop
  endfacet
  facet normal -0.941541 0.336897 0
    outer loop
      vertex -12.4402 3.7737 0
      vertex -12.0104 4.97488 9.22224
      vertex -12.0104 4.97488 0
    endloop
  endfacet
  facet normal -0.941481 0.337065 -2.45753e-05
    outer loop
      vertex -12.0104 4.97488 9.22224
      vertex -12.4402 3.7737 0
      vertex -12.0706 4.80674 9.34944
    endloop
  endfacet
  facet normal -0.941546 0.336885 -2.1801e-06
    outer loop
      vertex -12.0706 4.80674 9.34944
      vertex -12.4402 3.7737 0
      vertex -12.1268 4.64967 9.50652
    endloop
  endfacet
  facet normal -0.941637 0.33663 2.42855e-05
    outer loop
      vertex -12.1268 4.64967 9.50652
      vertex -12.4402 3.7737 0
      vertex -12.1673 4.53637 9.66835
    endloop
  endfacet
  facet normal -0.941461 0.337123 -1.95236e-05
    outer loop
      vertex -12.1673 4.53637 9.66835
      vertex -12.4402 3.7737 0
      vertex -12.1918 4.46796 9.83337
    endloop
  endfacet
  facet normal -0.941555 0.336861 0
    outer loop
      vertex -12.2 4.44508 10
      vertex -12.4402 3.7737 0
      vertex -12.2 4.44508 30
    endloop
  endfacet
  facet normal -0.94143 0.337209 -2.63633e-05
    outer loop
      vertex -12.1918 4.46796 9.83337
      vertex -12.4402 3.7737 0
      vertex -12.2 4.44508 10
    endloop
  endfacet
  facet normal -0.941476 0.337081 0
    outer loop
      vertex -12.0706 4.80674 10.6506
      vertex -12.0104 4.97488 29.2222
      vertex -12.0104 4.97488 10.7778
    endloop
  endfacet
  facet normal -0.941476 0.337081 0
    outer loop
      vertex -12.0706 4.80674 10.6506
      vertex -12.0706 4.80674 29.3494
      vertex -12.0104 4.97488 29.2222
    endloop
  endfacet
  facet normal -0.941545 0.336887 0
    outer loop
      vertex -12.1268 4.64967 10.4935
      vertex -12.0706 4.80674 29.3494
      vertex -12.0706 4.80674 10.6506
    endloop
  endfacet
  facet normal -0.941545 0.336887 0
    outer loop
      vertex -12.1268 4.64967 10.4935
      vertex -12.1268 4.64967 29.5065
      vertex -12.0706 4.80674 29.3494
    endloop
  endfacet
  facet normal -0.941648 0.3366 0
    outer loop
      vertex -12.1673 4.53637 10.3317
      vertex -12.1268 4.64967 29.5065
      vertex -12.1268 4.64967 10.4935
    endloop
  endfacet
  facet normal -0.941648 0.3366 0
    outer loop
      vertex -12.1673 4.53637 10.3317
      vertex -12.1673 4.53637 29.6683
      vertex -12.1268 4.64967 29.5065
    endloop
  endfacet
  facet normal -0.941446 0.337164 0
    outer loop
      vertex -12.1918 4.46796 10.1666
      vertex -12.1673 4.53637 29.6683
      vertex -12.1673 4.53637 10.3317
    endloop
  endfacet
  facet normal -0.941446 0.337164 0
    outer loop
      vertex -12.1918 4.46796 10.1666
      vertex -12.1918 4.46796 29.8334
      vertex -12.1673 4.53637 29.6683
    endloop
  endfacet
  facet normal -0.941369 0.337379 0
    outer loop
      vertex -12.2 4.44508 10
      vertex -12.1918 4.46796 29.8334
      vertex -12.1918 4.46796 10.1666
    endloop
  endfacet
  facet normal -0.941369 0.337379 0
    outer loop
      vertex -12.1918 4.46796 29.8334
      vertex -12.2 4.44508 10
      vertex -12.2 4.44508 30
    endloop
  endfacet
  facet normal -0.941481 0.337065 2.45754e-05
    outer loop
      vertex -12.4402 3.7737 40
      vertex -12.0104 4.97488 30.7778
      vertex -12.0706 4.80674 30.6506
    endloop
  endfacet
  facet normal -0.941546 0.336885 2.18008e-06
    outer loop
      vertex -12.4402 3.7737 40
      vertex -12.0706 4.80674 30.6506
      vertex -12.1268 4.64967 30.4935
    endloop
  endfacet
  facet normal -0.941637 0.33663 -2.42861e-05
    outer loop
      vertex -12.4402 3.7737 40
      vertex -12.1268 4.64967 30.4935
      vertex -12.1673 4.53637 30.3317
    endloop
  endfacet
  facet normal -0.941461 0.337123 1.95222e-05
    outer loop
      vertex -12.4402 3.7737 40
      vertex -12.1673 4.53637 30.3317
      vertex -12.1918 4.46796 30.1666
    endloop
  endfacet
  facet normal -0.94143 0.337209 2.63649e-05
    outer loop
      vertex -12.4402 3.7737 40
      vertex -12.1918 4.46796 30.1666
      vertex -12.2 4.44508 30
    endloop
  endfacet
  facet normal -0.941541 0.336897 0
    outer loop
      vertex -12.0104 4.97488 30.7778
      vertex -12.4402 3.7737 40
      vertex -12.0104 4.97488 40
    endloop
  endfacet
  facet normal -0.941555 0.336861 0
    outer loop
      vertex -12.4402 3.7737 40
      vertex -12.2 4.44508 30
      vertex -12.4402 3.7737 0
    endloop
  endfacet
  facet normal -0.595715 -0.803196 0
    outer loop
      vertex -8.24711 -10.0491 0
      vertex -7.22241 -10.8091 40
      vertex -8.24711 -10.0491 40
    endloop
  endfacet
  facet normal -0.595715 -0.803196 -0
    outer loop
      vertex -7.22241 -10.8091 40
      vertex -8.24711 -10.0491 0
      vertex -7.22241 -10.8091 0
    endloop
  endfacet
  facet normal 0.242991 0.970029 -0
    outer loop
      vertex 3.7737 12.4402 0
      vertex 2.53617 12.7502 40
      vertex 3.7737 12.4402 40
    endloop
  endfacet
  facet normal 0.242991 0.970029 0
    outer loop
      vertex 2.53617 12.7502 40
      vertex 3.7737 12.4402 0
      vertex 2.53617 12.7502 0
    endloop
  endfacet
  facet normal 0 0 1
    outer loop
      vertex 8 0 40
      vertex 13 0 40
      vertex 12.9374 1.27422 40
    endloop
  endfacet
  facet normal 0 0 1
    outer loop
      vertex 7.96148 0.784137 40
      vertex 12.9374 1.27422 40
      vertex 12.7502 2.53617 40
    endloop
  endfacet
  facet normal 0 0 1
    outer loop
      vertex 13 0 40
      vertex 8 0 40
      vertex 12.9374 -1.27422 40
    endloop
  endfacet
  facet normal 0 0 1
    outer loop
      vertex 7.84628 1.56072 40
      vertex 12.7502 2.53617 40
      vertex 12.4402 3.7737 40
    endloop
  endfacet
  facet normal -0 0 1
    outer loop
      vertex 7.96148 -0.784137 40
      vertex 12.9374 -1.27422 40
      vertex 8 0 40
    endloop
  endfacet
  facet normal 0 0 1
    outer loop
      vertex 7.65552 2.32228 40
      vertex 12.4402 3.7737 40
      vertex 12.0104 4.97488 40
    endloop
  endfacet
  facet normal 0 0 1
    outer loop
      vertex 12.9374 -1.27422 40
      vertex 7.96148 -0.784137 40
      vertex 12.7502 -2.53617 40
    endloop
  endfacet
  facet normal 0 0 1
    outer loop
      vertex 7.39104 3.06147 40
      vertex 12.0104 4.97488 40
      vertex 11.465 6.12816 40
    endloop
  endfacet
  facet normal -0 0 1
    outer loop
      vertex 7.84628 -1.56072 40
      vertex 12.7502 -2.53617 40
      vertex 7.96148 -0.784137 40
    endloop
  endfacet
  facet normal 0 0 1
    outer loop
      vertex 7.05537 3.77117 40
      vertex 11.465 6.12816 40
      vertex 10.8091 7.22241 40
    endloop
  endfacet
  facet normal 0 0 1
    outer loop
      vertex 12.7502 -2.53617 40
      vertex 7.84628 -1.56072 40
      vertex 12.4402 -3.7737 40
    endloop
  endfacet
  facet normal 0 0 1
    outer loop
      vertex 6.65176 4.44456 40
      vertex 10.8091 7.22241 40
      vertex 10.0491 8.24711 40
    endloop
  endfacet
  facet normal -0 0 1
    outer loop
      vertex 7.65552 -2.32228 40
      vertex 12.4402 -3.7737 40
      vertex 7.84628 -1.56072 40
    endloop
  endfacet
  facet normal 0 0 1
    outer loop
      vertex 6.18408 5.07515 40
      vertex 10.0491 8.24711 40
      vertex 9.19239 9.19239 40
    endloop
  endfacet
  facet normal 0 0 1
    outer loop
      vertex 12.4402 -3.7737 40
      vertex 7.65552 -2.32228 40
      vertex 12.0104 -4.97488 40
    endloop
  endfacet
  facet normal 0 0 1
    outer loop
      vertex 5.65685 5.65685 40
      vertex 9.19239 9.19239 40
      vertex 8.24711 10.0491 40
    endloop
  endfacet
  facet normal -0 0 1
    outer loop
      vertex 7.39104 -3.06147 40
      vertex 12.0104 -4.97488 40
      vertex 7.65552 -2.32228 40
    endloop
  endfacet
  facet normal 0 0 1
    outer loop
      vertex 12.0104 -4.97488 40
      vertex 7.39104 -3.06147 40
      vertex 11.465 -6.12816 40
    endloop
  endfacet
  facet normal 0 0 1
    outer loop
      vertex 12.9374 1.27422 40
      vertex 7.96148 0.784137 40
      vertex 8 0 40
    endloop
  endfacet
  facet normal 0 0 1
    outer loop
      vertex 12.7502 2.53617 40
      vertex 7.84628 1.56072 40
      vertex 7.96148 0.784137 40
    endloop
  endfacet
  facet normal 0 0 1
    outer loop
      vertex 12.4402 3.7737 40
      vertex 7.65552 2.32228 40
      vertex 7.84628 1.56072 40
    endloop
  endfacet
  facet normal 0 0 1
    outer loop
      vertex 12.0104 4.97488 40
      vertex 7.39104 3.06147 40
      vertex 7.65552 2.32228 40
    endloop
  endfacet
  facet normal 0 0 1
    outer loop
      vertex 5.07515 6.18408 40
      vertex 8.24711 10.0491 40
      vertex 7.22241 10.8091 40
    endloop
  endfacet
  facet normal 0 0 1
    outer loop
      vertex 11.465 6.12816 40
      vertex 7.05537 3.77117 40
      vertex 7.39104 3.06147 40
    endloop
  endfacet
  facet normal 0 0 1
    outer loop
      vertex 10.8091 7.22241 40
      vertex 6.65176 4.44456 40
      vertex 7.05537 3.77117 40
    endloop
  endfacet
  facet normal 0 0 1
    outer loop
      vertex 10.0491 8.24711 40
      vertex 6.18408 5.07515 40
      vertex 6.65176 4.44456 40
    endloop
  endfacet
  facet normal 0 0 1
    outer loop
      vertex 4.44456 6.65176 40
      vertex 7.22241 10.8091 40
      vertex 6.12816 11.465 40
    endloop
  endfacet
  facet normal 0 0 1
    outer loop
      vertex 9.19239 9.19239 40
      vertex 5.65685 5.65685 40
      vertex 6.18408 5.07515 40
    endloop
  endfacet
  facet normal 0 0 1
    outer loop
      vertex 8.24711 10.0491 40
      vertex 5.07515 6.18408 40
      vertex 5.65685 5.65685 40
    endloop
  endfacet
  facet normal 0 0 1
    outer loop
      vertex 3.77117 7.05537 40
      vertex 6.12816 11.465 40
      vertex 4.97488 12.0104 40
    endloop
  endfacet
  facet normal 0 0 1
    outer loop
      vertex 7.22241 10.8091 40
      vertex 4.44456 6.65176 40
      vertex 5.07515 6.18408 40
    endloop
  endfacet
  facet normal 0 0 1
    outer loop
      vertex 3.06147 7.39104 40
      vertex 4.97488 12.0104 40
      vertex 3.7737 12.4402 40
    endloop
  endfacet
  facet normal 0 0 1
    outer loop
      vertex 6.12816 11.465 40
      vertex 3.77117 7.05537 40
      vertex 4.44456 6.65176 40
    endloop
  endfacet
  facet normal 0 0 1
    outer loop
      vertex 4.97488 12.0104 40
      vertex 3.06147 7.39104 40
      vertex 3.77117 7.05537 40
    endloop
  endfacet
  facet normal 0 0 1
    outer loop
      vertex 2.32228 7.65552 40
      vertex 3.7737 12.4402 40
      vertex 2.53617 12.7502 40
    endloop
  endfacet
  facet normal 0 0 1
    outer loop
      vertex 3.7737 12.4402 40
      vertex 2.32228 7.65552 40
      vertex 3.06147 7.39104 40
    endloop
  endfacet
  facet normal 0 0 1
    outer loop
      vertex 2.53617 12.7502 40
      vertex 1.56072 7.84628 40
      vertex 2.32228 7.65552 40
    endloop
  endfacet
  facet normal 0 0 1
    outer loop
      vertex 1.27422 12.9374 40
      vertex 1.56072 7.84628 40
      vertex 2.53617 12.7502 40
    endloop
  endfacet
  facet normal 0 0 1
    outer loop
      vertex 1.27422 12.9374 40
      vertex 0.784137 7.96148 40
      vertex 1.56072 7.84628 40
    endloop
  endfacet
  facet normal 0 0 1
    outer loop
      vertex 0 13 40
      vertex 0.784137 7.96148 40
      vertex 1.27422 12.9374 40
    endloop
  endfacet
  facet normal 0 0 1
    outer loop
      vertex 0 13 40
      vertex 0 8 40
      vertex 0.784137 7.96148 40
    endloop
  endfacet
  facet normal 0 0 1
    outer loop
      vertex 0 13 40
      vertex -0.784137 7.96148 40
      vertex 0 8 40
    endloop
  endfacet
  facet normal -0 0 1
    outer loop
      vertex -1.27422 12.9374 40
      vertex -0.784137 7.96148 40
      vertex 0 13 40
    endloop
  endfacet
  facet normal 0 0 1
    outer loop
      vertex -1.27422 12.9374 40
      vertex -1.56072 7.84628 40
      vertex -0.784137 7.96148 40
    endloop
  endfacet
  facet normal -0 0 1
    outer loop
      vertex -2.53617 12.7502 40
      vertex -1.56072 7.84628 40
      vertex -1.27422 12.9374 40
    endloop
  endfacet
  facet normal 0 0 1
    outer loop
      vertex -1.56072 7.84628 40
      vertex -2.53617 12.7502 40
      vertex -2.32228 7.65552 40
    endloop
  endfacet
  facet normal -0 0 1
    outer loop
      vertex -3.7737 12.4402 40
      vertex -2.32228 7.65552 40
      vertex -2.53617 12.7502 40
    endloop
  endfacet
  facet normal 0 0 1
    outer loop
      vertex -2.32228 7.65552 40
      vertex -3.7737 12.4402 40
      vertex -3.06147 7.39104 40
    endloop
  endfacet
  facet normal -0 0 1
    outer loop
      vertex -4.97488 12.0104 40
      vertex -3.06147 7.39104 40
      vertex -3.7737 12.4402 40
    endloop
  endfacet
  facet normal 0 0 1
    outer loop
      vertex -3.06147 7.39104 40
      vertex -4.97488 12.0104 40
      vertex -3.77117 7.05537 40
    endloop
  endfacet
  facet normal -0 0 1
    outer loop
      vertex -6.12816 11.465 40
      vertex -3.77117 7.05537 40
      vertex -4.97488 12.0104 40
    endloop
  endfacet
  facet normal 0 0 1
    outer loop
      vertex -3.77117 7.05537 40
      vertex -6.12816 11.465 40
      vertex -4.44456 6.65176 40
    endloop
  endfacet
  facet normal -0 0 1
    outer loop
      vertex -7.22241 10.8091 40
      vertex -4.44456 6.65176 40
      vertex -6.12816 11.465 40
    endloop
  endfacet
  facet normal 0 0 1
    outer loop
      vertex -4.44456 6.65176 40
      vertex -7.22241 10.8091 40
      vertex -5.07515 6.18408 40
    endloop
  endfacet
  facet normal -0 0 1
    outer loop
      vertex -8.24711 10.0491 40
      vertex -5.07515 6.18408 40
      vertex -7.22241 10.8091 40
    endloop
  endfacet
  facet normal 0 0 1
    outer loop
      vertex -5.07515 6.18408 40
      vertex -8.24711 10.0491 40
      vertex -5.65685 5.65685 40
    endloop
  endfacet
  facet normal -0 0 1
    outer loop
      vertex -9.19239 9.19239 40
      vertex -5.65685 5.65685 40
      vertex -8.24711 10.0491 40
    endloop
  endfacet
  facet normal 0 0 1
    outer loop
      vertex -5.65685 5.65685 40
      vertex -9.19239 9.19239 40
      vertex -6.18408 5.07515 40
    endloop
  endfacet
  facet normal -0 0 1
    outer loop
      vertex -10.0491 8.24711 40
      vertex -6.18408 5.07515 40
      vertex -9.19239 9.19239 40
    endloop
  endfacet
  facet normal 0 0 1
    outer loop
      vertex -6.18408 5.07515 40
      vertex -10.0491 8.24711 40
      vertex -6.65176 4.44456 40
    endloop
  endfacet
  facet normal -0 0 1
    outer loop
      vertex -10.8091 7.22241 40
      vertex -6.65176 4.44456 40
      vertex -10.0491 8.24711 40
    endloop
  endfacet
  facet normal 0 0 1
    outer loop
      vertex -6.65176 4.44456 40
      vertex -10.8091 7.22241 40
      vertex -7.05537 3.77117 40
    endloop
  endfacet
  facet normal -0 0 1
    outer loop
      vertex -11.465 6.12816 40
      vertex -7.05537 3.77117 40
      vertex -10.8091 7.22241 40
    endloop
  endfacet
  facet normal 0 0 1
    outer loop
      vertex -7.05537 3.77117 40
      vertex -11.465 6.12816 40
      vertex -7.39104 3.06147 40
    endloop
  endfacet
  facet normal -0 0 1
    outer loop
      vertex -12.0104 4.97488 40
      vertex -7.39104 3.06147 40
      vertex -11.465 6.12816 40
    endloop
  endfacet
  facet normal 0 0 1
    outer loop
      vertex -7.39104 3.06147 40
      vertex -12.0104 4.97488 40
      vertex -7.65552 2.32228 40
    endloop
  endfacet
  facet normal -0 0 1
    outer loop
      vertex -12.4402 3.7737 40
      vertex -7.65552 2.32228 40
      vertex -12.0104 4.97488 40
    endloop
  endfacet
  facet normal 0 0 1
    outer loop
      vertex -7.65552 2.32228 40
      vertex -12.4402 3.7737 40
      vertex -7.84628 1.56072 40
    endloop
  endfacet
  facet normal -0 0 1
    outer loop
      vertex -12.7502 2.53617 40
      vertex -7.84628 1.56072 40
      vertex -12.4402 3.7737 40
    endloop
  endfacet
  facet normal 0 0 1
    outer loop
      vertex -7.84628 1.56072 40
      vertex -12.7502 2.53617 40
      vertex -7.89979 1.2 40
    endloop
  endfacet
  facet normal -0 0 1
    outer loop
      vertex -12.9374 1.27422 40
      vertex -7.89979 1.2 40
      vertex -12.7502 2.53617 40
    endloop
  endfacet
  facet normal 0 0 1
    outer loop
      vertex -7.89979 1.2 40
      vertex -12.9374 1.27422 40
      vertex -12.941 1.2 40
    endloop
  endfacet
  facet normal -0 0 1
    outer loop
      vertex 7.05537 -3.77117 40
      vertex 11.465 -6.12816 40
      vertex 7.39104 -3.06147 40
    endloop
  endfacet
  facet normal 0 0 1
    outer loop
      vertex 11.465 -6.12816 40
      vertex 7.05537 -3.77117 40
      vertex 10.8091 -7.22241 40
    endloop
  endfacet
  facet normal -0 0 1
    outer loop
      vertex 6.65176 -4.44456 40
      vertex 10.8091 -7.22241 40
      vertex 7.05537 -3.77117 40
    endloop
  endfacet
  facet normal 0 0 1
    outer loop
      vertex 10.8091 -7.22241 40
      vertex 6.65176 -4.44456 40
      vertex 10.0491 -8.24711 40
    endloop
  endfacet
  facet normal -0 0 1
    outer loop
      vertex 6.18408 -5.07515 40
      vertex 10.0491 -8.24711 40
      vertex 6.65176 -4.44456 40
    endloop
  endfacet
  facet normal 0 0 1
    outer loop
      vertex 10.0491 -8.24711 40
      vertex 6.18408 -5.07515 40
      vertex 9.19239 -9.19239 40
    endloop
  endfacet
  facet normal -0 0 1
    outer loop
      vertex 5.65685 -5.65685 40
      vertex 9.19239 -9.19239 40
      vertex 6.18408 -5.07515 40
    endloop
  endfacet
  facet normal 0 0 1
    outer loop
      vertex 9.19239 -9.19239 40
      vertex 5.65685 -5.65685 40
      vertex 8.24711 -10.0491 40
    endloop
  endfacet
  facet normal -0 0 1
    outer loop
      vertex 5.07515 -6.18408 40
      vertex 8.24711 -10.0491 40
      vertex 5.65685 -5.65685 40
    endloop
  endfacet
  facet normal 0 0 1
    outer loop
      vertex 8.24711 -10.0491 40
      vertex 5.07515 -6.18408 40
      vertex 7.22241 -10.8091 40
    endloop
  endfacet
  facet normal -0 0 1
    outer loop
      vertex 4.44456 -6.65176 40
      vertex 7.22241 -10.8091 40
      vertex 5.07515 -6.18408 40
    endloop
  endfacet
  facet normal 0 0 1
    outer loop
      vertex 7.22241 -10.8091 40
      vertex 4.44456 -6.65176 40
      vertex 6.12816 -11.465 40
    endloop
  endfacet
  facet normal -0 0 1
    outer loop
      vertex 3.77117 -7.05537 40
      vertex 6.12816 -11.465 40
      vertex 4.44456 -6.65176 40
    endloop
  endfacet
  facet normal 0 0 1
    outer loop
      vertex 6.12816 -11.465 40
      vertex 3.77117 -7.05537 40
      vertex 4.97488 -12.0104 40
    endloop
  endfacet
  facet normal -0 0 1
    outer loop
      vertex 3.06147 -7.39104 40
      vertex 4.97488 -12.0104 40
      vertex 3.77117 -7.05537 40
    endloop
  endfacet
  facet normal 0 0 1
    outer loop
      vertex 4.97488 -12.0104 40
      vertex 3.06147 -7.39104 40
      vertex 3.7737 -12.4402 40
    endloop
  endfacet
  facet normal -0 0 1
    outer loop
      vertex 2.32228 -7.65552 40
      vertex 3.7737 -12.4402 40
      vertex 3.06147 -7.39104 40
    endloop
  endfacet
  facet normal 0 0 1
    outer loop
      vertex 3.7737 -12.4402 40
      vertex 2.32228 -7.65552 40
      vertex 2.53617 -12.7502 40
    endloop
  endfacet
  facet normal -0 0 1
    outer loop
      vertex 1.56072 -7.84628 40
      vertex 2.53617 -12.7502 40
      vertex 2.32228 -7.65552 40
    endloop
  endfacet
  facet normal 0 0 1
    outer loop
      vertex 1.56072 -7.84628 40
      vertex 1.27422 -12.9374 40
      vertex 2.53617 -12.7502 40
    endloop
  endfacet
  facet normal -0 0 1
    outer loop
      vertex 0.784137 -7.96148 40
      vertex 1.27422 -12.9374 40
      vertex 1.56072 -7.84628 40
    endloop
  endfacet
  facet normal -0 0 1
    outer loop
      vertex 0 -8 40
      vertex 1.27422 -12.9374 40
      vertex 0.784137 -7.96148 40
    endloop
  endfacet
  facet normal 0 0 1
    outer loop
      vertex 0 -8 40
      vertex 0 -13 40
      vertex 1.27422 -12.9374 40
    endloop
  endfacet
  facet normal 0 0 1
    outer loop
      vertex -0.784137 -7.96148 40
      vertex 0 -13 40
      vertex 0 -8 40
    endloop
  endfacet
  facet normal 0 0 1
    outer loop
      vertex -0.784137 -7.96148 40
      vertex -1.27422 -12.9374 40
      vertex 0 -13 40
    endloop
  endfacet
  facet normal 0 0 1
    outer loop
      vertex -1.56072 -7.84628 40
      vertex -1.27422 -12.9374 40
      vertex -0.784137 -7.96148 40
    endloop
  endfacet
  facet normal 0 0 1
    outer loop
      vertex -2.53617 -12.7502 40
      vertex -1.56072 -7.84628 40
      vertex -2.32228 -7.65552 40
    endloop
  endfacet
  facet normal 0 0 1
    outer loop
      vertex -1.56072 -7.84628 40
      vertex -2.53617 -12.7502 40
      vertex -1.27422 -12.9374 40
    endloop
  endfacet
  facet normal 0 0 1
    outer loop
      vertex -3.7737 -12.4402 40
      vertex -2.32228 -7.65552 40
      vertex -3.06147 -7.39104 40
    endloop
  endfacet
  facet normal 0 0 1
    outer loop
      vertex -4.97488 -12.0104 40
      vertex -3.06147 -7.39104 40
      vertex -3.77117 -7.05537 40
    endloop
  endfacet
  facet normal 0 0 1
    outer loop
      vertex -2.32228 -7.65552 40
      vertex -3.7737 -12.4402 40
      vertex -2.53617 -12.7502 40
    endloop
  endfacet
  facet normal 0 0 1
    outer loop
      vertex -6.12816 -11.465 40
      vertex -3.77117 -7.05537 40
      vertex -4.44456 -6.65176 40
    endloop
  endfacet
  facet normal 0 0 1
    outer loop
      vertex -3.06147 -7.39104 40
      vertex -4.97488 -12.0104 40
      vertex -3.7737 -12.4402 40
    endloop
  endfacet
  facet normal 0 0 1
    outer loop
      vertex -7.22241 -10.8091 40
      vertex -4.44456 -6.65176 40
      vertex -5.07515 -6.18408 40
    endloop
  endfacet
  facet normal 0 0 1
    outer loop
      vertex -8.24711 -10.0491 40
      vertex -5.07515 -6.18408 40
      vertex -5.65685 -5.65685 40
    endloop
  endfacet
  facet normal 0 0 1
    outer loop
      vertex -3.77117 -7.05537 40
      vertex -6.12816 -11.465 40
      vertex -4.97488 -12.0104 40
    endloop
  endfacet
  facet normal 0 0 1
    outer loop
      vertex -9.19239 -9.19239 40
      vertex -5.65685 -5.65685 40
      vertex -6.18408 -5.07515 40
    endloop
  endfacet
  facet normal 0 0 1
    outer loop
      vertex -10.0491 -8.24711 40
      vertex -6.18408 -5.07515 40
      vertex -6.65176 -4.44456 40
    endloop
  endfacet
  facet normal 0 0 1
    outer loop
      vertex -10.8091 -7.22241 40
      vertex -6.65176 -4.44456 40
      vertex -7.05537 -3.77117 40
    endloop
  endfacet
  facet normal 0 0 1
    outer loop
      vertex -4.44456 -6.65176 40
      vertex -7.22241 -10.8091 40
      vertex -6.12816 -11.465 40
    endloop
  endfacet
  facet normal 0 0 1
    outer loop
      vertex -11.465 -6.12816 40
      vertex -7.05537 -3.77117 40
      vertex -7.39104 -3.06147 40
    endloop
  endfacet
  facet normal 0 0 1
    outer loop
      vertex -12.0104 -4.97488 40
      vertex -7.39104 -3.06147 40
      vertex -7.65552 -2.32228 40
    endloop
  endfacet
  facet normal 0 0 1
    outer loop
      vertex -12.4402 -3.7737 40
      vertex -7.65552 -2.32228 40
      vertex -7.84628 -1.56072 40
    endloop
  endfacet
  facet normal 0 0 1
    outer loop
      vertex -12.7502 -2.53617 40
      vertex -7.84628 -1.56072 40
      vertex -7.89979 -1.2 40
    endloop
  endfacet
  facet normal 0 0 1
    outer loop
      vertex -5.07515 -6.18408 40
      vertex -8.24711 -10.0491 40
      vertex -7.22241 -10.8091 40
    endloop
  endfacet
  facet normal 0 0 1
    outer loop
      vertex -5.65685 -5.65685 40
      vertex -9.19239 -9.19239 40
      vertex -8.24711 -10.0491 40
    endloop
  endfacet
  facet normal 0 0 1
    outer loop
      vertex -6.18408 -5.07515 40
      vertex -10.0491 -8.24711 40
      vertex -9.19239 -9.19239 40
    endloop
  endfacet
  facet normal 0 0 1
    outer loop
      vertex -6.65176 -4.44456 40
      vertex -10.8091 -7.22241 40
      vertex -10.0491 -8.24711 40
    endloop
  endfacet
  facet normal 0 0 1
    outer loop
      vertex -7.05537 -3.77117 40
      vertex -11.465 -6.12816 40
      vertex -10.8091 -7.22241 40
    endloop
  endfacet
  facet normal 0 0 1
    outer loop
      vertex -7.39104 -3.06147 40
      vertex -12.0104 -4.97488 40
      vertex -11.465 -6.12816 40
    endloop
  endfacet
  facet normal 0 0 1
    outer loop
      vertex -7.65552 -2.32228 40
      vertex -12.4402 -3.7737 40
      vertex -12.0104 -4.97488 40
    endloop
  endfacet
  facet normal 0 0 1
    outer loop
      vertex -7.84628 -1.56072 40
      vertex -12.7502 -2.53617 40
      vertex -12.4402 -3.7737 40
    endloop
  endfacet
  facet normal 0 0 1
    outer loop
      vertex -7.89979 -1.2 40
      vertex -12.9374 -1.27422 40
      vertex -12.7502 -2.53617 40
    endloop
  endfacet
  facet normal 0 -0 1
    outer loop
      vertex -12.9374 -1.27422 40
      vertex -7.89979 -1.2 40
      vertex -12.941 -1.2 40
    endloop
  endfacet
  facet normal -0.0490689 -0.998795 0
    outer loop
      vertex -1.27422 -12.9374 0
      vertex 0 -13 40
      vertex -1.27422 -12.9374 40
    endloop
  endfacet
  facet normal -0.0490689 -0.998795 -0
    outer loop
      vertex 0 -13 40
      vertex -1.27422 -12.9374 0
      vertex 0 -13 0
    endloop
  endfacet
  facet normal -0.998826 0.0484475 0
    outer loop
      vertex -12.941 1.2 0
      vertex -12.9374 1.27422 18.75
      vertex -12.9374 1.27422 0
    endloop
  endfacet
  facet normal -0.998826 0.0484475 0
    outer loop
      vertex -12.9374 1.27422 18.75
      vertex -12.941 1.2 0
      vertex -12.941 1.2 18.75
    endloop
  endfacet
  facet normal -0.998826 0.0484475 0
    outer loop
      vertex -12.941 1.2 21.25
      vertex -12.9374 1.27422 40
      vertex -12.9374 1.27422 21.25
    endloop
  endfacet
  facet normal -0.998826 0.0484475 0
    outer loop
      vertex -12.9374 1.27422 40
      vertex -12.941 1.2 21.25
      vertex -12.941 1.2 40
    endloop
  endfacet
  facet normal -0.336897 -0.941541 0
    outer loop
      vertex -4.97488 -12.0104 0
      vertex -3.7737 -12.4402 40
      vertex -4.97488 -12.0104 40
    endloop
  endfacet
  facet normal -0.336897 -0.941541 -0
    outer loop
      vertex -3.7737 -12.4402 40
      vertex -4.97488 -12.0104 0
      vertex -3.7737 -12.4402 0
    endloop
  endfacet
  facet normal 0.740967 -0.671541 0
    outer loop
      vertex 9.19239 -9.19239 40
      vertex 10.0491 -8.24711 0
      vertex 10.0491 -8.24711 40
    endloop
  endfacet
  facet normal 0.740967 -0.671541 0
    outer loop
      vertex 10.0491 -8.24711 0
      vertex 9.19239 -9.19239 40
      vertex 9.19239 -9.19239 0
    endloop
  endfacet
  facet normal 0 0 1
    outer loop
      vertex 44.4 17.45 5
      vertex 35.848 15.95 5
      vertex 44.4 11.45 5
    endloop
  endfacet
  facet normal 0 0 1
    outer loop
      vertex 44.4 17.45 5
      vertex 29.848 15.95 5
      vertex 35.848 15.95 5
    endloop
  endfacet
  facet normal 0 0 1
    outer loop
      vertex 29.848 15.95 5
      vertex 25.552 15.95 5
      vertex 29.848 12.95 5
    endloop
  endfacet
  facet normal 0 0 1
    outer loop
      vertex 44.4 17.45 5
      vertex 25.552 15.95 5
      vertex 29.848 15.95 5
    endloop
  endfacet
  facet normal -0 0 1
    outer loop
      vertex 11 17.45 5
      vertex 25.552 15.95 5
      vertex 44.4 17.45 5
    endloop
  endfacet
  facet normal 0 0 1
    outer loop
      vertex 19.552 15.95 5
      vertex 11 17.45 5
      vertex 19.552 12.95 5
    endloop
  endfacet
  facet normal 0 0 1
    outer loop
      vertex 25.552 15.95 5
      vertex 11 17.45 5
      vertex 19.552 15.95 5
    endloop
  endfacet
  facet normal -0 0 1
    outer loop
      vertex 35.848 12.95 5
      vertex 44.4 11.45 5
      vertex 35.848 15.95 5
    endloop
  endfacet
  facet normal -0 0 1
    outer loop
      vertex 29.848 12.95 5
      vertex 44.4 11.45 5
      vertex 35.848 12.95 5
    endloop
  endfacet
  facet normal 0 0 1
    outer loop
      vertex 25.552 12.95 5
      vertex 29.848 12.95 5
      vertex 25.552 15.95 5
    endloop
  endfacet
  facet normal -0 0 1
    outer loop
      vertex 25.552 12.95 5
      vertex 44.4 11.45 5
      vertex 29.848 12.95 5
    endloop
  endfacet
  facet normal 0 0 1
    outer loop
      vertex 11 11.45 5
      vertex 25.552 12.95 5
      vertex 19.552 12.95 5
    endloop
  endfacet
  facet normal 0 0 1
    outer loop
      vertex 25.552 12.95 5
      vertex 11 11.45 5
      vertex 44.4 11.45 5
    endloop
  endfacet
  facet normal 0 0 1
    outer loop
      vertex 11 11.45 5
      vertex 19.552 12.95 5
      vertex 11 17.45 5
    endloop
  endfacet
  facet normal 0 0 1
    outer loop
      vertex 44.4 -11.45 5
      vertex 35.848 -12.95 5
      vertex 44.4 -17.45 5
    endloop
  endfacet
  facet normal 0 0 1
    outer loop
      vertex 44.4 -11.45 5
      vertex 29.848 -12.95 5
      vertex 35.848 -12.95 5
    endloop
  endfacet
  facet normal 0 0 1
    outer loop
      vertex 29.848 -12.95 5
      vertex 25.552 -12.95 5
      vertex 29.848 -15.95 5
    endloop
  endfacet
  facet normal 0 0 1
    outer loop
      vertex 44.4 -11.45 5
      vertex 25.552 -12.95 5
      vertex 29.848 -12.95 5
    endloop
  endfacet
  facet normal -0 0 1
    outer loop
      vertex 11 -11.45 5
      vertex 25.552 -12.95 5
      vertex 44.4 -11.45 5
    endloop
  endfacet
  facet normal 0 0 1
    outer loop
      vertex 19.552 -12.95 5
      vertex 11 -11.45 5
      vertex 19.552 -15.95 5
    endloop
  endfacet
  facet normal 0 0 1
    outer loop
      vertex 25.552 -12.95 5
      vertex 11 -11.45 5
      vertex 19.552 -12.95 5
    endloop
  endfacet
  facet normal -0 0 1
    outer loop
      vertex 35.848 -15.95 5
      vertex 44.4 -17.45 5
      vertex 35.848 -12.95 5
    endloop
  endfacet
  facet normal -0 0 1
    outer loop
      vertex 29.848 -15.95 5
      vertex 44.4 -17.45 5
      vertex 35.848 -15.95 5
    endloop
  endfacet
  facet normal 0 0 1
    outer loop
      vertex 25.552 -15.95 5
      vertex 29.848 -15.95 5
      vertex 25.552 -12.95 5
    endloop
  endfacet
  facet normal -0 0 1
    outer loop
      vertex 25.552 -15.95 5
      vertex 44.4 -17.45 5
      vertex 29.848 -15.95 5
    endloop
  endfacet
  facet normal 0 0 1
    outer loop
      vertex 11 -17.45 5
      vertex 25.552 -15.95 5
      vertex 19.552 -15.95 5
    endloop
  endfacet
  facet normal 0 0 1
    outer loop
      vertex 25.552 -15.95 5
      vertex 11 -17.45 5
      vertex 44.4 -17.45 5
    endloop
  endfacet
  facet normal 0 0 1
    outer loop
      vertex 11 -17.45 5
      vertex 19.552 -15.95 5
      vertex 11 -11.45 5
    endloop
  endfacet
  facet normal -0 0 1
    outer loop
      vertex 39.4 6.45 5
      vertex 44.4 -6.45 5
      vertex 44.4 6.45 5
    endloop
  endfacet
  facet normal 0 0 1
    outer loop
      vertex 44.4 -6.45 5
      vertex 39.4 6.45 5
      vertex 39.4 -6.45 5
    endloop
  endfacet
  facet normal 0 0 1
    outer loop
      vertex 16 6.45 5
      vertex 13 0 5
      vertex 16 -6.45 5
    endloop
  endfacet
  facet normal 0 0 1
    outer loop
      vertex 16 6.45 5
      vertex 12.9374 1.27422 5
      vertex 13 0 5
    endloop
  endfacet
  facet normal 0 0 1
    outer loop
      vertex 16 6.45 5
      vertex 12.7502 2.53617 5
      vertex 12.9374 1.27422 5
    endloop
  endfacet
  facet normal 0 0 1
    outer loop
      vertex 16 6.45 5
      vertex 12.4402 3.7737 5
      vertex 12.7502 2.53617 5
    endloop
  endfacet
  facet normal 0 0 1
    outer loop
      vertex 16 6.45 5
      vertex 12.0104 4.97488 5
      vertex 12.4402 3.7737 5
    endloop
  endfacet
  facet normal 0 0 1
    outer loop
      vertex 16 6.45 5
      vertex 11.465 6.12816 5
      vertex 12.0104 4.97488 5
    endloop
  endfacet
  facet normal 0 -0 1
    outer loop
      vertex 11.465 6.12816 5
      vertex 16 6.45 5
      vertex 11.2721 6.45 5
    endloop
  endfacet
  facet normal -0 0 1
    outer loop
      vertex 12.9374 -1.27422 5
      vertex 16 -6.45 5
      vertex 13 0 5
    endloop
  endfacet
  facet normal -0 0 1
    outer loop
      vertex 12.7502 -2.53617 5
      vertex 16 -6.45 5
      vertex 12.9374 -1.27422 5
    endloop
  endfacet
  facet normal -0 0 1
    outer loop
      vertex 12.4402 -3.7737 5
      vertex 16 -6.45 5
      vertex 12.7502 -2.53617 5
    endloop
  endfacet
  facet normal -0 0 1
    outer loop
      vertex 12.0104 -4.97488 5
      vertex 16 -6.45 5
      vertex 12.4402 -3.7737 5
    endloop
  endfacet
  facet normal -0 0 1
    outer loop
      vertex 11.465 -6.12816 5
      vertex 16 -6.45 5
      vertex 12.0104 -4.97488 5
    endloop
  endfacet
  facet normal 0 0 1
    outer loop
      vertex 16 -6.45 5
      vertex 11.465 -6.12816 5
      vertex 11.2721 -6.45 5
    endloop
  endfacet
  facet normal 0 1 -0
    outer loop
      vertex 44.4 17.45 0
      vertex 11 17.45 5
      vertex 44.4 17.45 5
    endloop
  endfacet
  facet normal 0 1 0
    outer loop
      vertex 11 17.45 5
      vertex 44.4 17.45 0
      vertex 11 17.45 0
    endloop
  endfacet
  facet normal 0 -1 0
    outer loop
      vertex 11 -17.45 0
      vertex 44.4 -17.45 5
      vertex 11 -17.45 5
    endloop
  endfacet
  facet normal 0 -1 -0
    outer loop
      vertex 44.4 -17.45 5
      vertex 11 -17.45 0
      vertex 44.4 -17.45 0
    endloop
  endfacet
  facet normal 0.941566 0 -0.33683
    outer loop
      vertex -12.0706 -1.2 10.6506
      vertex -12.1268 -4.64967 10.4935
      vertex -12.1268 -1.2 10.4935
    endloop
  endfacet
  facet normal 0.941566 0 -0.33683
    outer loop
      vertex -12.1268 -4.64967 10.4935
      vertex -12.0706 -1.2 10.6506
      vertex -12.0706 -4.80674 10.6506
    endloop
  endfacet
  facet normal 0.941566 0 -0.33683
    outer loop
      vertex -12.0706 1.2 10.6506
      vertex -12.1268 4.64967 10.4935
      vertex -12.0706 4.80674 10.6506
    endloop
  endfacet
  facet normal 0.941566 0 -0.33683
    outer loop
      vertex -12.1268 4.64967 10.4935
      vertex -12.0706 1.2 10.6506
      vertex -12.1268 1.2 10.4935
    endloop
  endfacet
  facet normal 0.514231 0 -0.857652
    outer loop
      vertex -11.4445 -6.16237 11.4135
      vertex -11.3014 -1.2 11.4993
      vertex -11.3014 -6.40111 11.4993
    endloop
  endfacet
  facet normal 0.514231 0 -0.857652
    outer loop
      vertex -11.3014 -1.2 11.4993
      vertex -11.4445 -6.16237 11.4135
      vertex -11.4445 -1.2 11.4135
    endloop
  endfacet
  facet normal 0.514231 0 -0.857652
    outer loop
      vertex -11.4445 6.16237 11.4135
      vertex -11.3014 1.2 11.4993
      vertex -11.4445 1.2 11.4135
    endloop
  endfacet
  facet normal 0.514231 0 -0.857652
    outer loop
      vertex -11.3014 1.2 11.4993
      vertex -11.4445 6.16237 11.4135
      vertex -11.3014 6.40111 11.4993
    endloop
  endfacet
  facet normal -0.803211 0 0.595695
    outer loop
      vertex -9.18588 -7.5 8.92153
      vertex -9.0865 -1.2 9.05553
      vertex -9.18588 -1.2 8.92153
    endloop
  endfacet
  facet normal -0.803211 0 0.595695
    outer loop
      vertex -9.0865 -1.2 9.05553
      vertex -9.18588 -7.5 8.92153
      vertex -9.0865 -7.5 9.05553
    endloop
  endfacet
  facet normal -0.803211 0 0.595695
    outer loop
      vertex -9.18588 1.2 8.92153
      vertex -9.0865 7.5 9.05553
      vertex -9.18588 7.5 8.92153
    endloop
  endfacet
  facet normal -0.803211 0 0.595695
    outer loop
      vertex -9.0865 7.5 9.05553
      vertex -9.18588 1.2 8.92153
      vertex -9.0865 1.2 9.05553
    endloop
  endfacet
  facet normal -0.803211 0 -0.595695
    outer loop
      vertex -9.0865 1.2 10.9445
      vertex -9.18588 7.5 11.0785
      vertex -9.0865 7.5 10.9445
    endloop
  endfacet
  facet normal -0.803211 -0 -0.595695
    outer loop
      vertex -9.18588 7.5 11.0785
      vertex -9.0865 1.2 10.9445
      vertex -9.18588 1.2 11.0785
    endloop
  endfacet
  facet normal -0.803211 0 -0.595695
    outer loop
      vertex -9.0865 -7.5 10.9445
      vertex -9.18588 -1.2 11.0785
      vertex -9.0865 -1.2 10.9445
    endloop
  endfacet
  facet normal -0.803211 -0 -0.595695
    outer loop
      vertex -9.18588 -1.2 11.0785
      vertex -9.0865 -7.5 10.9445
      vertex -9.18588 -7.5 11.0785
    endloop
  endfacet
  facet normal -0.989184 0 0.146681
    outer loop
      vertex -8.83266 1.2 9.66835
      vertex -8.80819 7.5 9.83337
      vertex -8.83266 7.5 9.66835
    endloop
  endfacet
  facet normal -0.989184 0 0.146681
    outer loop
      vertex -8.80819 7.5 9.83337
      vertex -8.83266 1.2 9.66835
      vertex -8.80819 1.2 9.83337
    endloop
  endfacet
  facet normal -0.989184 0 0.146681
    outer loop
      vertex -8.83266 -7.5 9.66835
      vertex -8.80819 -1.2 9.83337
      vertex -8.83266 -1.2 9.66835
    endloop
  endfacet
  facet normal -0.989184 0 0.146681
    outer loop
      vertex -8.80819 -1.2 9.83337
      vertex -8.83266 -7.5 9.66835
      vertex -8.80819 -7.5 9.83337
    endloop
  endfacet
  facet normal -0.595695 0 0.803211
    outer loop
      vertex -9.55553 -1.2 8.5865
      vertex -9.42153 -7.5 8.68588
      vertex -9.42153 -1.2 8.68588
    endloop
  endfacet
  facet normal -0.595695 0 0.803211
    outer loop
      vertex -9.42153 -7.5 8.68588
      vertex -9.55553 -1.2 8.5865
      vertex -9.55553 -7.5 8.5865
    endloop
  endfacet
  facet normal -0.595695 0 0.803211
    outer loop
      vertex -9.55553 7.5 8.5865
      vertex -9.42153 1.2 8.68588
      vertex -9.42153 7.5 8.68588
    endloop
  endfacet
  facet normal -0.595695 0 0.803211
    outer loop
      vertex -9.42153 1.2 8.68588
      vertex -9.55553 7.5 8.5865
      vertex -9.55553 1.2 8.5865
    endloop
  endfacet
  facet normal -0.740932 0 0.67158
    outer loop
      vertex -9.29792 -7.5 8.79792
      vertex -9.18588 -1.2 8.92153
      vertex -9.29792 -1.2 8.79792
    endloop
  endfacet
  facet normal -0.740932 0 0.67158
    outer loop
      vertex -9.18588 -1.2 8.92153
      vertex -9.29792 -7.5 8.79792
      vertex -9.18588 -7.5 8.92153
    endloop
  endfacet
  facet normal -0.740932 0 0.67158
    outer loop
      vertex -9.29792 1.2 8.79792
      vertex -9.18588 7.5 8.92153
      vertex -9.29792 7.5 8.79792
    endloop
  endfacet
  facet normal -0.740932 0 0.67158
    outer loop
      vertex -9.18588 7.5 8.92153
      vertex -9.29792 1.2 8.79792
      vertex -9.18588 1.2 8.92153
    endloop
  endfacet
  facet normal -0.0491602 0 -0.998791
    outer loop
      vertex -10.5 1.2 11.7
      vertex -10.3334 7.5 11.6918
      vertex -10.3334 1.2 11.6918
    endloop
  endfacet
  facet normal -0.0491602 0 -0.998791
    outer loop
      vertex -10.3334 7.5 11.6918
      vertex -10.5 1.2 11.7
      vertex -10.5 7.5 11.7
    endloop
  endfacet
  facet normal -0.0491602 0 -0.998791
    outer loop
      vertex -10.5 -7.5 11.7
      vertex -10.3334 -1.2 11.6918
      vertex -10.3334 -7.5 11.6918
    endloop
  endfacet
  facet normal -0.0491602 0 -0.998791
    outer loop
      vertex -10.3334 -1.2 11.6918
      vertex -10.5 -7.5 11.7
      vertex -10.5 -1.2 11.7
    endloop
  endfacet
  facet normal 0.904065 -0 0.427396
    outer loop
      vertex -12.0706 -4.80674 9.34944
      vertex -11.9993 -1.2 9.19862
      vertex -12.0706 -1.2 9.34944
    endloop
  endfacet
  facet normal 0.90859 0.0093997 0.417584
    outer loop
      vertex -11.9993 -4.9985 9.19862
      vertex -12.0706 -4.80674 9.34944
      vertex -12.0104 -4.97488 9.22224
    endloop
  endfacet
  facet normal 0.904065 0 0.427396
    outer loop
      vertex -12.0706 -4.80674 9.34944
      vertex -11.9993 -4.9985 9.19862
      vertex -11.9993 -1.2 9.19862
    endloop
  endfacet
  facet normal 0.90859 -0.0093997 0.417584
    outer loop
      vertex -12.0706 4.80674 9.34944
      vertex -11.9993 4.9985 9.19862
      vertex -12.0104 4.97488 9.22224
    endloop
  endfacet
  facet normal 0.904065 0 0.427396
    outer loop
      vertex -11.9993 1.2 9.19862
      vertex -12.0706 4.80674 9.34944
      vertex -12.0706 1.2 9.34944
    endloop
  endfacet
  facet normal 0.904065 0 0.427396
    outer loop
      vertex -12.0706 4.80674 9.34944
      vertex -11.9993 1.2 9.19862
      vertex -11.9993 4.9985 9.19862
    endloop
  endfacet
  facet normal -0.970015 0 -0.243043
    outer loop
      vertex -8.83266 -7.5 10.3317
      vertex -8.8732 -1.2 10.4935
      vertex -8.83266 -1.2 10.3317
    endloop
  endfacet
  facet normal -0.970015 -0 -0.243043
    outer loop
      vertex -8.8732 -1.2 10.4935
      vertex -8.83266 -7.5 10.3317
      vertex -8.8732 -7.5 10.4935
    endloop
  endfacet
  facet normal -0.970015 0 -0.243043
    outer loop
      vertex -8.83266 1.2 10.3317
      vertex -8.8732 7.5 10.4935
      vertex -8.83266 7.5 10.3317
    endloop
  endfacet
  facet normal -0.970015 -0 -0.243043
    outer loop
      vertex -8.8732 7.5 10.4935
      vertex -8.83266 1.2 10.3317
      vertex -8.8732 1.2 10.4935
    endloop
  endfacet
  facet normal -0.903973 0 -0.427589
    outer loop
      vertex -8.9294 1.2 10.6506
      vertex -9.00073 7.5 10.8014
      vertex -8.9294 7.5 10.6506
    endloop
  endfacet
  facet normal -0.903973 -0 -0.427589
    outer loop
      vertex -9.00073 7.5 10.8014
      vertex -8.9294 1.2 10.6506
      vertex -9.00073 1.2 10.8014
    endloop
  endfacet
  facet normal -0.903973 0 -0.427589
    outer loop
      vertex -8.9294 -7.5 10.6506
      vertex -9.00073 -1.2 10.8014
      vertex -8.9294 -1.2 10.6506
    endloop
  endfacet
  facet normal -0.903973 -0 -0.427589
    outer loop
      vertex -9.00073 -1.2 10.8014
      vertex -8.9294 -7.5 10.6506
      vertex -9.00073 -7.5 10.8014
    endloop
  endfacet
  facet normal -0.595772 0 -0.803154
    outer loop
      vertex -9.55553 1.2 11.4135
      vertex -9.42153 7.5 11.3141
      vertex -9.42153 1.2 11.3141
    endloop
  endfacet
  facet normal -0.595772 0 -0.803154
    outer loop
      vertex -9.42153 7.5 11.3141
      vertex -9.55553 1.2 11.4135
      vertex -9.55553 7.5 11.4135
    endloop
  endfacet
  facet normal -0.595772 0 -0.803154
    outer loop
      vertex -9.55553 -7.5 11.4135
      vertex -9.42153 -1.2 11.3141
      vertex -9.42153 -7.5 11.3141
    endloop
  endfacet
  facet normal -0.595772 0 -0.803154
    outer loop
      vertex -9.42153 -1.2 11.3141
      vertex -9.55553 -7.5 11.4135
      vertex -9.55553 -1.2 11.4135
    endloop
  endfacet
  facet normal -0.671448 0 -0.741051
    outer loop
      vertex -9.42153 1.2 11.3141
      vertex -9.29792 7.5 11.2021
      vertex -9.29792 1.2 11.2021
    endloop
  endfacet
  facet normal -0.671448 0 -0.741051
    outer loop
      vertex -9.29792 7.5 11.2021
      vertex -9.42153 1.2 11.3141
      vertex -9.42153 7.5 11.3141
    endloop
  endfacet
  facet normal -0.671448 0 -0.741051
    outer loop
      vertex -9.42153 -7.5 11.3141
      vertex -9.29792 -1.2 11.2021
      vertex -9.29792 -7.5 11.2021
    endloop
  endfacet
  facet normal -0.671448 0 -0.741051
    outer loop
      vertex -9.29792 -1.2 11.2021
      vertex -9.42153 -7.5 11.3141
      vertex -9.42153 -1.2 11.3141
    endloop
  endfacet
  facet normal -0.989194 0 -0.146612
    outer loop
      vertex -8.80819 -7.5 10.1666
      vertex -8.83266 -1.2 10.3317
      vertex -8.80819 -1.2 10.1666
    endloop
  endfacet
  facet normal -0.989194 -0 -0.146612
    outer loop
      vertex -8.83266 -1.2 10.3317
      vertex -8.80819 -7.5 10.1666
      vertex -8.83266 -7.5 10.3317
    endloop
  endfacet
  facet normal -0.989194 0 -0.146612
    outer loop
      vertex -8.80819 1.2 10.1666
      vertex -8.83266 7.5 10.3317
      vertex -8.80819 7.5 10.1666
    endloop
  endfacet
  facet normal -0.989194 -0 -0.146612
    outer loop
      vertex -8.83266 7.5 10.3317
      vertex -8.80819 1.2 10.1666
      vertex -8.83266 1.2 10.3317
    endloop
  endfacet
  facet normal 0.970083 -0 0.242775
    outer loop
      vertex -12.1673 -4.53637 9.66835
      vertex -12.1268 -1.2 9.50652
      vertex -12.1673 -1.2 9.66835
    endloop
  endfacet
  facet normal 0.970083 0 0.242775
    outer loop
      vertex -12.1268 -1.2 9.50652
      vertex -12.1673 -4.53637 9.66835
      vertex -12.1268 -4.64967 9.50652
    endloop
  endfacet
  facet normal 0.970083 0 0.242775
    outer loop
      vertex -12.1268 1.2 9.50652
      vertex -12.1673 4.53637 9.66835
      vertex -12.1673 1.2 9.66835
    endloop
  endfacet
  facet normal 0.970083 0 0.242775
    outer loop
      vertex -12.1673 4.53637 9.66835
      vertex -12.1268 1.2 9.50652
      vertex -12.1268 4.64967 9.50652
    endloop
  endfacet
  facet normal 0.136666 -0.00742579 -0.990589
    outer loop
      vertex -10.8317 -7.18479 11.6673
      vertex -10.6666 -7.41452 11.6918
      vertex -10.8091 -7.22241 11.6707
    endloop
  endfacet
  facet normal 0.146788 0 -0.989168
    outer loop
      vertex -10.6666 -7.41452 11.6918
      vertex -10.8317 -7.18479 11.6673
      vertex -10.6666 -1.2 11.6918
    endloop
  endfacet
  facet normal 0.146788 0 -0.989168
    outer loop
      vertex -10.6666 -1.2 11.6918
      vertex -10.8317 -7.18479 11.6673
      vertex -10.8317 -1.2 11.6673
    endloop
  endfacet
  facet normal 0.146788 0 -0.989168
    outer loop
      vertex -10.8317 7.18479 11.6673
      vertex -10.6666 7.41452 11.6918
      vertex -10.6666 1.2 11.6918
    endloop
  endfacet
  facet normal 0.146788 0 -0.989168
    outer loop
      vertex -10.8317 7.18479 11.6673
      vertex -10.6666 1.2 11.6918
      vertex -10.8317 1.2 11.6673
    endloop
  endfacet
  facet normal 0.136666 0.00742579 -0.990589
    outer loop
      vertex -10.6666 7.41452 11.6918
      vertex -10.8317 7.18479 11.6673
      vertex -10.8091 7.22241 11.6707
    endloop
  endfacet
  facet normal 0 -1 0
    outer loop
      vertex -10.6032 7.5 11.6949
      vertex -10.3334 7.5 11.6918
      vertex -10.5 7.5 11.7
    endloop
  endfacet
  facet normal 0 -1 0
    outer loop
      vertex -10.6032 7.5 11.6949
      vertex -10.1683 7.5 11.6673
      vertex -10.3334 7.5 11.6918
    endloop
  endfacet
  facet normal 0 -1 0
    outer loop
      vertex -10.6032 7.5 11.6949
      vertex -10.0065 7.5 11.6268
      vertex -10.1683 7.5 11.6673
    endloop
  endfacet
  facet normal 0 -1 0
    outer loop
      vertex -10.6032 7.5 11.6949
      vertex -9.84944 7.5 11.5706
      vertex -10.0065 7.5 11.6268
    endloop
  endfacet
  facet normal 0 -1 0
    outer loop
      vertex -10.6032 7.5 11.6949
      vertex -9.69862 7.5 11.4993
      vertex -9.84944 7.5 11.5706
    endloop
  endfacet
  facet normal 0 -1 0
    outer loop
      vertex -10.6032 7.5 11.6949
      vertex -9.55553 7.5 11.4135
      vertex -9.69862 7.5 11.4993
    endloop
  endfacet
  facet normal 0 -1 0
    outer loop
      vertex -10.6032 7.5 11.6949
      vertex -9.42153 7.5 11.3141
      vertex -9.55553 7.5 11.4135
    endloop
  endfacet
  facet normal 0 -1 0
    outer loop
      vertex -10.6032 7.5 11.6949
      vertex -9.29792 7.5 11.2021
      vertex -9.42153 7.5 11.3141
    endloop
  endfacet
  facet normal 0 -1 0
    outer loop
      vertex -10.6032 7.5 11.6949
      vertex -9.18588 7.5 11.0785
      vertex -9.29792 7.5 11.2021
    endloop
  endfacet
  facet normal 0 -1 0
    outer loop
      vertex -10.6032 7.5 11.6949
      vertex -9.0865 7.5 10.9445
      vertex -9.18588 7.5 11.0785
    endloop
  endfacet
  facet normal 0 -1 0
    outer loop
      vertex -10.6032 7.5 11.6949
      vertex -9.00073 7.5 10.8014
      vertex -9.0865 7.5 10.9445
    endloop
  endfacet
  facet normal 0 -1 0
    outer loop
      vertex -10.6032 7.5 11.6949
      vertex -8.9294 7.5 10.6506
      vertex -9.00073 7.5 10.8014
    endloop
  endfacet
  facet normal 0 -1 0
    outer loop
      vertex -10.6032 7.5 11.6949
      vertex -8.8732 7.5 10.4935
      vertex -8.9294 7.5 10.6506
    endloop
  endfacet
  facet normal 0 -1 0
    outer loop
      vertex -10.6032 7.5 11.6949
      vertex -8.83266 7.5 10.3317
      vertex -8.8732 7.5 10.4935
    endloop
  endfacet
  facet normal 0 -1 0
    outer loop
      vertex -10.6032 7.5 11.6949
      vertex -8.80819 7.5 10.1666
      vertex -8.83266 7.5 10.3317
    endloop
  endfacet
  facet normal 0 -1 0
    outer loop
      vertex -10.6032 7.5 11.6949
      vertex -8.8 7.5 10
      vertex -8.80819 7.5 10.1666
    endloop
  endfacet
  facet normal 0 -1 0
    outer loop
      vertex -10.6032 7.5 11.6949
      vertex -8.80819 7.5 9.83337
      vertex -8.8 7.5 10
    endloop
  endfacet
  facet normal 0 -1 0
    outer loop
      vertex -10.6032 7.5 11.6949
      vertex -8.83266 7.5 9.66835
      vertex -8.80819 7.5 9.83337
    endloop
  endfacet
  facet normal 0 -1 0
    outer loop
      vertex -10.6032 7.5 11.6949
      vertex -8.8732 7.5 9.50652
      vertex -8.83266 7.5 9.66835
    endloop
  endfacet
  facet normal 0 -1 0
    outer loop
      vertex -10.6032 7.5 11.6949
      vertex -8.9294 7.5 9.34944
      vertex -8.8732 7.5 9.50652
    endloop
  endfacet
  facet normal 0 -1 0
    outer loop
      vertex -10.6032 7.5 11.6949
      vertex -9.00073 7.5 9.19862
      vertex -8.9294 7.5 9.34944
    endloop
  endfacet
  facet normal 0 -1 0
    outer loop
      vertex -10.6032 7.5 11.6949
      vertex -9.0865 7.5 9.05553
      vertex -9.00073 7.5 9.19862
    endloop
  endfacet
  facet normal 0 -1 0
    outer loop
      vertex -10.6032 7.5 11.6949
      vertex -9.18588 7.5 8.92153
      vertex -9.0865 7.5 9.05553
    endloop
  endfacet
  facet normal 0 -1 0
    outer loop
      vertex -10.6032 7.5 11.6949
      vertex -9.29792 7.5 8.79792
      vertex -9.18588 7.5 8.92153
    endloop
  endfacet
  facet normal 0 -1 0
    outer loop
      vertex -10.6032 7.5 11.6949
      vertex -9.42153 7.5 8.68588
      vertex -9.29792 7.5 8.79792
    endloop
  endfacet
  facet normal 0 -1 0
    outer loop
      vertex -10.6032 7.5 11.6949
      vertex -9.55553 7.5 8.5865
      vertex -9.42153 7.5 8.68588
    endloop
  endfacet
  facet normal 0 -1 0
    outer loop
      vertex -10.6032 7.5 11.6949
      vertex -9.69862 7.5 8.50073
      vertex -9.55553 7.5 8.5865
    endloop
  endfacet
  facet normal 0 -1 0
    outer loop
      vertex -10.6032 7.5 11.6949
      vertex -9.84944 7.5 8.4294
      vertex -9.69862 7.5 8.50073
    endloop
  endfacet
  facet normal 0 -1 0
    outer loop
      vertex -10.6032 7.5 11.6949
      vertex -10.0065 7.5 8.3732
      vertex -9.84944 7.5 8.4294
    endloop
  endfacet
  facet normal 0 -1 0
    outer loop
      vertex -10.6032 7.5 11.6949
      vertex -10.1683 7.5 8.33266
      vertex -10.0065 7.5 8.3732
    endloop
  endfacet
  facet normal 0 -1 0
    outer loop
      vertex -10.6032 7.5 11.6949
      vertex -10.3334 7.5 8.30819
      vertex -10.1683 7.5 8.33266
    endloop
  endfacet
  facet normal 0 -1 0
    outer loop
      vertex -10.6032 7.5 8.30507
      vertex -10.3334 7.5 8.30819
      vertex -10.6032 7.5 11.6949
    endloop
  endfacet
  facet normal 0 -1 0
    outer loop
      vertex -10.3334 7.5 8.30819
      vertex -10.6032 7.5 8.30507
      vertex -10.5 7.5 8.3
    endloop
  endfacet
  facet normal -0.970026 0 0.243001
    outer loop
      vertex -8.8732 1.2 9.50652
      vertex -8.83266 7.5 9.66835
      vertex -8.8732 7.5 9.50652
    endloop
  endfacet
  facet normal -0.970026 0 0.243001
    outer loop
      vertex -8.83266 7.5 9.66835
      vertex -8.8732 1.2 9.50652
      vertex -8.83266 1.2 9.66835
    endloop
  endfacet
  facet normal -0.970026 0 0.243001
    outer loop
      vertex -8.8732 -7.5 9.50652
      vertex -8.83266 -1.2 9.66835
      vertex -8.8732 -1.2 9.50652
    endloop
  endfacet
  facet normal -0.970026 0 0.243001
    outer loop
      vertex -8.83266 -1.2 9.66835
      vertex -8.8732 -7.5 9.50652
      vertex -8.83266 -7.5 9.66835
    endloop
  endfacet
  facet normal -0.998794 0 -0.0491004
    outer loop
      vertex -8.8 -7.5 10
      vertex -8.80819 -1.2 10.1666
      vertex -8.8 -1.2 10
    endloop
  endfacet
  facet normal -0.998794 -0 -0.0491004
    outer loop
      vertex -8.80819 -1.2 10.1666
      vertex -8.8 -7.5 10
      vertex -8.80819 -7.5 10.1666
    endloop
  endfacet
  facet normal -0.998794 0 -0.0491004
    outer loop
      vertex -8.8 1.2 10
      vertex -8.80819 7.5 10.1666
      vertex -8.8 7.5 10
    endloop
  endfacet
  facet normal -0.998794 -0 -0.0491004
    outer loop
      vertex -8.80819 7.5 10.1666
      vertex -8.8 1.2 10
      vertex -8.80819 1.2 10.1666
    endloop
  endfacet
  facet normal 0.427442 0 -0.904043
    outer loop
      vertex -11.3014 -6.40111 11.4993
      vertex -11.1506 -1.2 11.5706
      vertex -11.1506 -6.65273 11.5706
    endloop
  endfacet
  facet normal 0.427442 0 -0.904043
    outer loop
      vertex -11.1506 -1.2 11.5706
      vertex -11.3014 -6.40111 11.4993
      vertex -11.3014 -1.2 11.4993
    endloop
  endfacet
  facet normal 0.427442 0 -0.904043
    outer loop
      vertex -11.3014 6.40111 11.4993
      vertex -11.1506 1.2 11.5706
      vertex -11.3014 1.2 11.4993
    endloop
  endfacet
  facet normal 0.427442 0 -0.904043
    outer loop
      vertex -11.1506 1.2 11.5706
      vertex -11.3014 6.40111 11.4993
      vertex -11.1506 6.65273 11.5706
    endloop
  endfacet
  facet normal 0.904043 0 -0.427442
    outer loop
      vertex -11.9993 -1.2 10.8014
      vertex -12.0706 -4.80674 10.6506
      vertex -12.0706 -1.2 10.6506
    endloop
  endfacet
  facet normal 0.904043 0 -0.427442
    outer loop
      vertex -11.9993 -4.9985 10.8014
      vertex -12.0706 -4.80674 10.6506
      vertex -11.9993 -1.2 10.8014
    endloop
  endfacet
  facet normal 0.908045 0.00829231 -0.41879
    outer loop
      vertex -12.0706 -4.80674 10.6506
      vertex -11.9993 -4.9985 10.8014
      vertex -12.0104 -4.97488 10.7778
    endloop
  endfacet
  facet normal 0.908045 -0.00829231 -0.41879
    outer loop
      vertex -11.9993 4.9985 10.8014
      vertex -12.0706 4.80674 10.6506
      vertex -12.0104 4.97488 10.7778
    endloop
  endfacet
  facet normal 0.904043 0 -0.427442
    outer loop
      vertex -11.9993 1.2 10.8014
      vertex -12.0706 4.80674 10.6506
      vertex -11.9993 4.9985 10.8014
    endloop
  endfacet
  facet normal 0.904043 0 -0.427442
    outer loop
      vertex -12.0706 4.80674 10.6506
      vertex -11.9993 1.2 10.8014
      vertex -12.0706 1.2 10.6506
    endloop
  endfacet
  facet normal -0.242818 0 -0.970072
    outer loop
      vertex -10.1683 1.2 11.6673
      vertex -10.0065 7.5 11.6268
      vertex -10.0065 1.2 11.6268
    endloop
  endfacet
  facet normal -0.242818 0 -0.970072
    outer loop
      vertex -10.0065 7.5 11.6268
      vertex -10.1683 1.2 11.6673
      vertex -10.1683 7.5 11.6673
    endloop
  endfacet
  facet normal -0.242818 0 -0.970072
    outer loop
      vertex -10.1683 -7.5 11.6673
      vertex -10.0065 -1.2 11.6268
      vertex -10.0065 -7.5 11.6268
    endloop
  endfacet
  facet normal -0.242818 0 -0.970072
    outer loop
      vertex -10.0065 -1.2 11.6268
      vertex -10.1683 -7.5 11.6673
      vertex -10.1683 -1.2 11.6673
    endloop
  endfacet
  facet normal -0.998794 0 0.0490916
    outer loop
      vertex -8.80819 -7.5 9.83337
      vertex -8.8 -1.2 10
      vertex -8.80819 -1.2 9.83337
    endloop
  endfacet
  facet normal -0.998794 0 0.0490916
    outer loop
      vertex -8.8 -1.2 10
      vertex -8.80819 -7.5 9.83337
      vertex -8.8 -7.5 10
    endloop
  endfacet
  facet normal -0.998794 0 0.0490916
    outer loop
      vertex -8.80819 1.2 9.83337
      vertex -8.8 7.5 10
      vertex -8.80819 7.5 9.83337
    endloop
  endfacet
  facet normal -0.998794 0 0.0490916
    outer loop
      vertex -8.8 7.5 10
      vertex -8.80819 1.2 9.83337
      vertex -8.8 1.2 10
    endloop
  endfacet
  facet normal -0.857731 0 -0.514099
    outer loop
      vertex -9.00073 1.2 10.8014
      vertex -9.0865 7.5 10.9445
      vertex -9.00073 7.5 10.8014
    endloop
  endfacet
  facet normal -0.857731 -0 -0.514099
    outer loop
      vertex -9.0865 7.5 10.9445
      vertex -9.00073 1.2 10.8014
      vertex -9.0865 1.2 10.9445
    endloop
  endfacet
  facet normal -0.857731 0 -0.514099
    outer loop
      vertex -9.00073 -7.5 10.8014
      vertex -9.0865 -1.2 10.9445
      vertex -9.00073 -1.2 10.8014
    endloop
  endfacet
  facet normal -0.857731 -0 -0.514099
    outer loop
      vertex -9.0865 -1.2 10.9445
      vertex -9.00073 -7.5 10.8014
      vertex -9.0865 -7.5 10.9445
    endloop
  endfacet
  facet normal 0.989168 0 -0.146788
    outer loop
      vertex -12.1673 -1.2 10.3317
      vertex -12.1918 -4.46796 10.1666
      vertex -12.1918 -1.2 10.1666
    endloop
  endfacet
  facet normal 0.989168 0 -0.146788
    outer loop
      vertex -12.1918 -4.46796 10.1666
      vertex -12.1673 -1.2 10.3317
      vertex -12.1673 -4.53637 10.3317
    endloop
  endfacet
  facet normal 0.989168 0 -0.146788
    outer loop
      vertex -12.1673 1.2 10.3317
      vertex -12.1918 4.46796 10.1666
      vertex -12.1673 4.53637 10.3317
    endloop
  endfacet
  facet normal 0.989168 0 -0.146788
    outer loop
      vertex -12.1918 4.46796 10.1666
      vertex -12.1673 1.2 10.3317
      vertex -12.1918 1.2 10.1666
    endloop
  endfacet
  facet normal -0.514125 0 0.857715
    outer loop
      vertex -9.69862 -1.2 8.50073
      vertex -9.55553 -7.5 8.5865
      vertex -9.55553 -1.2 8.5865
    endloop
  endfacet
  facet normal -0.514125 0 0.857715
    outer loop
      vertex -9.55553 -7.5 8.5865
      vertex -9.69862 -1.2 8.50073
      vertex -9.69862 -7.5 8.50073
    endloop
  endfacet
  facet normal -0.514125 0 0.857715
    outer loop
      vertex -9.69862 7.5 8.50073
      vertex -9.55553 1.2 8.5865
      vertex -9.55553 7.5 8.5865
    endloop
  endfacet
  facet normal -0.514125 0 0.857715
    outer loop
      vertex -9.55553 1.2 8.5865
      vertex -9.69862 7.5 8.50073
      vertex -9.69862 1.2 8.50073
    endloop
  endfacet
  facet normal 0.741051 -0 0.671448
    outer loop
      vertex -11.8141 -5.38996 8.92153
      vertex -11.7021 -1.2 8.79792
      vertex -11.8141 -1.2 8.92153
    endloop
  endfacet
  facet normal 0.741051 0 0.671448
    outer loop
      vertex -11.7021 -1.2 8.79792
      vertex -11.8141 -5.38996 8.92153
      vertex -11.7021 -5.62684 8.79792
    endloop
  endfacet
  facet normal 0.741051 0 0.671448
    outer loop
      vertex -11.7021 1.2 8.79792
      vertex -11.8141 5.38996 8.92153
      vertex -11.8141 1.2 8.92153
    endloop
  endfacet
  facet normal 0.741051 0 0.671448
    outer loop
      vertex -11.8141 5.38996 8.92153
      vertex -11.7021 1.2 8.79792
      vertex -11.7021 5.62684 8.79792
    endloop
  endfacet
  facet normal 0 1 0
    outer loop
      vertex -10.3334 -7.5 11.6918
      vertex -10.6032 -7.5 11.6949
      vertex -10.5 -7.5 11.7
    endloop
  endfacet
  facet normal 0 1 0
    outer loop
      vertex -10.1683 -7.5 11.6673
      vertex -10.6032 -7.5 11.6949
      vertex -10.3334 -7.5 11.6918
    endloop
  endfacet
  facet normal 0 1 0
    outer loop
      vertex -10.0065 -7.5 11.6268
      vertex -10.6032 -7.5 11.6949
      vertex -10.1683 -7.5 11.6673
    endloop
  endfacet
  facet normal 0 1 0
    outer loop
      vertex -9.84944 -7.5 11.5706
      vertex -10.6032 -7.5 11.6949
      vertex -10.0065 -7.5 11.6268
    endloop
  endfacet
  facet normal 0 1 0
    outer loop
      vertex -9.69862 -7.5 11.4993
      vertex -10.6032 -7.5 11.6949
      vertex -9.84944 -7.5 11.5706
    endloop
  endfacet
  facet normal 0 1 0
    outer loop
      vertex -9.55553 -7.5 11.4135
      vertex -10.6032 -7.5 11.6949
      vertex -9.69862 -7.5 11.4993
    endloop
  endfacet
  facet normal 0 1 0
    outer loop
      vertex -9.42153 -7.5 11.3141
      vertex -10.6032 -7.5 11.6949
      vertex -9.55553 -7.5 11.4135
    endloop
  endfacet
  facet normal 0 1 0
    outer loop
      vertex -9.29792 -7.5 11.2021
      vertex -10.6032 -7.5 11.6949
      vertex -9.42153 -7.5 11.3141
    endloop
  endfacet
  facet normal 0 1 0
    outer loop
      vertex -9.18588 -7.5 11.0785
      vertex -10.6032 -7.5 11.6949
      vertex -9.29792 -7.5 11.2021
    endloop
  endfacet
  facet normal 0 1 0
    outer loop
      vertex -9.0865 -7.5 10.9445
      vertex -10.6032 -7.5 11.6949
      vertex -9.18588 -7.5 11.0785
    endloop
  endfacet
  facet normal 0 1 0
    outer loop
      vertex -9.00073 -7.5 10.8014
      vertex -10.6032 -7.5 11.6949
      vertex -9.0865 -7.5 10.9445
    endloop
  endfacet
  facet normal 0 1 0
    outer loop
      vertex -8.9294 -7.5 10.6506
      vertex -10.6032 -7.5 11.6949
      vertex -9.00073 -7.5 10.8014
    endloop
  endfacet
  facet normal 0 1 0
    outer loop
      vertex -8.8732 -7.5 10.4935
      vertex -10.6032 -7.5 11.6949
      vertex -8.9294 -7.5 10.6506
    endloop
  endfacet
  facet normal 0 1 0
    outer loop
      vertex -8.83266 -7.5 10.3317
      vertex -10.6032 -7.5 11.6949
      vertex -8.8732 -7.5 10.4935
    endloop
  endfacet
  facet normal 0 1 0
    outer loop
      vertex -8.80819 -7.5 10.1666
      vertex -10.6032 -7.5 11.6949
      vertex -8.83266 -7.5 10.3317
    endloop
  endfacet
  facet normal 0 1 0
    outer loop
      vertex -8.8 -7.5 10
      vertex -10.6032 -7.5 11.6949
      vertex -8.80819 -7.5 10.1666
    endloop
  endfacet
  facet normal 0 1 -0
    outer loop
      vertex -8.80819 -7.5 9.83337
      vertex -10.6032 -7.5 11.6949
      vertex -8.8 -7.5 10
    endloop
  endfacet
  facet normal 0 1 -0
    outer loop
      vertex -8.83266 -7.5 9.66835
      vertex -10.6032 -7.5 11.6949
      vertex -8.80819 -7.5 9.83337
    endloop
  endfacet
  facet normal 0 1 -0
    outer loop
      vertex -8.8732 -7.5 9.50652
      vertex -10.6032 -7.5 11.6949
      vertex -8.83266 -7.5 9.66835
    endloop
  endfacet
  facet normal 0 1 -0
    outer loop
      vertex -8.9294 -7.5 9.34944
      vertex -10.6032 -7.5 11.6949
      vertex -8.8732 -7.5 9.50652
    endloop
  endfacet
  facet normal 0 1 -0
    outer loop
      vertex -9.00073 -7.5 9.19862
      vertex -10.6032 -7.5 11.6949
      vertex -8.9294 -7.5 9.34944
    endloop
  endfacet
  facet normal 0 1 -0
    outer loop
      vertex -9.0865 -7.5 9.05553
      vertex -10.6032 -7.5 11.6949
      vertex -9.00073 -7.5 9.19862
    endloop
  endfacet
  facet normal 0 1 -0
    outer loop
      vertex -9.18588 -7.5 8.92153
      vertex -10.6032 -7.5 11.6949
      vertex -9.0865 -7.5 9.05553
    endloop
  endfacet
  facet normal 0 1 -0
    outer loop
      vertex -9.29792 -7.5 8.79792
      vertex -10.6032 -7.5 11.6949
      vertex -9.18588 -7.5 8.92153
    endloop
  endfacet
  facet normal 0 1 -0
    outer loop
      vertex -9.42153 -7.5 8.68588
      vertex -10.6032 -7.5 11.6949
      vertex -9.29792 -7.5 8.79792
    endloop
  endfacet
  facet normal 0 1 -0
    outer loop
      vertex -9.55553 -7.5 8.5865
      vertex -10.6032 -7.5 11.6949
      vertex -9.42153 -7.5 8.68588
    endloop
  endfacet
  facet normal 0 1 -0
    outer loop
      vertex -9.69862 -7.5 8.50073
      vertex -10.6032 -7.5 11.6949
      vertex -9.55553 -7.5 8.5865
    endloop
  endfacet
  facet normal 0 1 -0
    outer loop
      vertex -9.84944 -7.5 8.4294
      vertex -10.6032 -7.5 11.6949
      vertex -9.69862 -7.5 8.50073
    endloop
  endfacet
  facet normal 0 1 -0
    outer loop
      vertex -10.0065 -7.5 8.3732
      vertex -10.6032 -7.5 11.6949
      vertex -9.84944 -7.5 8.4294
    endloop
  endfacet
  facet normal 0 1 -0
    outer loop
      vertex -10.1683 -7.5 8.33266
      vertex -10.6032 -7.5 11.6949
      vertex -10.0065 -7.5 8.3732
    endloop
  endfacet
  facet normal 0 1 -0
    outer loop
      vertex -10.3334 -7.5 8.30819
      vertex -10.6032 -7.5 11.6949
      vertex -10.1683 -7.5 8.33266
    endloop
  endfacet
  facet normal 0 1 0
    outer loop
      vertex -10.3334 -7.5 8.30819
      vertex -10.6032 -7.5 8.30507
      vertex -10.6032 -7.5 11.6949
    endloop
  endfacet
  facet normal -0 1 0
    outer loop
      vertex -10.6032 -7.5 8.30507
      vertex -10.3334 -7.5 8.30819
      vertex -10.5 -7.5 8.3
    endloop
  endfacet
  facet normal 0.857652 0 -0.514231
    outer loop
      vertex -11.9135 -1.2 10.9445
      vertex -11.9993 -4.9985 10.8014
      vertex -11.9993 -1.2 10.8014
    endloop
  endfacet
  facet normal 0.857652 0 -0.514231
    outer loop
      vertex -11.9993 -4.9985 10.8014
      vertex -11.9135 -1.2 10.9445
      vertex -11.9135 -5.17984 10.9445
    endloop
  endfacet
  facet normal 0.857652 0 -0.514231
    outer loop
      vertex -11.9135 1.2 10.9445
      vertex -11.9993 4.9985 10.8014
      vertex -11.9135 5.17984 10.9445
    endloop
  endfacet
  facet normal 0.857652 0 -0.514231
    outer loop
      vertex -11.9993 4.9985 10.8014
      vertex -11.9135 1.2 10.9445
      vertex -11.9993 1.2 10.8014
    endloop
  endfacet
  facet normal -0.336906 0 -0.941538
    outer loop
      vertex -10.0065 1.2 11.6268
      vertex -9.84944 7.5 11.5706
      vertex -9.84944 1.2 11.5706
    endloop
  endfacet
  facet normal -0.336906 0 -0.941538
    outer loop
      vertex -9.84944 7.5 11.5706
      vertex -10.0065 1.2 11.6268
      vertex -10.0065 7.5 11.6268
    endloop
  endfacet
  facet normal -0.336906 0 -0.941538
    outer loop
      vertex -10.0065 -7.5 11.6268
      vertex -9.84944 -1.2 11.5706
      vertex -9.84944 -7.5 11.5706
    endloop
  endfacet
  facet normal -0.336906 0 -0.941538
    outer loop
      vertex -9.84944 -1.2 11.5706
      vertex -10.0065 -7.5 11.6268
      vertex -10.0065 -1.2 11.6268
    endloop
  endfacet
  facet normal 0.148709 -0.00154081 0.98888
    outer loop
      vertex -10.8317 7.18479 8.33266
      vertex -10.6666 7.41452 8.30819
      vertex -10.8091 7.22241 8.32932
    endloop
  endfacet
  facet normal 0.146612 0 0.989194
    outer loop
      vertex -10.6666 7.41452 8.30819
      vertex -10.8317 7.18479 8.33266
      vertex -10.6666 1.2 8.30819
    endloop
  endfacet
  facet normal 0.146612 0 0.989194
    outer loop
      vertex -10.6666 1.2 8.30819
      vertex -10.8317 7.18479 8.33266
      vertex -10.8317 1.2 8.33266
    endloop
  endfacet
  facet normal 0.146612 0 0.989194
    outer loop
      vertex -10.8317 -7.18479 8.33266
      vertex -10.6666 -7.41452 8.30819
      vertex -10.6666 -1.2 8.30819
    endloop
  endfacet
  facet normal 0.146612 -0 0.989194
    outer loop
      vertex -10.8317 -7.18479 8.33266
      vertex -10.6666 -1.2 8.30819
      vertex -10.8317 -1.2 8.33266
    endloop
  endfacet
  facet normal 0.148709 0.00154081 0.98888
    outer loop
      vertex -10.6666 -7.41452 8.30819
      vertex -10.8317 -7.18479 8.33266
      vertex -10.8091 -7.22241 8.32932
    endloop
  endfacet
  facet normal -0.243043 0 0.970015
    outer loop
      vertex -10.1683 7.5 8.33266
      vertex -10.0065 1.2 8.3732
      vertex -10.0065 7.5 8.3732
    endloop
  endfacet
  facet normal -0.243043 0 0.970015
    outer loop
      vertex -10.0065 1.2 8.3732
      vertex -10.1683 7.5 8.33266
      vertex -10.1683 1.2 8.33266
    endloop
  endfacet
  facet normal -0.243043 0 0.970015
    outer loop
      vertex -10.1683 -1.2 8.33266
      vertex -10.0065 -7.5 8.3732
      vertex -10.0065 -1.2 8.3732
    endloop
  endfacet
  facet normal -0.243043 0 0.970015
    outer loop
      vertex -10.0065 -7.5 8.3732
      vertex -10.1683 -1.2 8.33266
      vertex -10.1683 -7.5 8.33266
    endloop
  endfacet
  facet normal 0.741024 0 -0.671478
    outer loop
      vertex -11.7021 -1.2 11.2021
      vertex -11.8141 -5.38996 11.0785
      vertex -11.8141 -1.2 11.0785
    endloop
  endfacet
  facet normal 0.741024 0 -0.671478
    outer loop
      vertex -11.8141 -5.38996 11.0785
      vertex -11.7021 -1.2 11.2021
      vertex -11.7021 -5.62684 11.2021
    endloop
  endfacet
  facet normal 0.741024 0 -0.671478
    outer loop
      vertex -11.7021 1.2 11.2021
      vertex -11.8141 5.38996 11.0785
      vertex -11.7021 5.62684 11.2021
    endloop
  endfacet
  facet normal 0.741024 0 -0.671478
    outer loop
      vertex -11.8141 5.38996 11.0785
      vertex -11.7021 1.2 11.2021
      vertex -11.8141 1.2 11.0785
    endloop
  endfacet
  facet normal -0.427396 0 -0.904065
    outer loop
      vertex -9.84944 -7.5 11.5706
      vertex -9.69862 -1.2 11.4993
      vertex -9.69862 -7.5 11.4993
    endloop
  endfacet
  facet normal -0.427396 0 -0.904065
    outer loop
      vertex -9.69862 -1.2 11.4993
      vertex -9.84944 -7.5 11.5706
      vertex -9.84944 -1.2 11.5706
    endloop
  endfacet
  facet normal -0.427396 0 -0.904065
    outer loop
      vertex -9.84944 1.2 11.5706
      vertex -9.69862 7.5 11.4993
      vertex -9.69862 1.2 11.4993
    endloop
  endfacet
  facet normal -0.427396 0 -0.904065
    outer loop
      vertex -9.69862 7.5 11.4993
      vertex -9.84944 1.2 11.5706
      vertex -9.84944 7.5 11.5706
    endloop
  endfacet
  facet normal -0.941566 0 -0.33683
    outer loop
      vertex -8.8732 1.2 10.4935
      vertex -8.9294 7.5 10.6506
      vertex -8.8732 7.5 10.4935
    endloop
  endfacet
  facet normal -0.941566 -0 -0.33683
    outer loop
      vertex -8.9294 7.5 10.6506
      vertex -8.8732 1.2 10.4935
      vertex -8.9294 1.2 10.6506
    endloop
  endfacet
  facet normal -0.941566 0 -0.33683
    outer loop
      vertex -8.8732 -7.5 10.4935
      vertex -8.9294 -1.2 10.6506
      vertex -8.8732 -1.2 10.4935
    endloop
  endfacet
  facet normal -0.941566 -0 -0.33683
    outer loop
      vertex -8.9294 -1.2 10.6506
      vertex -8.8732 -7.5 10.4935
      vertex -8.9294 -7.5 10.6506
    endloop
  endfacet
  facet normal -0.427543 0 0.903995
    outer loop
      vertex -9.84944 7.5 8.4294
      vertex -9.69862 1.2 8.50073
      vertex -9.69862 7.5 8.50073
    endloop
  endfacet
  facet normal -0.427543 0 0.903995
    outer loop
      vertex -9.69862 1.2 8.50073
      vertex -9.84944 7.5 8.4294
      vertex -9.84944 1.2 8.4294
    endloop
  endfacet
  facet normal -0.427543 0 0.903995
    outer loop
      vertex -9.84944 -1.2 8.4294
      vertex -9.69862 -7.5 8.50073
      vertex -9.69862 -1.2 8.50073
    endloop
  endfacet
  facet normal -0.427543 0 0.903995
    outer loop
      vertex -9.69862 -7.5 8.50073
      vertex -9.84944 -1.2 8.4294
      vertex -9.84944 -7.5 8.4294
    endloop
  endfacet
  facet normal 0.243043 -0 0.970015
    outer loop
      vertex -10.9935 -6.91479 8.3732
      vertex -10.8317 -1.2 8.33266
      vertex -10.9935 -1.2 8.3732
    endloop
  endfacet
  facet normal 0.243043 0 0.970015
    outer loop
      vertex -10.8317 -1.2 8.33266
      vertex -10.9935 -6.91479 8.3732
      vertex -10.8317 -7.18479 8.33266
    endloop
  endfacet
  facet normal 0.243043 0 0.970015
    outer loop
      vertex -10.9935 6.91479 8.3732
      vertex -10.8317 1.2 8.33266
      vertex -10.8317 7.18479 8.33266
    endloop
  endfacet
  facet normal 0.243043 0 0.970015
    outer loop
      vertex -10.8317 1.2 8.33266
      vertex -10.9935 6.91479 8.3732
      vertex -10.9935 1.2 8.3732
    endloop
  endfacet
  facet normal -0.941552 0 0.336868
    outer loop
      vertex -8.9294 -7.5 9.34944
      vertex -8.8732 -1.2 9.50652
      vertex -8.9294 -1.2 9.34944
    endloop
  endfacet
  facet normal -0.941552 0 0.336868
    outer loop
      vertex -8.8732 -1.2 9.50652
      vertex -8.9294 -7.5 9.34944
      vertex -8.8732 -7.5 9.50652
    endloop
  endfacet
  facet normal -0.941552 0 0.336868
    outer loop
      vertex -8.9294 1.2 9.34944
      vertex -8.8732 7.5 9.50652
      vertex -8.9294 7.5 9.34944
    endloop
  endfacet
  facet normal -0.941552 0 0.336868
    outer loop
      vertex -8.8732 7.5 9.50652
      vertex -8.9294 1.2 9.34944
      vertex -8.8732 1.2 9.50652
    endloop
  endfacet
  facet normal 0.970072 0 -0.242818
    outer loop
      vertex -12.1268 -1.2 10.4935
      vertex -12.1673 -4.53637 10.3317
      vertex -12.1673 -1.2 10.3317
    endloop
  endfacet
  facet normal 0.970072 0 -0.242818
    outer loop
      vertex -12.1673 -4.53637 10.3317
      vertex -12.1268 -1.2 10.4935
      vertex -12.1268 -4.64967 10.4935
    endloop
  endfacet
  facet normal 0.970072 0 -0.242818
    outer loop
      vertex -12.1268 1.2 10.4935
      vertex -12.1673 4.53637 10.3317
      vertex -12.1268 4.64967 10.4935
    endloop
  endfacet
  facet normal 0.970072 0 -0.242818
    outer loop
      vertex -12.1673 4.53637 10.3317
      vertex -12.1268 1.2 10.4935
      vertex -12.1673 1.2 10.3317
    endloop
  endfacet
  facet normal -0.146612 0 0.989194
    outer loop
      vertex -10.3334 -1.2 8.30819
      vertex -10.1683 -7.5 8.33266
      vertex -10.1683 -1.2 8.33266
    endloop
  endfacet
  facet normal -0.146612 0 0.989194
    outer loop
      vertex -10.1683 -7.5 8.33266
      vertex -10.3334 -1.2 8.30819
      vertex -10.3334 -7.5 8.30819
    endloop
  endfacet
  facet normal -0.146612 0 0.989194
    outer loop
      vertex -10.3334 7.5 8.30819
      vertex -10.1683 1.2 8.33266
      vertex -10.1683 7.5 8.33266
    endloop
  endfacet
  facet normal -0.146612 0 0.989194
    outer loop
      vertex -10.1683 1.2 8.33266
      vertex -10.3334 7.5 8.30819
      vertex -10.3334 1.2 8.30819
    endloop
  endfacet
  facet normal -0.740905 0 -0.67161
    outer loop
      vertex -9.18588 1.2 11.0785
      vertex -9.29792 7.5 11.2021
      vertex -9.18588 7.5 11.0785
    endloop
  endfacet
  facet normal -0.740905 -0 -0.67161
    outer loop
      vertex -9.29792 7.5 11.2021
      vertex -9.18588 1.2 11.0785
      vertex -9.29792 1.2 11.2021
    endloop
  endfacet
  facet normal -0.740905 0 -0.67161
    outer loop
      vertex -9.18588 -7.5 11.0785
      vertex -9.29792 -1.2 11.2021
      vertex -9.18588 -1.2 11.0785
    endloop
  endfacet
  facet normal -0.740905 -0 -0.67161
    outer loop
      vertex -9.29792 -1.2 11.2021
      vertex -9.18588 -7.5 11.0785
      vertex -9.29792 -7.5 11.2021
    endloop
  endfacet
  facet normal 0.941552 -0 0.336868
    outer loop
      vertex -12.1268 -4.64967 9.50652
      vertex -12.0706 -1.2 9.34944
      vertex -12.1268 -1.2 9.50652
    endloop
  endfacet
  facet normal 0.941552 0 0.336868
    outer loop
      vertex -12.0706 -1.2 9.34944
      vertex -12.1268 -4.64967 9.50652
      vertex -12.0706 -4.80674 9.34944
    endloop
  endfacet
  facet normal 0.941552 0 0.336868
    outer loop
      vertex -12.0706 1.2 9.34944
      vertex -12.1268 4.64967 9.50652
      vertex -12.1268 1.2 9.50652
    endloop
  endfacet
  facet normal 0.941552 0 0.336868
    outer loop
      vertex -12.1268 4.64967 9.50652
      vertex -12.0706 1.2 9.34944
      vertex -12.0706 4.80674 9.34944
    endloop
  endfacet
  facet normal 0.514099 -0 0.857731
    outer loop
      vertex -11.4445 -6.16237 8.5865
      vertex -11.3014 -1.2 8.50073
      vertex -11.4445 -1.2 8.5865
    endloop
  endfacet
  facet normal 0.514099 0 0.857731
    outer loop
      vertex -11.3014 -1.2 8.50073
      vertex -11.4445 -6.16237 8.5865
      vertex -11.3014 -6.40111 8.50073
    endloop
  endfacet
  facet normal 0.514099 0 0.857731
    outer loop
      vertex -11.4445 6.16237 8.5865
      vertex -11.3014 1.2 8.50073
      vertex -11.3014 6.40111 8.50073
    endloop
  endfacet
  facet normal 0.514099 0 0.857731
    outer loop
      vertex -11.3014 1.2 8.50073
      vertex -11.4445 6.16237 8.5865
      vertex -11.4445 1.2 8.5865
    endloop
  endfacet
  facet normal 0.998791 -0 0.0491513
    outer loop
      vertex -12.2 -4.44508 10
      vertex -12.1918 -1.2 9.83337
      vertex -12.2 -1.2 10
    endloop
  endfacet
  facet normal 0.998791 0 0.0491513
    outer loop
      vertex -12.1918 -1.2 9.83337
      vertex -12.2 -4.44508 10
      vertex -12.1918 -4.46796 9.83337
    endloop
  endfacet
  facet normal 0.998791 0 0.0491513
    outer loop
      vertex -12.1918 1.2 9.83337
      vertex -12.2 4.44508 10
      vertex -12.2 1.2 10
    endloop
  endfacet
  facet normal 0.998791 0 0.0491513
    outer loop
      vertex -12.2 4.44508 10
      vertex -12.1918 1.2 9.83337
      vertex -12.1918 4.46796 9.83337
    endloop
  endfacet
  facet normal 0.33683 0 -0.941566
    outer loop
      vertex -11.1506 -6.65273 11.5706
      vertex -10.9935 -1.2 11.6268
      vertex -10.9935 -6.91479 11.6268
    endloop
  endfacet
  facet normal 0.33683 0 -0.941566
    outer loop
      vertex -10.9935 -1.2 11.6268
      vertex -11.1506 -6.65273 11.5706
      vertex -11.1506 -1.2 11.5706
    endloop
  endfacet
  facet normal 0.33683 0 -0.941566
    outer loop
      vertex -11.1506 6.65273 11.5706
      vertex -10.9935 1.2 11.6268
      vertex -11.1506 1.2 11.5706
    endloop
  endfacet
  facet normal 0.33683 0 -0.941566
    outer loop
      vertex -10.9935 1.2 11.6268
      vertex -11.1506 6.65273 11.5706
      vertex -10.9935 6.91479 11.6268
    endloop
  endfacet
  facet normal 0.803154 -0 0.595772
    outer loop
      vertex -11.9135 -5.17984 9.05553
      vertex -11.8141 -1.2 8.92153
      vertex -11.9135 -1.2 9.05553
    endloop
  endfacet
  facet normal 0.803154 0 0.595772
    outer loop
      vertex -11.8141 -1.2 8.92153
      vertex -11.9135 -5.17984 9.05553
      vertex -11.8141 -5.38996 8.92153
    endloop
  endfacet
  facet normal 0.803154 0 0.595772
    outer loop
      vertex -11.8141 1.2 8.92153
      vertex -11.9135 5.17984 9.05553
      vertex -11.9135 1.2 9.05553
    endloop
  endfacet
  facet normal 0.803154 0 0.595772
    outer loop
      vertex -11.9135 5.17984 9.05553
      vertex -11.8141 1.2 8.92153
      vertex -11.8141 5.38996 8.92153
    endloop
  endfacet
  facet normal 0.671478 0 -0.741024
    outer loop
      vertex -11.7021 -5.62684 11.2021
      vertex -11.5785 -1.2 11.3141
      vertex -11.5785 -5.8882 11.3141
    endloop
  endfacet
  facet normal 0.671478 0 -0.741024
    outer loop
      vertex -11.5785 -1.2 11.3141
      vertex -11.7021 -5.62684 11.2021
      vertex -11.7021 -1.2 11.2021
    endloop
  endfacet
  facet normal 0.671478 0 -0.741024
    outer loop
      vertex -11.7021 5.62684 11.2021
      vertex -11.5785 1.2 11.3141
      vertex -11.7021 1.2 11.2021
    endloop
  endfacet
  facet normal 0.671478 0 -0.741024
    outer loop
      vertex -11.5785 1.2 11.3141
      vertex -11.7021 5.62684 11.2021
      vertex -11.5785 5.8882 11.3141
    endloop
  endfacet
  facet normal 0.67161 -0 0.740905
    outer loop
      vertex -11.7021 -5.62684 8.79792
      vertex -11.5785 -1.2 8.68588
      vertex -11.7021 -1.2 8.79792
    endloop
  endfacet
  facet normal 0.67161 0 0.740905
    outer loop
      vertex -11.5785 -1.2 8.68588
      vertex -11.7021 -5.62684 8.79792
      vertex -11.5785 -5.8882 8.68588
    endloop
  endfacet
  facet normal 0.67161 0 0.740905
    outer loop
      vertex -11.7021 5.62684 8.79792
      vertex -11.5785 1.2 8.68588
      vertex -11.5785 5.8882 8.68588
    endloop
  endfacet
  facet normal 0.67161 0 0.740905
    outer loop
      vertex -11.5785 1.2 8.68588
      vertex -11.7021 5.62684 8.79792
      vertex -11.7021 1.2 8.79792
    endloop
  endfacet
  facet normal -0.514258 0 -0.857636
    outer loop
      vertex -9.69862 -7.5 11.4993
      vertex -9.55553 -1.2 11.4135
      vertex -9.55553 -7.5 11.4135
    endloop
  endfacet
  facet normal -0.514258 0 -0.857636
    outer loop
      vertex -9.55553 -1.2 11.4135
      vertex -9.69862 -7.5 11.4993
      vertex -9.69862 -1.2 11.4993
    endloop
  endfacet
  facet normal -0.514258 0 -0.857636
    outer loop
      vertex -9.69862 1.2 11.4993
      vertex -9.55553 7.5 11.4135
      vertex -9.55553 1.2 11.4135
    endloop
  endfacet
  facet normal -0.514258 0 -0.857636
    outer loop
      vertex -9.55553 7.5 11.4135
      vertex -9.69862 1.2 11.4993
      vertex -9.69862 7.5 11.4993
    endloop
  endfacet
  facet normal 0.0490687 6.18194e-05 0.998795
    outer loop
      vertex -10.6666 7.41452 8.30819
      vertex -10.5 7.5 8.3
      vertex -10.6032 7.5 8.30507
    endloop
  endfacet
  facet normal 0.0491004 0 0.998794
    outer loop
      vertex -10.5 7.5 8.3
      vertex -10.6666 7.41452 8.30819
      vertex -10.5 1.2 8.3
    endloop
  endfacet
  facet normal 0.0491004 0 0.998794
    outer loop
      vertex -10.5 1.2 8.3
      vertex -10.6666 7.41452 8.30819
      vertex -10.6666 1.2 8.30819
    endloop
  endfacet
  facet normal 0.0491004 0 0.998794
    outer loop
      vertex -10.6666 -7.41452 8.30819
      vertex -10.5 -7.5 8.3
      vertex -10.5 -1.2 8.3
    endloop
  endfacet
  facet normal 0.0491004 -0 0.998794
    outer loop
      vertex -10.6666 -7.41452 8.30819
      vertex -10.5 -1.2 8.3
      vertex -10.6666 -1.2 8.30819
    endloop
  endfacet
  facet normal 0.0490687 -6.18194e-05 0.998795
    outer loop
      vertex -10.5 -7.5 8.3
      vertex -10.6666 -7.41452 8.30819
      vertex -10.6032 -7.5 8.30507
    endloop
  endfacet
  facet normal -0.67158 0 0.740932
    outer loop
      vertex -9.42153 -1.2 8.68588
      vertex -9.29792 -7.5 8.79792
      vertex -9.29792 -1.2 8.79792
    endloop
  endfacet
  facet normal -0.67158 0 0.740932
    outer loop
      vertex -9.29792 -7.5 8.79792
      vertex -9.42153 -1.2 8.68588
      vertex -9.42153 -7.5 8.68588
    endloop
  endfacet
  facet normal -0.67158 0 0.740932
    outer loop
      vertex -9.42153 7.5 8.68588
      vertex -9.29792 1.2 8.79792
      vertex -9.29792 7.5 8.79792
    endloop
  endfacet
  facet normal -0.67158 0 0.740932
    outer loop
      vertex -9.29792 1.2 8.79792
      vertex -9.42153 7.5 8.68588
      vertex -9.42153 1.2 8.68588
    endloop
  endfacet
  facet normal 0.33683 -0 0.941566
    outer loop
      vertex -11.1506 -6.65273 8.4294
      vertex -10.9935 -1.2 8.3732
      vertex -11.1506 -1.2 8.4294
    endloop
  endfacet
  facet normal 0.33683 0 0.941566
    outer loop
      vertex -10.9935 -1.2 8.3732
      vertex -11.1506 -6.65273 8.4294
      vertex -10.9935 -6.91479 8.3732
    endloop
  endfacet
  facet normal 0.33683 0 0.941566
    outer loop
      vertex -11.1506 6.65273 8.4294
      vertex -10.9935 1.2 8.3732
      vertex -10.9935 6.91479 8.3732
    endloop
  endfacet
  facet normal 0.33683 0 0.941566
    outer loop
      vertex -10.9935 1.2 8.3732
      vertex -11.1506 6.65273 8.4294
      vertex -11.1506 1.2 8.4294
    endloop
  endfacet
  facet normal -0.0491004 0 0.998794
    outer loop
      vertex -10.5 -1.2 8.3
      vertex -10.3334 -7.5 8.30819
      vertex -10.3334 -1.2 8.30819
    endloop
  endfacet
  facet normal -0.0491004 0 0.998794
    outer loop
      vertex -10.3334 -7.5 8.30819
      vertex -10.5 -1.2 8.3
      vertex -10.5 -7.5 8.3
    endloop
  endfacet
  facet normal -0.0491004 0 0.998794
    outer loop
      vertex -10.5 7.5 8.3
      vertex -10.3334 1.2 8.30819
      vertex -10.3334 7.5 8.30819
    endloop
  endfacet
  facet normal -0.0491004 0 0.998794
    outer loop
      vertex -10.3334 1.2 8.30819
      vertex -10.5 7.5 8.3
      vertex -10.5 1.2 8.3
    endloop
  endfacet
  facet normal -0.146788 0 -0.989168
    outer loop
      vertex -10.3334 -7.5 11.6918
      vertex -10.1683 -1.2 11.6673
      vertex -10.1683 -7.5 11.6673
    endloop
  endfacet
  facet normal -0.146788 0 -0.989168
    outer loop
      vertex -10.1683 -1.2 11.6673
      vertex -10.3334 -7.5 11.6918
      vertex -10.3334 -1.2 11.6918
    endloop
  endfacet
  facet normal -0.146788 0 -0.989168
    outer loop
      vertex -10.3334 1.2 11.6918
      vertex -10.1683 7.5 11.6673
      vertex -10.1683 1.2 11.6673
    endloop
  endfacet
  facet normal -0.146788 0 -0.989168
    outer loop
      vertex -10.1683 7.5 11.6673
      vertex -10.3334 1.2 11.6918
      vertex -10.3334 7.5 11.6918
    endloop
  endfacet
  facet normal 0.242818 0 -0.970072
    outer loop
      vertex -10.9935 -6.91479 11.6268
      vertex -10.8317 -1.2 11.6673
      vertex -10.8317 -7.18479 11.6673
    endloop
  endfacet
  facet normal 0.242818 0 -0.970072
    outer loop
      vertex -10.8317 -1.2 11.6673
      vertex -10.9935 -6.91479 11.6268
      vertex -10.9935 -1.2 11.6268
    endloop
  endfacet
  facet normal 0.242818 0 -0.970072
    outer loop
      vertex -10.9935 6.91479 11.6268
      vertex -10.8317 1.2 11.6673
      vertex -10.9935 1.2 11.6268
    endloop
  endfacet
  facet normal 0.242818 0 -0.970072
    outer loop
      vertex -10.8317 1.2 11.6673
      vertex -10.9935 6.91479 11.6268
      vertex -10.8317 7.18479 11.6673
    endloop
  endfacet
  facet normal 0.427589 -0 0.903973
    outer loop
      vertex -11.3014 -6.40111 8.50073
      vertex -11.1506 -1.2 8.4294
      vertex -11.3014 -1.2 8.50073
    endloop
  endfacet
  facet normal 0.427589 0 0.903973
    outer loop
      vertex -11.1506 -1.2 8.4294
      vertex -11.3014 -6.40111 8.50073
      vertex -11.1506 -6.65273 8.4294
    endloop
  endfacet
  facet normal 0.427589 0 0.903973
    outer loop
      vertex -11.3014 6.40111 8.50073
      vertex -11.1506 1.2 8.4294
      vertex -11.1506 6.65273 8.4294
    endloop
  endfacet
  facet normal 0.427589 0 0.903973
    outer loop
      vertex -11.1506 1.2 8.4294
      vertex -11.3014 6.40111 8.50073
      vertex -11.3014 1.2 8.50073
    endloop
  endfacet
  facet normal -0.903995 0 0.427543
    outer loop
      vertex -9.00073 -7.5 9.19862
      vertex -8.9294 -1.2 9.34944
      vertex -9.00073 -1.2 9.19862
    endloop
  endfacet
  facet normal -0.903995 0 0.427543
    outer loop
      vertex -8.9294 -1.2 9.34944
      vertex -9.00073 -7.5 9.19862
      vertex -8.9294 -7.5 9.34944
    endloop
  endfacet
  facet normal -0.903995 0 0.427543
    outer loop
      vertex -9.00073 1.2 9.19862
      vertex -8.9294 7.5 9.34944
      vertex -9.00073 7.5 9.19862
    endloop
  endfacet
  facet normal -0.903995 0 0.427543
    outer loop
      vertex -8.9294 7.5 9.34944
      vertex -9.00073 1.2 9.19862
      vertex -8.9294 1.2 9.34944
    endloop
  endfacet
  facet normal 0.59485 -0.000698081 -0.803836
    outer loop
      vertex -11.5785 -5.8882 11.3141
      vertex -11.4445 -6.16237 11.4135
      vertex -11.465 -6.12816 11.3983
    endloop
  endfacet
  facet normal 0.595772 0 -0.803154
    outer loop
      vertex -11.4445 -6.16237 11.4135
      vertex -11.5785 -5.8882 11.3141
      vertex -11.4445 -1.2 11.4135
    endloop
  endfacet
  facet normal 0.595772 0 -0.803154
    outer loop
      vertex -11.4445 -1.2 11.4135
      vertex -11.5785 -5.8882 11.3141
      vertex -11.5785 -1.2 11.3141
    endloop
  endfacet
  facet normal 0.595772 0 -0.803154
    outer loop
      vertex -11.5785 5.8882 11.3141
      vertex -11.4445 6.16237 11.4135
      vertex -11.4445 1.2 11.4135
    endloop
  endfacet
  facet normal 0.595772 0 -0.803154
    outer loop
      vertex -11.5785 5.8882 11.3141
      vertex -11.4445 1.2 11.4135
      vertex -11.5785 1.2 11.3141
    endloop
  endfacet
  facet normal 0.59485 0.000698081 -0.803836
    outer loop
      vertex -11.4445 6.16237 11.4135
      vertex -11.5785 5.8882 11.3141
      vertex -11.465 6.12816 11.3983
    endloop
  endfacet
  facet normal 0.0491602 0 -0.998791
    outer loop
      vertex -10.6666 7.41452 11.6918
      vertex -10.5 7.5 11.7
      vertex -10.5 1.2 11.7
    endloop
  endfacet
  facet normal 0.0491602 0 -0.998791
    outer loop
      vertex -10.6666 7.41452 11.6918
      vertex -10.5 1.2 11.7
      vertex -10.6666 1.2 11.6918
    endloop
  endfacet
  facet normal 0.0493584 -0.000387215 -0.998781
    outer loop
      vertex -10.5 7.5 11.7
      vertex -10.6666 7.41452 11.6918
      vertex -10.6032 7.5 11.6949
    endloop
  endfacet
  facet normal 0.0493584 0.000387215 -0.998781
    outer loop
      vertex -10.6666 -7.41452 11.6918
      vertex -10.5 -7.5 11.7
      vertex -10.6032 -7.5 11.6949
    endloop
  endfacet
  facet normal 0.0491602 0 -0.998791
    outer loop
      vertex -10.5 -7.5 11.7
      vertex -10.6666 -7.41452 11.6918
      vertex -10.5 -1.2 11.7
    endloop
  endfacet
  facet normal 0.0491602 0 -0.998791
    outer loop
      vertex -10.5 -1.2 11.7
      vertex -10.6666 -7.41452 11.6918
      vertex -10.6666 -1.2 11.6918
    endloop
  endfacet
  facet normal -0.857715 0 0.514125
    outer loop
      vertex -9.0865 1.2 9.05553
      vertex -9.00073 7.5 9.19862
      vertex -9.0865 7.5 9.05553
    endloop
  endfacet
  facet normal -0.857715 0 0.514125
    outer loop
      vertex -9.00073 7.5 9.19862
      vertex -9.0865 1.2 9.05553
      vertex -9.00073 1.2 9.19862
    endloop
  endfacet
  facet normal -0.857715 0 0.514125
    outer loop
      vertex -9.0865 -7.5 9.05553
      vertex -9.00073 -1.2 9.19862
      vertex -9.0865 -1.2 9.05553
    endloop
  endfacet
  facet normal -0.857715 0 0.514125
    outer loop
      vertex -9.00073 -1.2 9.19862
      vertex -9.0865 -7.5 9.05553
      vertex -9.00073 -7.5 9.19862
    endloop
  endfacet
  facet normal 0.998791 0 -0.0491602
    outer loop
      vertex -12.1918 -1.2 10.1666
      vertex -12.2 -4.44508 10
      vertex -12.2 -1.2 10
    endloop
  endfacet
  facet normal 0.998791 0 -0.0491602
    outer loop
      vertex -12.2 -4.44508 10
      vertex -12.1918 -1.2 10.1666
      vertex -12.1918 -4.46796 10.1666
    endloop
  endfacet
  facet normal 0.998791 0 -0.0491602
    outer loop
      vertex -12.1918 1.2 10.1666
      vertex -12.2 4.44508 10
      vertex -12.1918 4.46796 10.1666
    endloop
  endfacet
  facet normal 0.998791 0 -0.0491602
    outer loop
      vertex -12.2 4.44508 10
      vertex -12.1918 1.2 10.1666
      vertex -12.2 1.2 10
    endloop
  endfacet
  facet normal -0.336906 0 0.941538
    outer loop
      vertex -10.0065 7.5 8.3732
      vertex -9.84944 1.2 8.4294
      vertex -9.84944 7.5 8.4294
    endloop
  endfacet
  facet normal -0.336906 0 0.941538
    outer loop
      vertex -9.84944 1.2 8.4294
      vertex -10.0065 7.5 8.3732
      vertex -10.0065 1.2 8.3732
    endloop
  endfacet
  facet normal -0.336906 0 0.941538
    outer loop
      vertex -10.0065 -1.2 8.3732
      vertex -9.84944 -7.5 8.4294
      vertex -9.84944 -1.2 8.4294
    endloop
  endfacet
  facet normal -0.336906 0 0.941538
    outer loop
      vertex -9.84944 -7.5 8.4294
      vertex -10.0065 -1.2 8.3732
      vertex -10.0065 -7.5 8.3732
    endloop
  endfacet
  facet normal 0.989158 -0 0.146857
    outer loop
      vertex -12.1918 -4.46796 9.83337
      vertex -12.1673 -1.2 9.66835
      vertex -12.1918 -1.2 9.83337
    endloop
  endfacet
  facet normal 0.989158 0 0.146857
    outer loop
      vertex -12.1673 -1.2 9.66835
      vertex -12.1918 -4.46796 9.83337
      vertex -12.1673 -4.53637 9.66835
    endloop
  endfacet
  facet normal 0.989158 0 0.146857
    outer loop
      vertex -12.1673 1.2 9.66835
      vertex -12.1918 4.46796 9.83337
      vertex -12.1918 1.2 9.83337
    endloop
  endfacet
  facet normal 0.989158 0 0.146857
    outer loop
      vertex -12.1918 4.46796 9.83337
      vertex -12.1673 1.2 9.66835
      vertex -12.1673 4.53637 9.66835
    endloop
  endfacet
  facet normal 0.595695 0 0.803211
    outer loop
      vertex -11.5785 -5.8882 8.68588
      vertex -11.4445 -6.16237 8.5865
      vertex -11.4445 -1.2 8.5865
    endloop
  endfacet
  facet normal 0.595695 -0 0.803211
    outer loop
      vertex -11.5785 -5.8882 8.68588
      vertex -11.4445 -1.2 8.5865
      vertex -11.5785 -1.2 8.68588
    endloop
  endfacet
  facet normal 0.596563 0.000658257 0.802566
    outer loop
      vertex -11.4445 -6.16237 8.5865
      vertex -11.5785 -5.8882 8.68588
      vertex -11.465 -6.12816 8.60171
    endloop
  endfacet
  facet normal 0.596563 -0.000658257 0.802566
    outer loop
      vertex -11.5785 5.8882 8.68588
      vertex -11.4445 6.16237 8.5865
      vertex -11.465 6.12816 8.60171
    endloop
  endfacet
  facet normal 0.595695 0 0.803211
    outer loop
      vertex -11.4445 6.16237 8.5865
      vertex -11.5785 5.8882 8.68588
      vertex -11.4445 1.2 8.5865
    endloop
  endfacet
  facet normal 0.595695 0 0.803211
    outer loop
      vertex -11.4445 1.2 8.5865
      vertex -11.5785 5.8882 8.68588
      vertex -11.5785 1.2 8.68588
    endloop
  endfacet
  facet normal 0.857636 -0 0.514258
    outer loop
      vertex -11.9993 -4.9985 9.19862
      vertex -11.9135 -1.2 9.05553
      vertex -11.9993 -1.2 9.19862
    endloop
  endfacet
  facet normal 0.857636 0 0.514258
    outer loop
      vertex -11.9135 -1.2 9.05553
      vertex -11.9993 -4.9985 9.19862
      vertex -11.9135 -5.17984 9.05553
    endloop
  endfacet
  facet normal 0.857636 0 0.514258
    outer loop
      vertex -11.9135 1.2 9.05553
      vertex -11.9993 4.9985 9.19862
      vertex -11.9993 1.2 9.19862
    endloop
  endfacet
  facet normal 0.857636 0 0.514258
    outer loop
      vertex -11.9993 4.9985 9.19862
      vertex -11.9135 1.2 9.05553
      vertex -11.9135 5.17984 9.05553
    endloop
  endfacet
  facet normal 0.803154 0 -0.595772
    outer loop
      vertex -11.8141 -1.2 11.0785
      vertex -11.9135 -5.17984 10.9445
      vertex -11.9135 -1.2 10.9445
    endloop
  endfacet
  facet normal 0.803154 0 -0.595772
    outer loop
      vertex -11.9135 -5.17984 10.9445
      vertex -11.8141 -1.2 11.0785
      vertex -11.8141 -5.38996 11.0785
    endloop
  endfacet
  facet normal 0.803154 0 -0.595772
    outer loop
      vertex -11.8141 1.2 11.0785
      vertex -11.9135 5.17984 10.9445
      vertex -11.8141 5.38996 11.0785
    endloop
  endfacet
  facet normal 0.803154 0 -0.595772
    outer loop
      vertex -11.9135 5.17984 10.9445
      vertex -11.8141 1.2 11.0785
      vertex -11.9135 1.2 10.9445
    endloop
  endfacet
  facet normal 0.904043 0 -0.427442
    outer loop
      vertex -11.9993 -1.2 30.8014
      vertex -12.0706 -4.80674 30.6506
      vertex -12.0706 -1.2 30.6506
    endloop
  endfacet
  facet normal 0.904043 0 -0.427442
    outer loop
      vertex -11.9993 -4.9985 30.8014
      vertex -12.0706 -4.80674 30.6506
      vertex -11.9993 -1.2 30.8014
    endloop
  endfacet
  facet normal 0.908045 0.00829231 -0.41879
    outer loop
      vertex -12.0706 -4.80674 30.6506
      vertex -11.9993 -4.9985 30.8014
      vertex -12.0104 -4.97488 30.7778
    endloop
  endfacet
  facet normal 0.908045 -0.00829231 -0.41879
    outer loop
      vertex -11.9993 4.9985 30.8014
      vertex -12.0706 4.80674 30.6506
      vertex -12.0104 4.97488 30.7778
    endloop
  endfacet
  facet normal 0.904043 0 -0.427442
    outer loop
      vertex -11.9993 1.2 30.8014
      vertex -12.0706 4.80674 30.6506
      vertex -11.9993 4.9985 30.8014
    endloop
  endfacet
  facet normal 0.904043 0 -0.427442
    outer loop
      vertex -12.0706 4.80674 30.6506
      vertex -11.9993 1.2 30.8014
      vertex -12.0706 1.2 30.6506
    endloop
  endfacet
  facet normal 0.595772 0 -0.803154
    outer loop
      vertex -11.5785 5.8882 31.3141
      vertex -11.4445 6.16237 31.4135
      vertex -11.4445 1.2 31.4135
    endloop
  endfacet
  facet normal 0.595772 0 -0.803154
    outer loop
      vertex -11.5785 5.8882 31.3141
      vertex -11.4445 1.2 31.4135
      vertex -11.5785 1.2 31.3141
    endloop
  endfacet
  facet normal 0.59485 0.000698081 -0.803836
    outer loop
      vertex -11.4445 6.16237 31.4135
      vertex -11.5785 5.8882 31.3141
      vertex -11.465 6.12816 31.3983
    endloop
  endfacet
  facet normal 0.59485 -0.000698081 -0.803836
    outer loop
      vertex -11.5785 -5.8882 31.3141
      vertex -11.4445 -6.16237 31.4135
      vertex -11.465 -6.12816 31.3983
    endloop
  endfacet
  facet normal 0.595772 0 -0.803154
    outer loop
      vertex -11.4445 -6.16237 31.4135
      vertex -11.5785 -5.8882 31.3141
      vertex -11.4445 -1.2 31.4135
    endloop
  endfacet
  facet normal 0.595772 0 -0.803154
    outer loop
      vertex -11.4445 -1.2 31.4135
      vertex -11.5785 -5.8882 31.3141
      vertex -11.5785 -1.2 31.3141
    endloop
  endfacet
  facet normal -0.989194 0 -0.146612
    outer loop
      vertex -8.80819 -7.5 30.1666
      vertex -8.83266 -1.2 30.3317
      vertex -8.80819 -1.2 30.1666
    endloop
  endfacet
  facet normal -0.989194 -0 -0.146612
    outer loop
      vertex -8.83266 -1.2 30.3317
      vertex -8.80819 -7.5 30.1666
      vertex -8.83266 -7.5 30.3317
    endloop
  endfacet
  facet normal -0.989194 0 -0.146612
    outer loop
      vertex -8.80819 1.2 30.1666
      vertex -8.83266 7.5 30.3317
      vertex -8.80819 7.5 30.1666
    endloop
  endfacet
  facet normal -0.989194 -0 -0.146612
    outer loop
      vertex -8.83266 7.5 30.3317
      vertex -8.80819 1.2 30.1666
      vertex -8.83266 1.2 30.3317
    endloop
  endfacet
  facet normal -0.998794 0 -0.0491004
    outer loop
      vertex -8.8 -7.5 30
      vertex -8.80819 -1.2 30.1666
      vertex -8.8 -1.2 30
    endloop
  endfacet
  facet normal -0.998794 -0 -0.0491004
    outer loop
      vertex -8.80819 -1.2 30.1666
      vertex -8.8 -7.5 30
      vertex -8.80819 -7.5 30.1666
    endloop
  endfacet
  facet normal -0.998794 0 -0.0491004
    outer loop
      vertex -8.8 1.2 30
      vertex -8.80819 7.5 30.1666
      vertex -8.8 7.5 30
    endloop
  endfacet
  facet normal -0.998794 -0 -0.0491004
    outer loop
      vertex -8.80819 7.5 30.1666
      vertex -8.8 1.2 30
      vertex -8.80819 1.2 30.1666
    endloop
  endfacet
  facet normal -0.970015 0 -0.243043
    outer loop
      vertex -8.83266 -7.5 30.3317
      vertex -8.8732 -1.2 30.4935
      vertex -8.83266 -1.2 30.3317
    endloop
  endfacet
  facet normal -0.970015 -0 -0.243043
    outer loop
      vertex -8.8732 -1.2 30.4935
      vertex -8.83266 -7.5 30.3317
      vertex -8.8732 -7.5 30.4935
    endloop
  endfacet
  facet normal -0.970015 0 -0.243043
    outer loop
      vertex -8.83266 1.2 30.3317
      vertex -8.8732 7.5 30.4935
      vertex -8.83266 7.5 30.3317
    endloop
  endfacet
  facet normal -0.970015 -0 -0.243043
    outer loop
      vertex -8.8732 7.5 30.4935
      vertex -8.83266 1.2 30.3317
      vertex -8.8732 1.2 30.4935
    endloop
  endfacet
  facet normal -0.803211 0 -0.595695
    outer loop
      vertex -9.0865 -7.5 30.9445
      vertex -9.18588 -1.2 31.0785
      vertex -9.0865 -1.2 30.9445
    endloop
  endfacet
  facet normal -0.803211 -0 -0.595695
    outer loop
      vertex -9.18588 -1.2 31.0785
      vertex -9.0865 -7.5 30.9445
      vertex -9.18588 -7.5 31.0785
    endloop
  endfacet
  facet normal -0.803211 0 -0.595695
    outer loop
      vertex -9.0865 1.2 30.9445
      vertex -9.18588 7.5 31.0785
      vertex -9.0865 7.5 30.9445
    endloop
  endfacet
  facet normal -0.803211 -0 -0.595695
    outer loop
      vertex -9.18588 7.5 31.0785
      vertex -9.0865 1.2 30.9445
      vertex -9.18588 1.2 31.0785
    endloop
  endfacet
  facet normal 0.242818 0 -0.970072
    outer loop
      vertex -10.9935 -6.91479 31.6268
      vertex -10.8317 -1.2 31.6673
      vertex -10.8317 -7.18479 31.6673
    endloop
  endfacet
  facet normal 0.242818 0 -0.970072
    outer loop
      vertex -10.8317 -1.2 31.6673
      vertex -10.9935 -6.91479 31.6268
      vertex -10.9935 -1.2 31.6268
    endloop
  endfacet
  facet normal 0.242818 0 -0.970072
    outer loop
      vertex -10.9935 6.91479 31.6268
      vertex -10.8317 1.2 31.6673
      vertex -10.9935 1.2 31.6268
    endloop
  endfacet
  facet normal 0.242818 0 -0.970072
    outer loop
      vertex -10.8317 1.2 31.6673
      vertex -10.9935 6.91479 31.6268
      vertex -10.8317 7.18479 31.6673
    endloop
  endfacet
  facet normal 0.803154 0 -0.595772
    outer loop
      vertex -11.8141 -1.2 31.0785
      vertex -11.9135 -5.17984 30.9445
      vertex -11.9135 -1.2 30.9445
    endloop
  endfacet
  facet normal 0.803154 0 -0.595772
    outer loop
      vertex -11.9135 -5.17984 30.9445
      vertex -11.8141 -1.2 31.0785
      vertex -11.8141 -5.38996 31.0785
    endloop
  endfacet
  facet normal 0.803154 0 -0.595772
    outer loop
      vertex -11.8141 1.2 31.0785
      vertex -11.9135 5.17984 30.9445
      vertex -11.8141 5.38996 31.0785
    endloop
  endfacet
  facet normal 0.803154 0 -0.595772
    outer loop
      vertex -11.9135 5.17984 30.9445
      vertex -11.8141 1.2 31.0785
      vertex -11.9135 1.2 30.9445
    endloop
  endfacet
  facet normal 0.427442 -0 0.904043
    outer loop
      vertex -11.3014 -6.40111 28.5007
      vertex -11.1506 -1.2 28.4294
      vertex -11.3014 -1.2 28.5007
    endloop
  endfacet
  facet normal 0.427442 0 0.904043
    outer loop
      vertex -11.1506 -1.2 28.4294
      vertex -11.3014 -6.40111 28.5007
      vertex -11.1506 -6.65273 28.4294
    endloop
  endfacet
  facet normal 0.427442 0 0.904043
    outer loop
      vertex -11.3014 6.40111 28.5007
      vertex -11.1506 1.2 28.4294
      vertex -11.1506 6.65273 28.4294
    endloop
  endfacet
  facet normal 0.427442 0 0.904043
    outer loop
      vertex -11.1506 1.2 28.4294
      vertex -11.3014 6.40111 28.5007
      vertex -11.3014 1.2 28.5007
    endloop
  endfacet
  facet normal 0.941566 -0 0.33683
    outer loop
      vertex -12.1268 -4.64967 29.5065
      vertex -12.0706 -1.2 29.3494
      vertex -12.1268 -1.2 29.5065
    endloop
  endfacet
  facet normal 0.941566 0 0.33683
    outer loop
      vertex -12.0706 -1.2 29.3494
      vertex -12.1268 -4.64967 29.5065
      vertex -12.0706 -4.80674 29.3494
    endloop
  endfacet
  facet normal 0.941566 0 0.33683
    outer loop
      vertex -12.0706 1.2 29.3494
      vertex -12.1268 4.64967 29.5065
      vertex -12.1268 1.2 29.5065
    endloop
  endfacet
  facet normal 0.941566 0 0.33683
    outer loop
      vertex -12.1268 4.64967 29.5065
      vertex -12.0706 1.2 29.3494
      vertex -12.0706 4.80674 29.3494
    endloop
  endfacet
  facet normal -0.671448 0 0.741051
    outer loop
      vertex -9.42153 7.5 28.6859
      vertex -9.29792 1.2 28.7979
      vertex -9.29792 7.5 28.7979
    endloop
  endfacet
  facet normal -0.671448 0 0.741051
    outer loop
      vertex -9.29792 1.2 28.7979
      vertex -9.42153 7.5 28.6859
      vertex -9.42153 1.2 28.6859
    endloop
  endfacet
  facet normal -0.671448 0 0.741051
    outer loop
      vertex -9.42153 -1.2 28.6859
      vertex -9.29792 -7.5 28.7979
      vertex -9.29792 -1.2 28.7979
    endloop
  endfacet
  facet normal -0.671448 0 0.741051
    outer loop
      vertex -9.29792 -7.5 28.7979
      vertex -9.42153 -1.2 28.6859
      vertex -9.42153 -7.5 28.6859
    endloop
  endfacet
  facet normal 0.427442 0 -0.904043
    outer loop
      vertex -11.3014 -6.40111 31.4993
      vertex -11.1506 -1.2 31.5706
      vertex -11.1506 -6.65273 31.5706
    endloop
  endfacet
  facet normal 0.427442 0 -0.904043
    outer loop
      vertex -11.1506 -1.2 31.5706
      vertex -11.3014 -6.40111 31.4993
      vertex -11.3014 -1.2 31.4993
    endloop
  endfacet
  facet normal 0.427442 0 -0.904043
    outer loop
      vertex -11.3014 6.40111 31.4993
      vertex -11.1506 1.2 31.5706
      vertex -11.3014 1.2 31.4993
    endloop
  endfacet
  facet normal 0.427442 0 -0.904043
    outer loop
      vertex -11.1506 1.2 31.5706
      vertex -11.3014 6.40111 31.4993
      vertex -11.1506 6.65273 31.5706
    endloop
  endfacet
  facet normal -0.803211 0 0.595695
    outer loop
      vertex -9.18588 -7.5 28.9215
      vertex -9.0865 -1.2 29.0555
      vertex -9.18588 -1.2 28.9215
    endloop
  endfacet
  facet normal -0.803211 0 0.595695
    outer loop
      vertex -9.0865 -1.2 29.0555
      vertex -9.18588 -7.5 28.9215
      vertex -9.0865 -7.5 29.0555
    endloop
  endfacet
  facet normal -0.803211 0 0.595695
    outer loop
      vertex -9.18588 1.2 28.9215
      vertex -9.0865 7.5 29.0555
      vertex -9.18588 7.5 28.9215
    endloop
  endfacet
  facet normal -0.803211 0 0.595695
    outer loop
      vertex -9.0865 7.5 29.0555
      vertex -9.18588 1.2 28.9215
      vertex -9.0865 1.2 29.0555
    endloop
  endfacet
  facet normal -0.146788 0 0.989168
    outer loop
      vertex -10.3334 7.5 28.3082
      vertex -10.1683 1.2 28.3327
      vertex -10.1683 7.5 28.3327
    endloop
  endfacet
  facet normal -0.146788 0 0.989168
    outer loop
      vertex -10.1683 1.2 28.3327
      vertex -10.3334 7.5 28.3082
      vertex -10.3334 1.2 28.3082
    endloop
  endfacet
  facet normal -0.146788 0 0.989168
    outer loop
      vertex -10.3334 -1.2 28.3082
      vertex -10.1683 -7.5 28.3327
      vertex -10.1683 -1.2 28.3327
    endloop
  endfacet
  facet normal -0.146788 0 0.989168
    outer loop
      vertex -10.1683 -7.5 28.3327
      vertex -10.3334 -1.2 28.3082
      vertex -10.3334 -7.5 28.3082
    endloop
  endfacet
  facet normal -0.242818 0 0.970072
    outer loop
      vertex -10.1683 7.5 28.3327
      vertex -10.0065 1.2 28.3732
      vertex -10.0065 7.5 28.3732
    endloop
  endfacet
  facet normal -0.242818 0 0.970072
    outer loop
      vertex -10.0065 1.2 28.3732
      vertex -10.1683 7.5 28.3327
      vertex -10.1683 1.2 28.3327
    endloop
  endfacet
  facet normal -0.242818 0 0.970072
    outer loop
      vertex -10.1683 -1.2 28.3327
      vertex -10.0065 -7.5 28.3732
      vertex -10.0065 -1.2 28.3732
    endloop
  endfacet
  facet normal -0.242818 0 0.970072
    outer loop
      vertex -10.0065 -7.5 28.3732
      vertex -10.1683 -1.2 28.3327
      vertex -10.1683 -7.5 28.3327
    endloop
  endfacet
  facet normal -0.941566 0 -0.33683
    outer loop
      vertex -8.8732 -7.5 30.4935
      vertex -8.9294 -1.2 30.6506
      vertex -8.8732 -1.2 30.4935
    endloop
  endfacet
  facet normal -0.941566 -0 -0.33683
    outer loop
      vertex -8.9294 -1.2 30.6506
      vertex -8.8732 -7.5 30.4935
      vertex -8.9294 -7.5 30.6506
    endloop
  endfacet
  facet normal -0.941566 0 -0.33683
    outer loop
      vertex -8.8732 1.2 30.4935
      vertex -8.9294 7.5 30.6506
      vertex -8.8732 7.5 30.4935
    endloop
  endfacet
  facet normal -0.941566 -0 -0.33683
    outer loop
      vertex -8.9294 7.5 30.6506
      vertex -8.8732 1.2 30.4935
      vertex -8.9294 1.2 30.6506
    endloop
  endfacet
  facet normal 0.514231 -0 0.857652
    outer loop
      vertex -11.4445 -6.16237 28.5865
      vertex -11.3014 -1.2 28.5007
      vertex -11.4445 -1.2 28.5865
    endloop
  endfacet
  facet normal 0.514231 0 0.857652
    outer loop
      vertex -11.3014 -1.2 28.5007
      vertex -11.4445 -6.16237 28.5865
      vertex -11.3014 -6.40111 28.5007
    endloop
  endfacet
  facet normal 0.514231 0 0.857652
    outer loop
      vertex -11.4445 6.16237 28.5865
      vertex -11.3014 1.2 28.5007
      vertex -11.3014 6.40111 28.5007
    endloop
  endfacet
  facet normal 0.514231 0 0.857652
    outer loop
      vertex -11.3014 1.2 28.5007
      vertex -11.4445 6.16237 28.5865
      vertex -11.4445 1.2 28.5865
    endloop
  endfacet
  facet normal 0.970072 0 -0.242818
    outer loop
      vertex -12.1268 -1.2 30.4935
      vertex -12.1673 -4.53637 30.3317
      vertex -12.1673 -1.2 30.3317
    endloop
  endfacet
  facet normal 0.970072 0 -0.242818
    outer loop
      vertex -12.1673 -4.53637 30.3317
      vertex -12.1268 -1.2 30.4935
      vertex -12.1268 -4.64967 30.4935
    endloop
  endfacet
  facet normal 0.970072 0 -0.242818
    outer loop
      vertex -12.1268 1.2 30.4935
      vertex -12.1673 4.53637 30.3317
      vertex -12.1268 4.64967 30.4935
    endloop
  endfacet
  facet normal 0.970072 0 -0.242818
    outer loop
      vertex -12.1673 4.53637 30.3317
      vertex -12.1268 1.2 30.4935
      vertex -12.1673 1.2 30.3317
    endloop
  endfacet
  facet normal -0.595772 0 -0.803154
    outer loop
      vertex -9.55553 -7.5 31.4135
      vertex -9.42153 -1.2 31.3141
      vertex -9.42153 -7.5 31.3141
    endloop
  endfacet
  facet normal -0.595772 0 -0.803154
    outer loop
      vertex -9.42153 -1.2 31.3141
      vertex -9.55553 -7.5 31.4135
      vertex -9.55553 -1.2 31.4135
    endloop
  endfacet
  facet normal -0.595772 0 -0.803154
    outer loop
      vertex -9.55553 1.2 31.4135
      vertex -9.42153 7.5 31.3141
      vertex -9.42153 1.2 31.3141
    endloop
  endfacet
  facet normal -0.595772 0 -0.803154
    outer loop
      vertex -9.42153 7.5 31.3141
      vertex -9.55553 1.2 31.4135
      vertex -9.55553 7.5 31.4135
    endloop
  endfacet
  facet normal 0.941566 0 -0.33683
    outer loop
      vertex -12.0706 -1.2 30.6506
      vertex -12.1268 -4.64967 30.4935
      vertex -12.1268 -1.2 30.4935
    endloop
  endfacet
  facet normal 0.941566 0 -0.33683
    outer loop
      vertex -12.1268 -4.64967 30.4935
      vertex -12.0706 -1.2 30.6506
      vertex -12.0706 -4.80674 30.6506
    endloop
  endfacet
  facet normal 0.941566 0 -0.33683
    outer loop
      vertex -12.0706 1.2 30.6506
      vertex -12.1268 4.64967 30.4935
      vertex -12.0706 4.80674 30.6506
    endloop
  endfacet
  facet normal 0.941566 0 -0.33683
    outer loop
      vertex -12.1268 4.64967 30.4935
      vertex -12.0706 1.2 30.6506
      vertex -12.1268 1.2 30.4935
    endloop
  endfacet
  facet normal 0 1 0
    outer loop
      vertex -10.3334 -7.5 31.6918
      vertex -10.6032 -7.5 31.6949
      vertex -10.5 -7.5 31.7
    endloop
  endfacet
  facet normal 0 1 0
    outer loop
      vertex -10.1683 -7.5 31.6673
      vertex -10.6032 -7.5 31.6949
      vertex -10.3334 -7.5 31.6918
    endloop
  endfacet
  facet normal 0 1 0
    outer loop
      vertex -10.0065 -7.5 31.6268
      vertex -10.6032 -7.5 31.6949
      vertex -10.1683 -7.5 31.6673
    endloop
  endfacet
  facet normal 0 1 0
    outer loop
      vertex -9.84944 -7.5 31.5706
      vertex -10.6032 -7.5 31.6949
      vertex -10.0065 -7.5 31.6268
    endloop
  endfacet
  facet normal 0 1 0
    outer loop
      vertex -9.69862 -7.5 31.4993
      vertex -10.6032 -7.5 31.6949
      vertex -9.84944 -7.5 31.5706
    endloop
  endfacet
  facet normal 0 1 0
    outer loop
      vertex -9.55553 -7.5 31.4135
      vertex -10.6032 -7.5 31.6949
      vertex -9.69862 -7.5 31.4993
    endloop
  endfacet
  facet normal 0 1 0
    outer loop
      vertex -9.42153 -7.5 31.3141
      vertex -10.6032 -7.5 31.6949
      vertex -9.55553 -7.5 31.4135
    endloop
  endfacet
  facet normal 0 1 0
    outer loop
      vertex -9.29792 -7.5 31.2021
      vertex -10.6032 -7.5 31.6949
      vertex -9.42153 -7.5 31.3141
    endloop
  endfacet
  facet normal 0 1 0
    outer loop
      vertex -9.18588 -7.5 31.0785
      vertex -10.6032 -7.5 31.6949
      vertex -9.29792 -7.5 31.2021
    endloop
  endfacet
  facet normal 0 1 0
    outer loop
      vertex -9.0865 -7.5 30.9445
      vertex -10.6032 -7.5 31.6949
      vertex -9.18588 -7.5 31.0785
    endloop
  endfacet
  facet normal 0 1 0
    outer loop
      vertex -9.00073 -7.5 30.8014
      vertex -10.6032 -7.5 31.6949
      vertex -9.0865 -7.5 30.9445
    endloop
  endfacet
  facet normal 0 1 0
    outer loop
      vertex -8.9294 -7.5 30.6506
      vertex -10.6032 -7.5 31.6949
      vertex -9.00073 -7.5 30.8014
    endloop
  endfacet
  facet normal 0 1 0
    outer loop
      vertex -8.8732 -7.5 30.4935
      vertex -10.6032 -7.5 31.6949
      vertex -8.9294 -7.5 30.6506
    endloop
  endfacet
  facet normal 0 1 0
    outer loop
      vertex -8.83266 -7.5 30.3317
      vertex -10.6032 -7.5 31.6949
      vertex -8.8732 -7.5 30.4935
    endloop
  endfacet
  facet normal 0 1 0
    outer loop
      vertex -8.80819 -7.5 30.1666
      vertex -10.6032 -7.5 31.6949
      vertex -8.83266 -7.5 30.3317
    endloop
  endfacet
  facet normal 0 1 0
    outer loop
      vertex -8.8 -7.5 30
      vertex -10.6032 -7.5 31.6949
      vertex -8.80819 -7.5 30.1666
    endloop
  endfacet
  facet normal 0 1 -0
    outer loop
      vertex -8.80819 -7.5 29.8334
      vertex -10.6032 -7.5 31.6949
      vertex -8.8 -7.5 30
    endloop
  endfacet
  facet normal 0 1 -0
    outer loop
      vertex -8.83266 -7.5 29.6683
      vertex -10.6032 -7.5 31.6949
      vertex -8.80819 -7.5 29.8334
    endloop
  endfacet
  facet normal 0 1 -0
    outer loop
      vertex -8.8732 -7.5 29.5065
      vertex -10.6032 -7.5 31.6949
      vertex -8.83266 -7.5 29.6683
    endloop
  endfacet
  facet normal 0 1 -0
    outer loop
      vertex -8.9294 -7.5 29.3494
      vertex -10.6032 -7.5 31.6949
      vertex -8.8732 -7.5 29.5065
    endloop
  endfacet
  facet normal 0 1 -0
    outer loop
      vertex -9.00073 -7.5 29.1986
      vertex -10.6032 -7.5 31.6949
      vertex -8.9294 -7.5 29.3494
    endloop
  endfacet
  facet normal 0 1 -0
    outer loop
      vertex -9.0865 -7.5 29.0555
      vertex -10.6032 -7.5 31.6949
      vertex -9.00073 -7.5 29.1986
    endloop
  endfacet
  facet normal 0 1 -0
    outer loop
      vertex -9.18588 -7.5 28.9215
      vertex -10.6032 -7.5 31.6949
      vertex -9.0865 -7.5 29.0555
    endloop
  endfacet
  facet normal 0 1 -0
    outer loop
      vertex -9.29792 -7.5 28.7979
      vertex -10.6032 -7.5 31.6949
      vertex -9.18588 -7.5 28.9215
    endloop
  endfacet
  facet normal 0 1 -0
    outer loop
      vertex -9.42153 -7.5 28.6859
      vertex -10.6032 -7.5 31.6949
      vertex -9.29792 -7.5 28.7979
    endloop
  endfacet
  facet normal 0 1 -0
    outer loop
      vertex -9.55553 -7.5 28.5865
      vertex -10.6032 -7.5 31.6949
      vertex -9.42153 -7.5 28.6859
    endloop
  endfacet
  facet normal 0 1 -0
    outer loop
      vertex -9.69862 -7.5 28.5007
      vertex -10.6032 -7.5 31.6949
      vertex -9.55553 -7.5 28.5865
    endloop
  endfacet
  facet normal 0 1 -0
    outer loop
      vertex -9.84944 -7.5 28.4294
      vertex -10.6032 -7.5 31.6949
      vertex -9.69862 -7.5 28.5007
    endloop
  endfacet
  facet normal 0 1 -0
    outer loop
      vertex -10.0065 -7.5 28.3732
      vertex -10.6032 -7.5 31.6949
      vertex -9.84944 -7.5 28.4294
    endloop
  endfacet
  facet normal 0 1 -0
    outer loop
      vertex -10.1683 -7.5 28.3327
      vertex -10.6032 -7.5 31.6949
      vertex -10.0065 -7.5 28.3732
    endloop
  endfacet
  facet normal 0 1 -0
    outer loop
      vertex -10.3334 -7.5 28.3082
      vertex -10.6032 -7.5 31.6949
      vertex -10.1683 -7.5 28.3327
    endloop
  endfacet
  facet normal 0 1 0
    outer loop
      vertex -10.3334 -7.5 28.3082
      vertex -10.6032 -7.5 28.3051
      vertex -10.6032 -7.5 31.6949
    endloop
  endfacet
  facet normal -0 1 0
    outer loop
      vertex -10.6032 -7.5 28.3051
      vertex -10.3334 -7.5 28.3082
      vertex -10.5 -7.5 28.3
    endloop
  endfacet
  facet normal 0.33683 -0 0.941566
    outer loop
      vertex -11.1506 -6.65273 28.4294
      vertex -10.9935 -1.2 28.3732
      vertex -11.1506 -1.2 28.4294
    endloop
  endfacet
  facet normal 0.33683 0 0.941566
    outer loop
      vertex -10.9935 -1.2 28.3732
      vertex -11.1506 -6.65273 28.4294
      vertex -10.9935 -6.91479 28.3732
    endloop
  endfacet
  facet normal 0.33683 0 0.941566
    outer loop
      vertex -11.1506 6.65273 28.4294
      vertex -10.9935 1.2 28.3732
      vertex -10.9935 6.91479 28.3732
    endloop
  endfacet
  facet normal 0.33683 0 0.941566
    outer loop
      vertex -10.9935 1.2 28.3732
      vertex -11.1506 6.65273 28.4294
      vertex -11.1506 1.2 28.4294
    endloop
  endfacet
  facet normal -0.427396 0 -0.904065
    outer loop
      vertex -9.84944 -7.5 31.5706
      vertex -9.69862 -1.2 31.4993
      vertex -9.69862 -7.5 31.4993
    endloop
  endfacet
  facet normal -0.427396 0 -0.904065
    outer loop
      vertex -9.69862 -1.2 31.4993
      vertex -9.84944 -7.5 31.5706
      vertex -9.84944 -1.2 31.5706
    endloop
  endfacet
  facet normal -0.427396 0 -0.904065
    outer loop
      vertex -9.84944 1.2 31.5706
      vertex -9.69862 7.5 31.4993
      vertex -9.69862 1.2 31.4993
    endloop
  endfacet
  facet normal -0.427396 0 -0.904065
    outer loop
      vertex -9.69862 7.5 31.4993
      vertex -9.84944 1.2 31.5706
      vertex -9.84944 7.5 31.5706
    endloop
  endfacet
  facet normal -0.998794 0 0.0491004
    outer loop
      vertex -8.80819 -7.5 29.8334
      vertex -8.8 -1.2 30
      vertex -8.80819 -1.2 29.8334
    endloop
  endfacet
  facet normal -0.998794 0 0.0491004
    outer loop
      vertex -8.8 -1.2 30
      vertex -8.80819 -7.5 29.8334
      vertex -8.8 -7.5 30
    endloop
  endfacet
  facet normal -0.998794 0 0.0491004
    outer loop
      vertex -8.80819 1.2 29.8334
      vertex -8.8 7.5 30
      vertex -8.80819 7.5 29.8334
    endloop
  endfacet
  facet normal -0.998794 0 0.0491004
    outer loop
      vertex -8.8 7.5 30
      vertex -8.80819 1.2 29.8334
      vertex -8.8 1.2 30
    endloop
  endfacet
  facet normal -0.514258 0 0.857636
    outer loop
      vertex -9.69862 -1.2 28.5007
      vertex -9.55553 -7.5 28.5865
      vertex -9.55553 -1.2 28.5865
    endloop
  endfacet
  facet normal -0.514258 0 0.857636
    outer loop
      vertex -9.55553 -7.5 28.5865
      vertex -9.69862 -1.2 28.5007
      vertex -9.69862 -7.5 28.5007
    endloop
  endfacet
  facet normal -0.514258 0 0.857636
    outer loop
      vertex -9.69862 7.5 28.5007
      vertex -9.55553 1.2 28.5865
      vertex -9.55553 7.5 28.5865
    endloop
  endfacet
  facet normal -0.514258 0 0.857636
    outer loop
      vertex -9.55553 1.2 28.5865
      vertex -9.69862 7.5 28.5007
      vertex -9.69862 1.2 28.5007
    endloop
  endfacet
  facet normal -0.336906 0 -0.941538
    outer loop
      vertex -10.0065 -7.5 31.6268
      vertex -9.84944 -1.2 31.5706
      vertex -9.84944 -7.5 31.5706
    endloop
  endfacet
  facet normal -0.336906 0 -0.941538
    outer loop
      vertex -9.84944 -1.2 31.5706
      vertex -10.0065 -7.5 31.6268
      vertex -10.0065 -1.2 31.6268
    endloop
  endfacet
  facet normal -0.336906 0 -0.941538
    outer loop
      vertex -10.0065 1.2 31.6268
      vertex -9.84944 7.5 31.5706
      vertex -9.84944 1.2 31.5706
    endloop
  endfacet
  facet normal -0.336906 0 -0.941538
    outer loop
      vertex -9.84944 7.5 31.5706
      vertex -10.0065 1.2 31.6268
      vertex -10.0065 7.5 31.6268
    endloop
  endfacet
  facet normal -0.514258 0 -0.857636
    outer loop
      vertex -9.69862 -7.5 31.4993
      vertex -9.55553 -1.2 31.4135
      vertex -9.55553 -7.5 31.4135
    endloop
  endfacet
  facet normal -0.514258 0 -0.857636
    outer loop
      vertex -9.55553 -1.2 31.4135
      vertex -9.69862 -7.5 31.4993
      vertex -9.69862 -1.2 31.4993
    endloop
  endfacet
  facet normal -0.514258 0 -0.857636
    outer loop
      vertex -9.69862 1.2 31.4993
      vertex -9.55553 7.5 31.4135
      vertex -9.55553 1.2 31.4135
    endloop
  endfacet
  facet normal -0.514258 0 -0.857636
    outer loop
      vertex -9.55553 7.5 31.4135
      vertex -9.69862 1.2 31.4993
      vertex -9.69862 7.5 31.4993
    endloop
  endfacet
  facet normal 0.904043 -0 0.427442
    outer loop
      vertex -12.0706 -4.80674 29.3494
      vertex -11.9993 -1.2 29.1986
      vertex -12.0706 -1.2 29.3494
    endloop
  endfacet
  facet normal 0.908045 0.00829231 0.41879
    outer loop
      vertex -11.9993 -4.9985 29.1986
      vertex -12.0706 -4.80674 29.3494
      vertex -12.0104 -4.97488 29.2222
    endloop
  endfacet
  facet normal 0.904043 0 0.427442
    outer loop
      vertex -12.0706 -4.80674 29.3494
      vertex -11.9993 -4.9985 29.1986
      vertex -11.9993 -1.2 29.1986
    endloop
  endfacet
  facet normal 0.908045 -0.00829231 0.41879
    outer loop
      vertex -12.0706 4.80674 29.3494
      vertex -11.9993 4.9985 29.1986
      vertex -12.0104 4.97488 29.2222
    endloop
  endfacet
  facet normal 0.904043 0 0.427442
    outer loop
      vertex -11.9993 1.2 29.1986
      vertex -12.0706 4.80674 29.3494
      vertex -12.0706 1.2 29.3494
    endloop
  endfacet
  facet normal 0.904043 0 0.427442
    outer loop
      vertex -12.0706 4.80674 29.3494
      vertex -11.9993 1.2 29.1986
      vertex -11.9993 4.9985 29.1986
    endloop
  endfacet
  facet normal -0.903973 0 -0.427589
    outer loop
      vertex -8.9294 -7.5 30.6506
      vertex -9.00073 -1.2 30.8014
      vertex -8.9294 -1.2 30.6506
    endloop
  endfacet
  facet normal -0.903973 -0 -0.427589
    outer loop
      vertex -9.00073 -1.2 30.8014
      vertex -8.9294 -7.5 30.6506
      vertex -9.00073 -7.5 30.8014
    endloop
  endfacet
  facet normal -0.903973 0 -0.427589
    outer loop
      vertex -8.9294 1.2 30.6506
      vertex -9.00073 7.5 30.8014
      vertex -8.9294 7.5 30.6506
    endloop
  endfacet
  facet normal -0.903973 -0 -0.427589
    outer loop
      vertex -9.00073 7.5 30.8014
      vertex -8.9294 1.2 30.6506
      vertex -9.00073 1.2 30.8014
    endloop
  endfacet
  facet normal 0.970072 -0 0.242818
    outer loop
      vertex -12.1673 -4.53637 29.6683
      vertex -12.1268 -1.2 29.5065
      vertex -12.1673 -1.2 29.6683
    endloop
  endfacet
  facet normal 0.970072 0 0.242818
    outer loop
      vertex -12.1268 -1.2 29.5065
      vertex -12.1673 -4.53637 29.6683
      vertex -12.1268 -4.64967 29.5065
    endloop
  endfacet
  facet normal 0.970072 0 0.242818
    outer loop
      vertex -12.1268 1.2 29.5065
      vertex -12.1673 4.53637 29.6683
      vertex -12.1673 1.2 29.6683
    endloop
  endfacet
  facet normal 0.970072 0 0.242818
    outer loop
      vertex -12.1673 4.53637 29.6683
      vertex -12.1268 1.2 29.5065
      vertex -12.1268 4.64967 29.5065
    endloop
  endfacet
  facet normal 0.671478 -0 0.741024
    outer loop
      vertex -11.7021 -5.62684 28.7979
      vertex -11.5785 -1.2 28.6859
      vertex -11.7021 -1.2 28.7979
    endloop
  endfacet
  facet normal 0.671478 0 0.741024
    outer loop
      vertex -11.5785 -1.2 28.6859
      vertex -11.7021 -5.62684 28.7979
      vertex -11.5785 -5.8882 28.6859
    endloop
  endfacet
  facet normal 0.671478 0 0.741024
    outer loop
      vertex -11.7021 5.62684 28.7979
      vertex -11.5785 1.2 28.6859
      vertex -11.5785 5.8882 28.6859
    endloop
  endfacet
  facet normal 0.671478 0 0.741024
    outer loop
      vertex -11.5785 1.2 28.6859
      vertex -11.7021 5.62684 28.7979
      vertex -11.7021 1.2 28.7979
    endloop
  endfacet
  facet normal 0.146788 0 0.989168
    outer loop
      vertex -10.8317 -7.18479 28.3327
      vertex -10.6666 -7.41452 28.3082
      vertex -10.6666 -1.2 28.3082
    endloop
  endfacet
  facet normal 0.146788 -0 0.989168
    outer loop
      vertex -10.8317 -7.18479 28.3327
      vertex -10.6666 -1.2 28.3082
      vertex -10.8317 -1.2 28.3327
    endloop
  endfacet
  facet normal 0.136666 -0.00742579 0.990589
    outer loop
      vertex -10.6666 -7.41452 28.3082
      vertex -10.8317 -7.18479 28.3327
      vertex -10.8091 -7.22241 28.3293
    endloop
  endfacet
  facet normal 0.136666 0.00742579 0.990589
    outer loop
      vertex -10.8317 7.18479 28.3327
      vertex -10.6666 7.41452 28.3082
      vertex -10.8091 7.22241 28.3293
    endloop
  endfacet
  facet normal 0.146788 0 0.989168
    outer loop
      vertex -10.6666 7.41452 28.3082
      vertex -10.8317 7.18479 28.3327
      vertex -10.6666 1.2 28.3082
    endloop
  endfacet
  facet normal 0.146788 0 0.989168
    outer loop
      vertex -10.6666 1.2 28.3082
      vertex -10.8317 7.18479 28.3327
      vertex -10.8317 1.2 28.3327
    endloop
  endfacet
  facet normal 0 -1 0
    outer loop
      vertex -10.6032 7.5 31.6949
      vertex -10.3334 7.5 31.6918
      vertex -10.5 7.5 31.7
    endloop
  endfacet
  facet normal 0 -1 0
    outer loop
      vertex -10.6032 7.5 31.6949
      vertex -10.1683 7.5 31.6673
      vertex -10.3334 7.5 31.6918
    endloop
  endfacet
  facet normal 0 -1 0
    outer loop
      vertex -10.6032 7.5 31.6949
      vertex -10.0065 7.5 31.6268
      vertex -10.1683 7.5 31.6673
    endloop
  endfacet
  facet normal 0 -1 0
    outer loop
      vertex -10.6032 7.5 31.6949
      vertex -9.84944 7.5 31.5706
      vertex -10.0065 7.5 31.6268
    endloop
  endfacet
  facet normal 0 -1 0
    outer loop
      vertex -10.6032 7.5 31.6949
      vertex -9.69862 7.5 31.4993
      vertex -9.84944 7.5 31.5706
    endloop
  endfacet
  facet normal 0 -1 0
    outer loop
      vertex -10.6032 7.5 31.6949
      vertex -9.55553 7.5 31.4135
      vertex -9.69862 7.5 31.4993
    endloop
  endfacet
  facet normal 0 -1 0
    outer loop
      vertex -10.6032 7.5 31.6949
      vertex -9.42153 7.5 31.3141
      vertex -9.55553 7.5 31.4135
    endloop
  endfacet
  facet normal 0 -1 0
    outer loop
      vertex -10.6032 7.5 31.6949
      vertex -9.29792 7.5 31.2021
      vertex -9.42153 7.5 31.3141
    endloop
  endfacet
  facet normal 0 -1 0
    outer loop
      vertex -10.6032 7.5 31.6949
      vertex -9.18588 7.5 31.0785
      vertex -9.29792 7.5 31.2021
    endloop
  endfacet
  facet normal 0 -1 0
    outer loop
      vertex -10.6032 7.5 31.6949
      vertex -9.0865 7.5 30.9445
      vertex -9.18588 7.5 31.0785
    endloop
  endfacet
  facet normal 0 -1 0
    outer loop
      vertex -10.6032 7.5 31.6949
      vertex -9.00073 7.5 30.8014
      vertex -9.0865 7.5 30.9445
    endloop
  endfacet
  facet normal 0 -1 0
    outer loop
      vertex -10.6032 7.5 31.6949
      vertex -8.9294 7.5 30.6506
      vertex -9.00073 7.5 30.8014
    endloop
  endfacet
  facet normal 0 -1 0
    outer loop
      vertex -10.6032 7.5 31.6949
      vertex -8.8732 7.5 30.4935
      vertex -8.9294 7.5 30.6506
    endloop
  endfacet
  facet normal 0 -1 0
    outer loop
      vertex -10.6032 7.5 31.6949
      vertex -8.83266 7.5 30.3317
      vertex -8.8732 7.5 30.4935
    endloop
  endfacet
  facet normal 0 -1 0
    outer loop
      vertex -10.6032 7.5 31.6949
      vertex -8.80819 7.5 30.1666
      vertex -8.83266 7.5 30.3317
    endloop
  endfacet
  facet normal 0 -1 0
    outer loop
      vertex -10.6032 7.5 31.6949
      vertex -8.8 7.5 30
      vertex -8.80819 7.5 30.1666
    endloop
  endfacet
  facet normal 0 -1 0
    outer loop
      vertex -10.6032 7.5 31.6949
      vertex -8.80819 7.5 29.8334
      vertex -8.8 7.5 30
    endloop
  endfacet
  facet normal 0 -1 0
    outer loop
      vertex -10.6032 7.5 31.6949
      vertex -8.83266 7.5 29.6683
      vertex -8.80819 7.5 29.8334
    endloop
  endfacet
  facet normal 0 -1 0
    outer loop
      vertex -10.6032 7.5 31.6949
      vertex -8.8732 7.5 29.5065
      vertex -8.83266 7.5 29.6683
    endloop
  endfacet
  facet normal 0 -1 0
    outer loop
      vertex -10.6032 7.5 31.6949
      vertex -8.9294 7.5 29.3494
      vertex -8.8732 7.5 29.5065
    endloop
  endfacet
  facet normal 0 -1 0
    outer loop
      vertex -10.6032 7.5 31.6949
      vertex -9.00073 7.5 29.1986
      vertex -8.9294 7.5 29.3494
    endloop
  endfacet
  facet normal 0 -1 0
    outer loop
      vertex -10.6032 7.5 31.6949
      vertex -9.0865 7.5 29.0555
      vertex -9.00073 7.5 29.1986
    endloop
  endfacet
  facet normal 0 -1 0
    outer loop
      vertex -10.6032 7.5 31.6949
      vertex -9.18588 7.5 28.9215
      vertex -9.0865 7.5 29.0555
    endloop
  endfacet
  facet normal 0 -1 0
    outer loop
      vertex -10.6032 7.5 31.6949
      vertex -9.29792 7.5 28.7979
      vertex -9.18588 7.5 28.9215
    endloop
  endfacet
  facet normal 0 -1 0
    outer loop
      vertex -10.6032 7.5 31.6949
      vertex -9.42153 7.5 28.6859
      vertex -9.29792 7.5 28.7979
    endloop
  endfacet
  facet normal 0 -1 0
    outer loop
      vertex -10.6032 7.5 31.6949
      vertex -9.55553 7.5 28.5865
      vertex -9.42153 7.5 28.6859
    endloop
  endfacet
  facet normal 0 -1 0
    outer loop
      vertex -10.6032 7.5 31.6949
      vertex -9.69862 7.5 28.5007
      vertex -9.55553 7.5 28.5865
    endloop
  endfacet
  facet normal 0 -1 0
    outer loop
      vertex -10.6032 7.5 31.6949
      vertex -9.84944 7.5 28.4294
      vertex -9.69862 7.5 28.5007
    endloop
  endfacet
  facet normal 0 -1 0
    outer loop
      vertex -10.6032 7.5 31.6949
      vertex -10.0065 7.5 28.3732
      vertex -9.84944 7.5 28.4294
    endloop
  endfacet
  facet normal 0 -1 0
    outer loop
      vertex -10.6032 7.5 31.6949
      vertex -10.1683 7.5 28.3327
      vertex -10.0065 7.5 28.3732
    endloop
  endfacet
  facet normal 0 -1 0
    outer loop
      vertex -10.6032 7.5 31.6949
      vertex -10.3334 7.5 28.3082
      vertex -10.1683 7.5 28.3327
    endloop
  endfacet
  facet normal 0 -1 0
    outer loop
      vertex -10.6032 7.5 28.3051
      vertex -10.3334 7.5 28.3082
      vertex -10.6032 7.5 31.6949
    endloop
  endfacet
  facet normal 0 -1 0
    outer loop
      vertex -10.3334 7.5 28.3082
      vertex -10.6032 7.5 28.3051
      vertex -10.5 7.5 28.3
    endloop
  endfacet
  facet normal -0.740905 0 0.67161
    outer loop
      vertex -9.29792 1.2 28.7979
      vertex -9.18588 7.5 28.9215
      vertex -9.29792 7.5 28.7979
    endloop
  endfacet
  facet normal -0.740905 0 0.67161
    outer loop
      vertex -9.18588 7.5 28.9215
      vertex -9.29792 1.2 28.7979
      vertex -9.18588 1.2 28.9215
    endloop
  endfacet
  facet normal -0.740905 0 0.67161
    outer loop
      vertex -9.29792 -7.5 28.7979
      vertex -9.18588 -1.2 28.9215
      vertex -9.29792 -1.2 28.7979
    endloop
  endfacet
  facet normal -0.740905 0 0.67161
    outer loop
      vertex -9.18588 -1.2 28.9215
      vertex -9.29792 -7.5 28.7979
      vertex -9.18588 -7.5 28.9215
    endloop
  endfacet
  facet normal 0.514231 0 -0.857652
    outer loop
      vertex -11.4445 -6.16237 31.4135
      vertex -11.3014 -1.2 31.4993
      vertex -11.3014 -6.40111 31.4993
    endloop
  endfacet
  facet normal 0.514231 0 -0.857652
    outer loop
      vertex -11.3014 -1.2 31.4993
      vertex -11.4445 -6.16237 31.4135
      vertex -11.4445 -1.2 31.4135
    endloop
  endfacet
  facet normal 0.514231 0 -0.857652
    outer loop
      vertex -11.4445 6.16237 31.4135
      vertex -11.3014 1.2 31.4993
      vertex -11.4445 1.2 31.4135
    endloop
  endfacet
  facet normal 0.514231 0 -0.857652
    outer loop
      vertex -11.3014 1.2 31.4993
      vertex -11.4445 6.16237 31.4135
      vertex -11.3014 6.40111 31.4993
    endloop
  endfacet
  facet normal -0.0491602 0 -0.998791
    outer loop
      vertex -10.5 -7.5 31.7
      vertex -10.3334 -1.2 31.6918
      vertex -10.3334 -7.5 31.6918
    endloop
  endfacet
  facet normal -0.0491602 0 -0.998791
    outer loop
      vertex -10.3334 -1.2 31.6918
      vertex -10.5 -7.5 31.7
      vertex -10.5 -1.2 31.7
    endloop
  endfacet
  facet normal -0.0491602 0 -0.998791
    outer loop
      vertex -10.5 1.2 31.7
      vertex -10.3334 7.5 31.6918
      vertex -10.3334 1.2 31.6918
    endloop
  endfacet
  facet normal -0.0491602 0 -0.998791
    outer loop
      vertex -10.3334 7.5 31.6918
      vertex -10.5 1.2 31.7
      vertex -10.5 7.5 31.7
    endloop
  endfacet
  facet normal 0.671478 0 -0.741024
    outer loop
      vertex -11.7021 -5.62684 31.2021
      vertex -11.5785 -1.2 31.3141
      vertex -11.5785 -5.8882 31.3141
    endloop
  endfacet
  facet normal 0.671478 0 -0.741024
    outer loop
      vertex -11.5785 -1.2 31.3141
      vertex -11.7021 -5.62684 31.2021
      vertex -11.7021 -1.2 31.2021
    endloop
  endfacet
  facet normal 0.671478 0 -0.741024
    outer loop
      vertex -11.7021 5.62684 31.2021
      vertex -11.5785 1.2 31.3141
      vertex -11.7021 1.2 31.2021
    endloop
  endfacet
  facet normal 0.671478 0 -0.741024
    outer loop
      vertex -11.5785 1.2 31.3141
      vertex -11.7021 5.62684 31.2021
      vertex -11.5785 5.8882 31.3141
    endloop
  endfacet
  facet normal 0.857652 -0 0.514231
    outer loop
      vertex -11.9993 -4.9985 29.1986
      vertex -11.9135 -1.2 29.0555
      vertex -11.9993 -1.2 29.1986
    endloop
  endfacet
  facet normal 0.857652 0 0.514231
    outer loop
      vertex -11.9135 -1.2 29.0555
      vertex -11.9993 -4.9985 29.1986
      vertex -11.9135 -5.17984 29.0555
    endloop
  endfacet
  facet normal 0.857652 0 0.514231
    outer loop
      vertex -11.9135 1.2 29.0555
      vertex -11.9993 4.9985 29.1986
      vertex -11.9993 1.2 29.1986
    endloop
  endfacet
  facet normal 0.857652 0 0.514231
    outer loop
      vertex -11.9993 4.9985 29.1986
      vertex -11.9135 1.2 29.0555
      vertex -11.9135 5.17984 29.0555
    endloop
  endfacet
  facet normal -0.857731 0 0.514099
    outer loop
      vertex -9.0865 -7.5 29.0555
      vertex -9.00073 -1.2 29.1986
      vertex -9.0865 -1.2 29.0555
    endloop
  endfacet
  facet normal -0.857731 0 0.514099
    outer loop
      vertex -9.00073 -1.2 29.1986
      vertex -9.0865 -7.5 29.0555
      vertex -9.00073 -7.5 29.1986
    endloop
  endfacet
  facet normal -0.857731 0 0.514099
    outer loop
      vertex -9.0865 1.2 29.0555
      vertex -9.00073 7.5 29.1986
      vertex -9.0865 7.5 29.0555
    endloop
  endfacet
  facet normal -0.857731 0 0.514099
    outer loop
      vertex -9.00073 7.5 29.1986
      vertex -9.0865 1.2 29.0555
      vertex -9.00073 1.2 29.1986
    endloop
  endfacet
  facet normal 0.989168 0 -0.146788
    outer loop
      vertex -12.1673 -1.2 30.3317
      vertex -12.1918 -4.46796 30.1666
      vertex -12.1918 -1.2 30.1666
    endloop
  endfacet
  facet normal 0.989168 0 -0.146788
    outer loop
      vertex -12.1918 -4.46796 30.1666
      vertex -12.1673 -1.2 30.3317
      vertex -12.1673 -4.53637 30.3317
    endloop
  endfacet
  facet normal 0.989168 0 -0.146788
    outer loop
      vertex -12.1673 1.2 30.3317
      vertex -12.1918 4.46796 30.1666
      vertex -12.1673 4.53637 30.3317
    endloop
  endfacet
  facet normal 0.989168 0 -0.146788
    outer loop
      vertex -12.1918 4.46796 30.1666
      vertex -12.1673 1.2 30.3317
      vertex -12.1918 1.2 30.1666
    endloop
  endfacet
  facet normal 0.0491602 0 -0.998791
    outer loop
      vertex -10.6666 7.41452 31.6918
      vertex -10.5 7.5 31.7
      vertex -10.5 1.2 31.7
    endloop
  endfacet
  facet normal 0.0491602 0 -0.998791
    outer loop
      vertex -10.6666 7.41452 31.6918
      vertex -10.5 1.2 31.7
      vertex -10.6666 1.2 31.6918
    endloop
  endfacet
  facet normal 0.0493584 -0.000387215 -0.998781
    outer loop
      vertex -10.5 7.5 31.7
      vertex -10.6666 7.41452 31.6918
      vertex -10.6032 7.5 31.6949
    endloop
  endfacet
  facet normal 0.0493584 0.000387215 -0.998781
    outer loop
      vertex -10.6666 -7.41452 31.6918
      vertex -10.5 -7.5 31.7
      vertex -10.6032 -7.5 31.6949
    endloop
  endfacet
  facet normal 0.0491602 0 -0.998791
    outer loop
      vertex -10.5 -7.5 31.7
      vertex -10.6666 -7.41452 31.6918
      vertex -10.5 -1.2 31.7
    endloop
  endfacet
  facet normal 0.0491602 0 -0.998791
    outer loop
      vertex -10.5 -1.2 31.7
      vertex -10.6666 -7.41452 31.6918
      vertex -10.6666 -1.2 31.6918
    endloop
  endfacet
  facet normal -0.427396 0 0.904065
    outer loop
      vertex -9.84944 -1.2 28.4294
      vertex -9.69862 -7.5 28.5007
      vertex -9.69862 -1.2 28.5007
    endloop
  endfacet
  facet normal -0.427396 0 0.904065
    outer loop
      vertex -9.69862 -7.5 28.5007
      vertex -9.84944 -1.2 28.4294
      vertex -9.84944 -7.5 28.4294
    endloop
  endfacet
  facet normal -0.427396 0 0.904065
    outer loop
      vertex -9.84944 7.5 28.4294
      vertex -9.69862 1.2 28.5007
      vertex -9.69862 7.5 28.5007
    endloop
  endfacet
  facet normal -0.427396 0 0.904065
    outer loop
      vertex -9.69862 1.2 28.5007
      vertex -9.84944 7.5 28.4294
      vertex -9.84944 1.2 28.4294
    endloop
  endfacet
  facet normal -0.989194 0 0.146612
    outer loop
      vertex -8.83266 -7.5 29.6683
      vertex -8.80819 -1.2 29.8334
      vertex -8.83266 -1.2 29.6683
    endloop
  endfacet
  facet normal -0.989194 0 0.146612
    outer loop
      vertex -8.80819 -1.2 29.8334
      vertex -8.83266 -7.5 29.6683
      vertex -8.80819 -7.5 29.8334
    endloop
  endfacet
  facet normal -0.989194 0 0.146612
    outer loop
      vertex -8.83266 1.2 29.6683
      vertex -8.80819 7.5 29.8334
      vertex -8.83266 7.5 29.6683
    endloop
  endfacet
  facet normal -0.989194 0 0.146612
    outer loop
      vertex -8.80819 7.5 29.8334
      vertex -8.83266 1.2 29.6683
      vertex -8.80819 1.2 29.8334
    endloop
  endfacet
  facet normal -0.970015 0 0.243043
    outer loop
      vertex -8.8732 1.2 29.5065
      vertex -8.83266 7.5 29.6683
      vertex -8.8732 7.5 29.5065
    endloop
  endfacet
  facet normal -0.970015 0 0.243043
    outer loop
      vertex -8.83266 7.5 29.6683
      vertex -8.8732 1.2 29.5065
      vertex -8.83266 1.2 29.6683
    endloop
  endfacet
  facet normal -0.970015 0 0.243043
    outer loop
      vertex -8.8732 -7.5 29.5065
      vertex -8.83266 -1.2 29.6683
      vertex -8.8732 -1.2 29.5065
    endloop
  endfacet
  facet normal -0.970015 0 0.243043
    outer loop
      vertex -8.83266 -1.2 29.6683
      vertex -8.8732 -7.5 29.5065
      vertex -8.83266 -7.5 29.6683
    endloop
  endfacet
  facet normal 0.595772 0 0.803154
    outer loop
      vertex -11.5785 -5.8882 28.6859
      vertex -11.4445 -6.16237 28.5865
      vertex -11.4445 -1.2 28.5865
    endloop
  endfacet
  facet normal 0.595772 -0 0.803154
    outer loop
      vertex -11.5785 -5.8882 28.6859
      vertex -11.4445 -1.2 28.5865
      vertex -11.5785 -1.2 28.6859
    endloop
  endfacet
  facet normal 0.59485 -0.000698081 0.803836
    outer loop
      vertex -11.4445 -6.16237 28.5865
      vertex -11.5785 -5.8882 28.6859
      vertex -11.465 -6.12816 28.6017
    endloop
  endfacet
  facet normal 0.59485 0.000698081 0.803836
    outer loop
      vertex -11.5785 5.8882 28.6859
      vertex -11.4445 6.16237 28.5865
      vertex -11.465 6.12816 28.6017
    endloop
  endfacet
  facet normal 0.595772 0 0.803154
    outer loop
      vertex -11.4445 6.16237 28.5865
      vertex -11.5785 5.8882 28.6859
      vertex -11.4445 1.2 28.5865
    endloop
  endfacet
  facet normal 0.595772 0 0.803154
    outer loop
      vertex -11.4445 1.2 28.5865
      vertex -11.5785 5.8882 28.6859
      vertex -11.5785 1.2 28.6859
    endloop
  endfacet
  facet normal -0.857731 0 -0.514099
    outer loop
      vertex -9.00073 -7.5 30.8014
      vertex -9.0865 -1.2 30.9445
      vertex -9.00073 -1.2 30.8014
    endloop
  endfacet
  facet normal -0.857731 -0 -0.514099
    outer loop
      vertex -9.0865 -1.2 30.9445
      vertex -9.00073 -7.5 30.8014
      vertex -9.0865 -7.5 30.9445
    endloop
  endfacet
  facet normal -0.857731 0 -0.514099
    outer loop
      vertex -9.00073 1.2 30.8014
      vertex -9.0865 7.5 30.9445
      vertex -9.00073 7.5 30.8014
    endloop
  endfacet
  facet normal -0.857731 -0 -0.514099
    outer loop
      vertex -9.0865 7.5 30.9445
      vertex -9.00073 1.2 30.8014
      vertex -9.0865 1.2 30.9445
    endloop
  endfacet
  facet normal 0.998791 -0 0.0491602
    outer loop
      vertex -12.2 -4.44508 30
      vertex -12.1918 -1.2 29.8334
      vertex -12.2 -1.2 30
    endloop
  endfacet
  facet normal 0.998791 0 0.0491602
    outer loop
      vertex -12.1918 -1.2 29.8334
      vertex -12.2 -4.44508 30
      vertex -12.1918 -4.46796 29.8334
    endloop
  endfacet
  facet normal 0.998791 0 0.0491602
    outer loop
      vertex -12.1918 1.2 29.8334
      vertex -12.2 4.44508 30
      vertex -12.2 1.2 30
    endloop
  endfacet
  facet normal 0.998791 0 0.0491602
    outer loop
      vertex -12.2 4.44508 30
      vertex -12.1918 1.2 29.8334
      vertex -12.1918 4.46796 29.8334
    endloop
  endfacet
  facet normal 0.33683 0 -0.941566
    outer loop
      vertex -11.1506 -6.65273 31.5706
      vertex -10.9935 -1.2 31.6268
      vertex -10.9935 -6.91479 31.6268
    endloop
  endfacet
  facet normal 0.33683 0 -0.941566
    outer loop
      vertex -10.9935 -1.2 31.6268
      vertex -11.1506 -6.65273 31.5706
      vertex -11.1506 -1.2 31.5706
    endloop
  endfacet
  facet normal 0.33683 0 -0.941566
    outer loop
      vertex -11.1506 6.65273 31.5706
      vertex -10.9935 1.2 31.6268
      vertex -11.1506 1.2 31.5706
    endloop
  endfacet
  facet normal 0.33683 0 -0.941566
    outer loop
      vertex -10.9935 1.2 31.6268
      vertex -11.1506 6.65273 31.5706
      vertex -10.9935 6.91479 31.6268
    endloop
  endfacet
  facet normal -0.336906 0 0.941538
    outer loop
      vertex -10.0065 -1.2 28.3732
      vertex -9.84944 -7.5 28.4294
      vertex -9.84944 -1.2 28.4294
    endloop
  endfacet
  facet normal -0.336906 0 0.941538
    outer loop
      vertex -9.84944 -7.5 28.4294
      vertex -10.0065 -1.2 28.3732
      vertex -10.0065 -7.5 28.3732
    endloop
  endfacet
  facet normal -0.336906 0 0.941538
    outer loop
      vertex -10.0065 7.5 28.3732
      vertex -9.84944 1.2 28.4294
      vertex -9.84944 7.5 28.4294
    endloop
  endfacet
  facet normal -0.336906 0 0.941538
    outer loop
      vertex -9.84944 1.2 28.4294
      vertex -10.0065 7.5 28.3732
      vertex -10.0065 1.2 28.3732
    endloop
  endfacet
  facet normal 0.0493584 -0.000387215 0.998781
    outer loop
      vertex -10.6666 7.41452 28.3082
      vertex -10.5 7.5 28.3
      vertex -10.6032 7.5 28.3051
    endloop
  endfacet
  facet normal 0.0491602 0 0.998791
    outer loop
      vertex -10.5 7.5 28.3
      vertex -10.6666 7.41452 28.3082
      vertex -10.5 1.2 28.3
    endloop
  endfacet
  facet normal 0.0491602 0 0.998791
    outer loop
      vertex -10.5 1.2 28.3
      vertex -10.6666 7.41452 28.3082
      vertex -10.6666 1.2 28.3082
    endloop
  endfacet
  facet normal 0.0491602 0 0.998791
    outer loop
      vertex -10.6666 -7.41452 28.3082
      vertex -10.5 -7.5 28.3
      vertex -10.5 -1.2 28.3
    endloop
  endfacet
  facet normal 0.0491602 -0 0.998791
    outer loop
      vertex -10.6666 -7.41452 28.3082
      vertex -10.5 -1.2 28.3
      vertex -10.6666 -1.2 28.3082
    endloop
  endfacet
  facet normal 0.0493584 0.000387215 0.998781
    outer loop
      vertex -10.5 -7.5 28.3
      vertex -10.6666 -7.41452 28.3082
      vertex -10.6032 -7.5 28.3051
    endloop
  endfacet
  facet normal 0.741024 -0 0.671478
    outer loop
      vertex -11.8141 -5.38996 28.9215
      vertex -11.7021 -1.2 28.7979
      vertex -11.8141 -1.2 28.9215
    endloop
  endfacet
  facet normal 0.741024 0 0.671478
    outer loop
      vertex -11.7021 -1.2 28.7979
      vertex -11.8141 -5.38996 28.9215
      vertex -11.7021 -5.62684 28.7979
    endloop
  endfacet
  facet normal 0.741024 0 0.671478
    outer loop
      vertex -11.7021 1.2 28.7979
      vertex -11.8141 5.38996 28.9215
      vertex -11.8141 1.2 28.9215
    endloop
  endfacet
  facet normal 0.741024 0 0.671478
    outer loop
      vertex -11.8141 5.38996 28.9215
      vertex -11.7021 1.2 28.7979
      vertex -11.7021 5.62684 28.7979
    endloop
  endfacet
  facet normal 0.146788 0 -0.989168
    outer loop
      vertex -10.8317 7.18479 31.6673
      vertex -10.6666 7.41452 31.6918
      vertex -10.6666 1.2 31.6918
    endloop
  endfacet
  facet normal 0.146788 0 -0.989168
    outer loop
      vertex -10.8317 7.18479 31.6673
      vertex -10.6666 1.2 31.6918
      vertex -10.8317 1.2 31.6673
    endloop
  endfacet
  facet normal 0.136666 0.00742579 -0.990589
    outer loop
      vertex -10.6666 7.41452 31.6918
      vertex -10.8317 7.18479 31.6673
      vertex -10.8091 7.22241 31.6707
    endloop
  endfacet
  facet normal 0.136666 -0.00742579 -0.990589
    outer loop
      vertex -10.8317 -7.18479 31.6673
      vertex -10.6666 -7.41452 31.6918
      vertex -10.8091 -7.22241 31.6707
    endloop
  endfacet
  facet normal 0.146788 0 -0.989168
    outer loop
      vertex -10.6666 -7.41452 31.6918
      vertex -10.8317 -7.18479 31.6673
      vertex -10.6666 -1.2 31.6918
    endloop
  endfacet
  facet normal 0.146788 0 -0.989168
    outer loop
      vertex -10.6666 -1.2 31.6918
      vertex -10.8317 -7.18479 31.6673
      vertex -10.8317 -1.2 31.6673
    endloop
  endfacet
  facet normal 0.803154 -0 0.595772
    outer loop
      vertex -11.9135 -5.17984 29.0555
      vertex -11.8141 -1.2 28.9215
      vertex -11.9135 -1.2 29.0555
    endloop
  endfacet
  facet normal 0.803154 0 0.595772
    outer loop
      vertex -11.8141 -1.2 28.9215
      vertex -11.9135 -5.17984 29.0555
      vertex -11.8141 -5.38996 28.9215
    endloop
  endfacet
  facet normal 0.803154 0 0.595772
    outer loop
      vertex -11.8141 1.2 28.9215
      vertex -11.9135 5.17984 29.0555
      vertex -11.9135 1.2 29.0555
    endloop
  endfacet
  facet normal 0.803154 0 0.595772
    outer loop
      vertex -11.9135 5.17984 29.0555
      vertex -11.8141 1.2 28.9215
      vertex -11.8141 5.38996 28.9215
    endloop
  endfacet
  facet normal 0.989168 -0 0.146788
    outer loop
      vertex -12.1918 -4.46796 29.8334
      vertex -12.1673 -1.2 29.6683
      vertex -12.1918 -1.2 29.8334
    endloop
  endfacet
  facet normal 0.989168 0 0.146788
    outer loop
      vertex -12.1673 -1.2 29.6683
      vertex -12.1918 -4.46796 29.8334
      vertex -12.1673 -4.53637 29.6683
    endloop
  endfacet
  facet normal 0.989168 0 0.146788
    outer loop
      vertex -12.1673 1.2 29.6683
      vertex -12.1918 4.46796 29.8334
      vertex -12.1918 1.2 29.8334
    endloop
  endfacet
  facet normal 0.989168 0 0.146788
    outer loop
      vertex -12.1918 4.46796 29.8334
      vertex -12.1673 1.2 29.6683
      vertex -12.1673 4.53637 29.6683
    endloop
  endfacet
  facet normal 0.741024 0 -0.671478
    outer loop
      vertex -11.7021 -1.2 31.2021
      vertex -11.8141 -5.38996 31.0785
      vertex -11.8141 -1.2 31.0785
    endloop
  endfacet
  facet normal 0.741024 0 -0.671478
    outer loop
      vertex -11.8141 -5.38996 31.0785
      vertex -11.7021 -1.2 31.2021
      vertex -11.7021 -5.62684 31.2021
    endloop
  endfacet
  facet normal 0.741024 0 -0.671478
    outer loop
      vertex -11.7021 1.2 31.2021
      vertex -11.8141 5.38996 31.0785
      vertex -11.7021 5.62684 31.2021
    endloop
  endfacet
  facet normal 0.741024 0 -0.671478
    outer loop
      vertex -11.8141 5.38996 31.0785
      vertex -11.7021 1.2 31.2021
      vertex -11.8141 1.2 31.0785
    endloop
  endfacet
  facet normal -0.903973 0 0.427589
    outer loop
      vertex -9.00073 1.2 29.1986
      vertex -8.9294 7.5 29.3494
      vertex -9.00073 7.5 29.1986
    endloop
  endfacet
  facet normal -0.903973 0 0.427589
    outer loop
      vertex -8.9294 7.5 29.3494
      vertex -9.00073 1.2 29.1986
      vertex -8.9294 1.2 29.3494
    endloop
  endfacet
  facet normal -0.903973 0 0.427589
    outer loop
      vertex -9.00073 -7.5 29.1986
      vertex -8.9294 -1.2 29.3494
      vertex -9.00073 -1.2 29.1986
    endloop
  endfacet
  facet normal -0.903973 0 0.427589
    outer loop
      vertex -8.9294 -1.2 29.3494
      vertex -9.00073 -7.5 29.1986
      vertex -8.9294 -7.5 29.3494
    endloop
  endfacet
  facet normal -0.0491602 0 0.998791
    outer loop
      vertex -10.5 7.5 28.3
      vertex -10.3334 1.2 28.3082
      vertex -10.3334 7.5 28.3082
    endloop
  endfacet
  facet normal -0.0491602 0 0.998791
    outer loop
      vertex -10.3334 1.2 28.3082
      vertex -10.5 7.5 28.3
      vertex -10.5 1.2 28.3
    endloop
  endfacet
  facet normal -0.0491602 0 0.998791
    outer loop
      vertex -10.5 -1.2 28.3
      vertex -10.3334 -7.5 28.3082
      vertex -10.3334 -1.2 28.3082
    endloop
  endfacet
  facet normal -0.0491602 0 0.998791
    outer loop
      vertex -10.3334 -7.5 28.3082
      vertex -10.5 -1.2 28.3
      vertex -10.5 -7.5 28.3
    endloop
  endfacet
  facet normal -0.941566 0 0.33683
    outer loop
      vertex -8.9294 1.2 29.3494
      vertex -8.8732 7.5 29.5065
      vertex -8.9294 7.5 29.3494
    endloop
  endfacet
  facet normal -0.941566 0 0.33683
    outer loop
      vertex -8.8732 7.5 29.5065
      vertex -8.9294 1.2 29.3494
      vertex -8.8732 1.2 29.5065
    endloop
  endfacet
  facet normal -0.941566 0 0.33683
    outer loop
      vertex -8.9294 -7.5 29.3494
      vertex -8.8732 -1.2 29.5065
      vertex -8.9294 -1.2 29.3494
    endloop
  endfacet
  facet normal -0.941566 0 0.33683
    outer loop
      vertex -8.8732 -1.2 29.5065
      vertex -8.9294 -7.5 29.3494
      vertex -8.8732 -7.5 29.5065
    endloop
  endfacet
  facet normal -0.740905 0 -0.67161
    outer loop
      vertex -9.18588 -7.5 31.0785
      vertex -9.29792 -1.2 31.2021
      vertex -9.18588 -1.2 31.0785
    endloop
  endfacet
  facet normal -0.740905 -0 -0.67161
    outer loop
      vertex -9.29792 -1.2 31.2021
      vertex -9.18588 -7.5 31.0785
      vertex -9.29792 -7.5 31.2021
    endloop
  endfacet
  facet normal -0.740905 0 -0.67161
    outer loop
      vertex -9.18588 1.2 31.0785
      vertex -9.29792 7.5 31.2021
      vertex -9.18588 7.5 31.0785
    endloop
  endfacet
  facet normal -0.740905 -0 -0.67161
    outer loop
      vertex -9.29792 7.5 31.2021
      vertex -9.18588 1.2 31.0785
      vertex -9.29792 1.2 31.2021
    endloop
  endfacet
  facet normal -0.671448 0 -0.741051
    outer loop
      vertex -9.42153 -7.5 31.3141
      vertex -9.29792 -1.2 31.2021
      vertex -9.29792 -7.5 31.2021
    endloop
  endfacet
  facet normal -0.671448 0 -0.741051
    outer loop
      vertex -9.29792 -1.2 31.2021
      vertex -9.42153 -7.5 31.3141
      vertex -9.42153 -1.2 31.3141
    endloop
  endfacet
  facet normal -0.671448 0 -0.741051
    outer loop
      vertex -9.42153 1.2 31.3141
      vertex -9.29792 7.5 31.2021
      vertex -9.29792 1.2 31.2021
    endloop
  endfacet
  facet normal -0.671448 0 -0.741051
    outer loop
      vertex -9.29792 7.5 31.2021
      vertex -9.42153 1.2 31.3141
      vertex -9.42153 7.5 31.3141
    endloop
  endfacet
  facet normal 0.242818 -0 0.970072
    outer loop
      vertex -10.9935 -6.91479 28.3732
      vertex -10.8317 -1.2 28.3327
      vertex -10.9935 -1.2 28.3732
    endloop
  endfacet
  facet normal 0.242818 0 0.970072
    outer loop
      vertex -10.8317 -1.2 28.3327
      vertex -10.9935 -6.91479 28.3732
      vertex -10.8317 -7.18479 28.3327
    endloop
  endfacet
  facet normal 0.242818 0 0.970072
    outer loop
      vertex -10.9935 6.91479 28.3732
      vertex -10.8317 1.2 28.3327
      vertex -10.8317 7.18479 28.3327
    endloop
  endfacet
  facet normal 0.242818 0 0.970072
    outer loop
      vertex -10.8317 1.2 28.3327
      vertex -10.9935 6.91479 28.3732
      vertex -10.9935 1.2 28.3732
    endloop
  endfacet
  facet normal -0.595772 0 0.803154
    outer loop
      vertex -9.55553 7.5 28.5865
      vertex -9.42153 1.2 28.6859
      vertex -9.42153 7.5 28.6859
    endloop
  endfacet
  facet normal -0.595772 0 0.803154
    outer loop
      vertex -9.42153 1.2 28.6859
      vertex -9.55553 7.5 28.5865
      vertex -9.55553 1.2 28.5865
    endloop
  endfacet
  facet normal -0.595772 0 0.803154
    outer loop
      vertex -9.55553 -1.2 28.5865
      vertex -9.42153 -7.5 28.6859
      vertex -9.42153 -1.2 28.6859
    endloop
  endfacet
  facet normal -0.595772 0 0.803154
    outer loop
      vertex -9.42153 -7.5 28.6859
      vertex -9.55553 -1.2 28.5865
      vertex -9.55553 -7.5 28.5865
    endloop
  endfacet
  facet normal -0.146788 0 -0.989168
    outer loop
      vertex -10.3334 -7.5 31.6918
      vertex -10.1683 -1.2 31.6673
      vertex -10.1683 -7.5 31.6673
    endloop
  endfacet
  facet normal -0.146788 0 -0.989168
    outer loop
      vertex -10.1683 -1.2 31.6673
      vertex -10.3334 -7.5 31.6918
      vertex -10.3334 -1.2 31.6918
    endloop
  endfacet
  facet normal -0.146788 0 -0.989168
    outer loop
      vertex -10.3334 1.2 31.6918
      vertex -10.1683 7.5 31.6673
      vertex -10.1683 1.2 31.6673
    endloop
  endfacet
  facet normal -0.146788 0 -0.989168
    outer loop
      vertex -10.1683 7.5 31.6673
      vertex -10.3334 1.2 31.6918
      vertex -10.3334 7.5 31.6918
    endloop
  endfacet
  facet normal 0.857652 0 -0.514231
    outer loop
      vertex -11.9135 -1.2 30.9445
      vertex -11.9993 -4.9985 30.8014
      vertex -11.9993 -1.2 30.8014
    endloop
  endfacet
  facet normal 0.857652 0 -0.514231
    outer loop
      vertex -11.9993 -4.9985 30.8014
      vertex -11.9135 -1.2 30.9445
      vertex -11.9135 -5.17984 30.9445
    endloop
  endfacet
  facet normal 0.857652 0 -0.514231
    outer loop
      vertex -11.9135 1.2 30.9445
      vertex -11.9993 4.9985 30.8014
      vertex -11.9135 5.17984 30.9445
    endloop
  endfacet
  facet normal 0.857652 0 -0.514231
    outer loop
      vertex -11.9993 4.9985 30.8014
      vertex -11.9135 1.2 30.9445
      vertex -11.9993 1.2 30.8014
    endloop
  endfacet
  facet normal 0.998791 0 -0.0491602
    outer loop
      vertex -12.1918 -1.2 30.1666
      vertex -12.2 -4.44508 30
      vertex -12.2 -1.2 30
    endloop
  endfacet
  facet normal 0.998791 0 -0.0491602
    outer loop
      vertex -12.2 -4.44508 30
      vertex -12.1918 -1.2 30.1666
      vertex -12.1918 -4.46796 30.1666
    endloop
  endfacet
  facet normal 0.998791 0 -0.0491602
    outer loop
      vertex -12.1918 1.2 30.1666
      vertex -12.2 4.44508 30
      vertex -12.1918 4.46796 30.1666
    endloop
  endfacet
  facet normal 0.998791 0 -0.0491602
    outer loop
      vertex -12.2 4.44508 30
      vertex -12.1918 1.2 30.1666
      vertex -12.2 1.2 30
    endloop
  endfacet
  facet normal -0.242818 0 -0.970072
    outer loop
      vertex -10.1683 -7.5 31.6673
      vertex -10.0065 -1.2 31.6268
      vertex -10.0065 -7.5 31.6268
    endloop
  endfacet
  facet normal -0.242818 0 -0.970072
    outer loop
      vertex -10.0065 -1.2 31.6268
      vertex -10.1683 -7.5 31.6673
      vertex -10.1683 -1.2 31.6673
    endloop
  endfacet
  facet normal -0.242818 0 -0.970072
    outer loop
      vertex -10.1683 1.2 31.6673
      vertex -10.0065 7.5 31.6268
      vertex -10.0065 1.2 31.6268
    endloop
  endfacet
  facet normal -0.242818 0 -0.970072
    outer loop
      vertex -10.0065 7.5 31.6268
      vertex -10.1683 1.2 31.6673
      vertex -10.1683 7.5 31.6673
    endloop
  endfacet
  facet normal -1 0 0
    outer loop
      vertex 25.552 -15.95 0
      vertex 25.552 -12.95 5
      vertex 25.552 -12.95 0
    endloop
  endfacet
  facet normal -1 -0 0
    outer loop
      vertex 25.552 -12.95 5
      vertex 25.552 -15.95 0
      vertex 25.552 -15.95 5
    endloop
  endfacet
  facet normal 1 -0 0
    outer loop
      vertex 19.552 -15.95 5
      vertex 19.552 -12.95 0
      vertex 19.552 -12.95 5
    endloop
  endfacet
  facet normal 1 0 0
    outer loop
      vertex 19.552 -12.95 0
      vertex 19.552 -15.95 5
      vertex 19.552 -15.95 0
    endloop
  endfacet
  facet normal 0 -1 0
    outer loop
      vertex 19.552 -12.95 0
      vertex 25.552 -12.95 5
      vertex 19.552 -12.95 5
    endloop
  endfacet
  facet normal 0 -1 -0
    outer loop
      vertex 25.552 -12.95 5
      vertex 19.552 -12.95 0
      vertex 25.552 -12.95 0
    endloop
  endfacet
  facet normal 0 1 -0
    outer loop
      vertex 25.552 -15.95 0
      vertex 19.552 -15.95 5
      vertex 25.552 -15.95 5
    endloop
  endfacet
  facet normal 0 1 0
    outer loop
      vertex 19.552 -15.95 5
      vertex 25.552 -15.95 0
      vertex 19.552 -15.95 0
    endloop
  endfacet
  facet normal -1 0 0
    outer loop
      vertex 25.552 12.95 0
      vertex 25.552 15.95 5
      vertex 25.552 15.95 0
    endloop
  endfacet
  facet normal -1 -0 0
    outer loop
      vertex 25.552 15.95 5
      vertex 25.552 12.95 0
      vertex 25.552 12.95 5
    endloop
  endfacet
  facet normal 1 -0 0
    outer loop
      vertex 19.552 12.95 5
      vertex 19.552 15.95 0
      vertex 19.552 15.95 5
    endloop
  endfacet
  facet normal 1 0 0
    outer loop
      vertex 19.552 15.95 0
      vertex 19.552 12.95 5
      vertex 19.552 12.95 0
    endloop
  endfacet
  facet normal 0 -1 0
    outer loop
      vertex 19.552 15.95 0
      vertex 25.552 15.95 5
      vertex 19.552 15.95 5
    endloop
  endfacet
  facet normal 0 -1 -0
    outer loop
      vertex 25.552 15.95 5
      vertex 19.552 15.95 0
      vertex 25.552 15.95 0
    endloop
  endfacet
  facet normal 0 1 -0
    outer loop
      vertex 25.552 12.95 0
      vertex 19.552 12.95 5
      vertex 25.552 12.95 5
    endloop
  endfacet
  facet normal 0 1 0
    outer loop
      vertex 19.552 12.95 5
      vertex 25.552 12.95 0
      vertex 19.552 12.95 0
    endloop
  endfacet
  facet normal -1 0 0
    outer loop
      vertex 35.848 -15.95 0
      vertex 35.848 -12.95 5
      vertex 35.848 -12.95 0
    endloop
  endfacet
  facet normal -1 -0 0
    outer loop
      vertex 35.848 -12.95 5
      vertex 35.848 -15.95 0
      vertex 35.848 -15.95 5
    endloop
  endfacet
  facet normal 1 -0 0
    outer loop
      vertex 29.848 -15.95 5
      vertex 29.848 -12.95 0
      vertex 29.848 -12.95 5
    endloop
  endfacet
  facet normal 1 0 0
    outer loop
      vertex 29.848 -12.95 0
      vertex 29.848 -15.95 5
      vertex 29.848 -15.95 0
    endloop
  endfacet
  facet normal 0 -1 0
    outer loop
      vertex 29.848 -12.95 0
      vertex 35.848 -12.95 5
      vertex 29.848 -12.95 5
    endloop
  endfacet
  facet normal 0 -1 -0
    outer loop
      vertex 35.848 -12.95 5
      vertex 29.848 -12.95 0
      vertex 35.848 -12.95 0
    endloop
  endfacet
  facet normal 0 1 -0
    outer loop
      vertex 35.848 -15.95 0
      vertex 29.848 -15.95 5
      vertex 35.848 -15.95 5
    endloop
  endfacet
  facet normal 0 1 0
    outer loop
      vertex 29.848 -15.95 5
      vertex 35.848 -15.95 0
      vertex 29.848 -15.95 0
    endloop
  endfacet
  facet normal -1 0 0
    outer loop
      vertex 35.848 12.95 0
      vertex 35.848 15.95 5
      vertex 35.848 15.95 0
    endloop
  endfacet
  facet normal -1 -0 0
    outer loop
      vertex 35.848 15.95 5
      vertex 35.848 12.95 0
      vertex 35.848 12.95 5
    endloop
  endfacet
  facet normal 1 -0 0
    outer loop
      vertex 29.848 12.95 5
      vertex 29.848 15.95 0
      vertex 29.848 15.95 5
    endloop
  endfacet
  facet normal 1 0 0
    outer loop
      vertex 29.848 15.95 0
      vertex 29.848 12.95 5
      vertex 29.848 12.95 0
    endloop
  endfacet
  facet normal 0 -1 0
    outer loop
      vertex 29.848 15.95 0
      vertex 35.848 15.95 5
      vertex 29.848 15.95 5
    endloop
  endfacet
  facet normal 0 -1 -0
    outer loop
      vertex 35.848 15.95 5
      vertex 29.848 15.95 0
      vertex 35.848 15.95 0
    endloop
  endfacet
  facet normal 0 1 -0
    outer loop
      vertex 35.848 12.95 0
      vertex 29.848 12.95 5
      vertex 35.848 12.95 5
    endloop
  endfacet
  facet normal 0 1 0
    outer loop
      vertex 29.848 12.95 5
      vertex 35.848 12.95 0
      vertex 29.848 12.95 0
    endloop
  endfacet
  facet normal 0 0 -1
    outer loop
      vertex 7.63157 7.71827 21.25
      vertex 8.24711 10.0491 21.25
      vertex 8.72646 9.61468 21.25
    endloop
  endfacet
  facet normal 0 0 -1
    outer loop
      vertex 7.63157 7.71827 21.25
      vertex 7.22241 10.8091 21.25
      vertex 8.24711 10.0491 21.25
    endloop
  endfacet
  facet normal 0 0 -1
    outer loop
      vertex 7.63157 7.71827 21.25
      vertex 6.12816 11.465 21.25
      vertex 7.22241 10.8091 21.25
    endloop
  endfacet
  facet normal 0 0 -1
    outer loop
      vertex 2.86843 10.4683 21.25
      vertex 6.12816 11.465 21.25
      vertex 7.63157 7.71827 21.25
    endloop
  endfacet
  facet normal -0 0 -1
    outer loop
      vertex 6.12816 11.465 21.25
      vertex 2.86843 10.4683 21.25
      vertex 4.97488 12.0104 21.25
    endloop
  endfacet
  facet normal -0 0 -1
    outer loop
      vertex 4.97488 12.0104 21.25
      vertex 2.86843 10.4683 21.25
      vertex 3.96701 12.3711 21.25
    endloop
  endfacet
  facet normal 0.500004 0.866023 -0
    outer loop
      vertex 7.63157 7.71827 18.75
      vertex 2.86843 10.4683 21.25
      vertex 7.63157 7.71827 21.25
    endloop
  endfacet
  facet normal 0.500004 0.866023 0
    outer loop
      vertex 2.86843 10.4683 21.25
      vertex 7.63157 7.71827 18.75
      vertex 2.86843 10.4683 18.75
    endloop
  endfacet
  facet normal 0.866026 -0.499999 0
    outer loop
      vertex 2.86843 10.4683 21.25
      vertex 3.96701 12.3711 18.75
      vertex 3.96701 12.3711 21.25
    endloop
  endfacet
  facet normal 0.866026 -0.499999 0
    outer loop
      vertex 3.96701 12.3711 18.75
      vertex 2.86843 10.4683 21.25
      vertex 2.86843 10.4683 18.75
    endloop
  endfacet
  facet normal 0 0 1
    outer loop
      vertex 8.24711 10.0491 18.75
      vertex 7.63157 7.71827 18.75
      vertex 8.72646 9.61468 18.75
    endloop
  endfacet
  facet normal 0 0 1
    outer loop
      vertex 7.22241 10.8091 18.75
      vertex 7.63157 7.71827 18.75
      vertex 8.24711 10.0491 18.75
    endloop
  endfacet
  facet normal 0 0 1
    outer loop
      vertex 6.12816 11.465 18.75
      vertex 7.63157 7.71827 18.75
      vertex 7.22241 10.8091 18.75
    endloop
  endfacet
  facet normal 0 0 1
    outer loop
      vertex 2.86843 10.4683 18.75
      vertex 6.12816 11.465 18.75
      vertex 4.97488 12.0104 18.75
    endloop
  endfacet
  facet normal 0 0 1
    outer loop
      vertex 2.86843 10.4683 18.75
      vertex 4.97488 12.0104 18.75
      vertex 3.96701 12.3711 18.75
    endloop
  endfacet
  facet normal 0 0 1
    outer loop
      vertex 6.12816 11.465 18.75
      vertex 2.86843 10.4683 18.75
      vertex 7.63157 7.71827 18.75
    endloop
  endfacet
  facet normal -0.866026 0.499999 0
    outer loop
      vertex 7.63157 7.71827 18.75
      vertex 8.72646 9.61468 21.25
      vertex 8.72646 9.61468 18.75
    endloop
  endfacet
  facet normal -0.866026 0.499999 0
    outer loop
      vertex 8.72646 9.61468 21.25
      vertex 7.63157 7.71827 18.75
      vertex 7.63157 7.71827 21.25
    endloop
  endfacet
  facet normal 0 0 -1
    outer loop
      vertex -12.7502 -2.53617 21.25
      vertex -10.5 -2.75 21.25
      vertex -12.6966 -2.75 21.25
    endloop
  endfacet
  facet normal 0 0 -1
    outer loop
      vertex -10.5 -2.75 21.25
      vertex -12.7502 -2.53617 21.25
      vertex -10.5 -1.2 21.25
    endloop
  endfacet
  facet normal 0 0 -1
    outer loop
      vertex -12.9374 -1.27422 21.25
      vertex -10.5 -1.2 21.25
      vertex -12.7502 -2.53617 21.25
    endloop
  endfacet
  facet normal -0 0 -1
    outer loop
      vertex -10.5 -1.2 21.25
      vertex -12.9374 -1.27422 21.25
      vertex -12.941 -1.2 21.25
    endloop
  endfacet
  facet normal 0 0 -1
    outer loop
      vertex -12.7502 2.53617 21.25
      vertex -10.5 2.75 21.25
      vertex -10.5 1.2 21.25
    endloop
  endfacet
  facet normal -0 0 -1
    outer loop
      vertex -10.5 2.75 21.25
      vertex -12.7502 2.53617 21.25
      vertex -12.6966 2.75 21.25
    endloop
  endfacet
  facet normal 0 0 -1
    outer loop
      vertex -10.5 1.2 21.25
      vertex -12.9374 1.27422 21.25
      vertex -12.7502 2.53617 21.25
    endloop
  endfacet
  facet normal 0 -0 -1
    outer loop
      vertex -12.9374 1.27422 21.25
      vertex -10.5 1.2 21.25
      vertex -12.941 1.2 21.25
    endloop
  endfacet
  facet normal -1 0 0
    outer loop
      vertex -10.5 -2.75 18.75
      vertex -10.5 -1.2 21.25
      vertex -10.5 -1.2 18.75
    endloop
  endfacet
  facet normal -1 -0 0
    outer loop
      vertex -10.5 -1.2 21.25
      vertex -10.5 -2.75 18.75
      vertex -10.5 -2.75 21.25
    endloop
  endfacet
  facet normal -1 0 0
    outer loop
      vertex -10.5 1.2 18.75
      vertex -10.5 2.75 21.25
      vertex -10.5 2.75 18.75
    endloop
  endfacet
  facet normal -1 -0 0
    outer loop
      vertex -10.5 2.75 21.25
      vertex -10.5 1.2 18.75
      vertex -10.5 1.2 21.25
    endloop
  endfacet
  facet normal 0 1 -0
    outer loop
      vertex -10.5 -2.75 18.75
      vertex -12.6966 -2.75 21.25
      vertex -10.5 -2.75 21.25
    endloop
  endfacet
  facet normal 0 1 0
    outer loop
      vertex -12.6966 -2.75 21.25
      vertex -10.5 -2.75 18.75
      vertex -12.6966 -2.75 18.75
    endloop
  endfacet
  facet normal 0 0 1
    outer loop
      vertex -12.7502 2.53617 18.75
      vertex -10.5 2.75 18.75
      vertex -12.6966 2.75 18.75
    endloop
  endfacet
  facet normal 0 0 1
    outer loop
      vertex -10.5 2.75 18.75
      vertex -12.7502 2.53617 18.75
      vertex -10.5 1.2 18.75
    endloop
  endfacet
  facet normal -0 0 1
    outer loop
      vertex -12.9374 1.27422 18.75
      vertex -10.5 1.2 18.75
      vertex -12.7502 2.53617 18.75
    endloop
  endfacet
  facet normal 0 0 1
    outer loop
      vertex -10.5 1.2 18.75
      vertex -12.9374 1.27422 18.75
      vertex -12.941 1.2 18.75
    endloop
  endfacet
  facet normal -0 0 1
    outer loop
      vertex -12.7502 -2.53617 18.75
      vertex -10.5 -2.75 18.75
      vertex -10.5 -1.2 18.75
    endloop
  endfacet
  facet normal 0 0 1
    outer loop
      vertex -10.5 -2.75 18.75
      vertex -12.7502 -2.53617 18.75
      vertex -12.6966 -2.75 18.75
    endloop
  endfacet
  facet normal 0 0 1
    outer loop
      vertex -10.5 -1.2 18.75
      vertex -12.9374 -1.27422 18.75
      vertex -12.7502 -2.53617 18.75
    endloop
  endfacet
  facet normal 0 -0 1
    outer loop
      vertex -12.9374 -1.27422 18.75
      vertex -10.5 -1.2 18.75
      vertex -12.941 -1.2 18.75
    endloop
  endfacet
  facet normal 0 -1 0
    outer loop
      vertex -12.6966 2.75 18.75
      vertex -10.5 2.75 21.25
      vertex -12.6966 2.75 21.25
    endloop
  endfacet
  facet normal 0 -1 -0
    outer loop
      vertex -10.5 2.75 21.25
      vertex -12.6966 2.75 18.75
      vertex -10.5 2.75 18.75
    endloop
  endfacet
  facet normal 0 0 -1
    outer loop
      vertex 8.24711 -10.0491 21.25
      vertex 7.63157 -7.71827 21.25
      vertex 8.72646 -9.61468 21.25
    endloop
  endfacet
  facet normal 0 0 -1
    outer loop
      vertex 7.22241 -10.8091 21.25
      vertex 7.63157 -7.71827 21.25
      vertex 8.24711 -10.0491 21.25
    endloop
  endfacet
  facet normal 0 0 -1
    outer loop
      vertex 6.12816 -11.465 21.25
      vertex 7.63157 -7.71827 21.25
      vertex 7.22241 -10.8091 21.25
    endloop
  endfacet
  facet normal 0 0 -1
    outer loop
      vertex 2.86843 -10.4683 21.25
      vertex 6.12816 -11.465 21.25
      vertex 4.97488 -12.0104 21.25
    endloop
  endfacet
  facet normal 0 0 -1
    outer loop
      vertex 2.86843 -10.4683 21.25
      vertex 4.97488 -12.0104 21.25
      vertex 3.96701 -12.3711 21.25
    endloop
  endfacet
  facet normal 0 0 -1
    outer loop
      vertex 6.12816 -11.465 21.25
      vertex 2.86843 -10.4683 21.25
      vertex 7.63157 -7.71827 21.25
    endloop
  endfacet
  facet normal 0 0 1
    outer loop
      vertex 7.63157 -7.71827 18.75
      vertex 8.24711 -10.0491 18.75
      vertex 8.72646 -9.61468 18.75
    endloop
  endfacet
  facet normal 0 0 1
    outer loop
      vertex 7.63157 -7.71827 18.75
      vertex 7.22241 -10.8091 18.75
      vertex 8.24711 -10.0491 18.75
    endloop
  endfacet
  facet normal 0 0 1
    outer loop
      vertex 7.63157 -7.71827 18.75
      vertex 6.12816 -11.465 18.75
      vertex 7.22241 -10.8091 18.75
    endloop
  endfacet
  facet normal -0 0 1
    outer loop
      vertex 2.86843 -10.4683 18.75
      vertex 6.12816 -11.465 18.75
      vertex 7.63157 -7.71827 18.75
    endloop
  endfacet
  facet normal 0 0 1
    outer loop
      vertex 6.12816 -11.465 18.75
      vertex 2.86843 -10.4683 18.75
      vertex 4.97488 -12.0104 18.75
    endloop
  endfacet
  facet normal 0 0 1
    outer loop
      vertex 4.97488 -12.0104 18.75
      vertex 2.86843 -10.4683 18.75
      vertex 3.96701 -12.3711 18.75
    endloop
  endfacet
  facet normal 0.500004 -0.866023 0
    outer loop
      vertex 2.86843 -10.4683 18.75
      vertex 7.63157 -7.71827 21.25
      vertex 2.86843 -10.4683 21.25
    endloop
  endfacet
  facet normal 0.500004 -0.866023 0
    outer loop
      vertex 7.63157 -7.71827 21.25
      vertex 2.86843 -10.4683 18.75
      vertex 7.63157 -7.71827 18.75
    endloop
  endfacet
  facet normal -0.866026 -0.499999 0
    outer loop
      vertex 8.72646 -9.61468 18.75
      vertex 7.63157 -7.71827 21.25
      vertex 7.63157 -7.71827 18.75
    endloop
  endfacet
  facet normal -0.866026 -0.499999 0
    outer loop
      vertex 7.63157 -7.71827 21.25
      vertex 8.72646 -9.61468 18.75
      vertex 8.72646 -9.61468 21.25
    endloop
  endfacet
  facet normal 0.866026 0.499999 0
    outer loop
      vertex 3.96701 -12.3711 21.25
      vertex 2.86843 -10.4683 18.75
      vertex 2.86843 -10.4683 21.25
    endloop
  endfacet
  facet normal 0.866026 0.499999 0
    outer loop
      vertex 2.86843 -10.4683 18.75
      vertex 3.96701 -12.3711 21.25
      vertex 3.96701 -12.3711 18.75
    endloop
  endfacet
  facet normal 0.671564 0.740946 -0
    outer loop
      vertex -5.07515 -6.18408 0
      vertex -5.65685 -5.65685 40
      vertex -5.07515 -6.18408 40
    endloop
  endfacet
  facet normal 0.671564 0.740946 0
    outer loop
      vertex -5.65685 -5.65685 40
      vertex -5.07515 -6.18408 0
      vertex -5.65685 -5.65685 0
    endloop
  endfacet
  facet normal 0.941547 -0.336883 0
    outer loop
      vertex -7.65552 2.32228 40
      vertex -7.39104 3.06147 0
      vertex -7.39104 3.06147 40
    endloop
  endfacet
  facet normal 0.941547 -0.336883 0
    outer loop
      vertex -7.39104 3.06147 0
      vertex -7.65552 2.32228 40
      vertex -7.65552 2.32228 0
    endloop
  endfacet
  facet normal -0.989176 -0.146736 0
    outer loop
      vertex 7.96148 0.784137 0
      vertex 7.84628 1.56072 40
      vertex 7.84628 1.56072 0
    endloop
  endfacet
  facet normal -0.989176 -0.146736 0
    outer loop
      vertex 7.84628 1.56072 40
      vertex 7.96148 0.784137 0
      vertex 7.96148 0.784137 40
    endloop
  endfacet
  facet normal -0.998796 -0.0490649 0
    outer loop
      vertex 8 0 0
      vertex 7.96148 0.784137 40
      vertex 7.96148 0.784137 0
    endloop
  endfacet
  facet normal -0.998796 -0.0490649 0
    outer loop
      vertex 7.96148 0.784137 40
      vertex 8 0 0
      vertex 8 0 40
    endloop
  endfacet
  facet normal 0.514099 0.857731 -0
    outer loop
      vertex -3.77117 -7.05537 0
      vertex -4.44456 -6.65176 40
      vertex -3.77117 -7.05537 40
    endloop
  endfacet
  facet normal 0.514099 0.857731 0
    outer loop
      vertex -4.44456 -6.65176 40
      vertex -3.77117 -7.05537 0
      vertex -4.44456 -6.65176 0
    endloop
  endfacet
  facet normal -0.671564 -0.740946 0
    outer loop
      vertex 5.07515 6.18408 0
      vertex 5.65685 5.65685 40
      vertex 5.07515 6.18408 40
    endloop
  endfacet
  facet normal -0.671564 -0.740946 -0
    outer loop
      vertex 5.65685 5.65685 40
      vertex 5.07515 6.18408 0
      vertex 5.65685 5.65685 0
    endloop
  endfacet
  facet normal 0.146736 0.989176 -0
    outer loop
      vertex -0.784137 -7.96148 0
      vertex -1.56072 -7.84628 40
      vertex -0.784137 -7.96148 40
    endloop
  endfacet
  facet normal 0.146736 0.989176 0
    outer loop
      vertex -1.56072 -7.84628 40
      vertex -0.784137 -7.96148 0
      vertex -1.56072 -7.84628 0
    endloop
  endfacet
  facet normal -0.740946 -0.671564 0
    outer loop
      vertex 6.18408 5.07515 0
      vertex 5.65685 5.65685 40
      vertex 5.65685 5.65685 0
    endloop
  endfacet
  facet normal -0.740946 -0.671564 0
    outer loop
      vertex 5.65685 5.65685 40
      vertex 6.18408 5.07515 0
      vertex 6.18408 5.07515 40
    endloop
  endfacet
  facet normal -0.427562 -0.903986 0
    outer loop
      vertex 3.06147 7.39104 0
      vertex 3.77117 7.05537 40
      vertex 3.06147 7.39104 40
    endloop
  endfacet
  facet normal -0.427562 -0.903986 -0
    outer loop
      vertex 3.77117 7.05537 40
      vertex 3.06147 7.39104 0
      vertex 3.77117 7.05537 0
    endloop
  endfacet
  facet normal -0.0490649 0.998796 0
    outer loop
      vertex 0.784137 -7.96148 0
      vertex 0 -8 40
      vertex 0.784137 -7.96148 40
    endloop
  endfacet
  facet normal -0.0490649 0.998796 0
    outer loop
      vertex 0 -8 40
      vertex 0.784137 -7.96148 0
      vertex 0 -8 0
    endloop
  endfacet
  facet normal -0.989176 0.146736 0
    outer loop
      vertex 7.84628 -1.56072 0
      vertex 7.96148 -0.784137 40
      vertex 7.96148 -0.784137 0
    endloop
  endfacet
  facet normal -0.989176 0.146736 0
    outer loop
      vertex 7.96148 -0.784137 40
      vertex 7.84628 -1.56072 0
      vertex 7.84628 -1.56072 40
    endloop
  endfacet
  facet normal -0.903986 -0.427562 0
    outer loop
      vertex 7.39104 3.06147 0
      vertex 7.05537 3.77117 40
      vertex 7.05537 3.77117 0
    endloop
  endfacet
  facet normal -0.903986 -0.427562 0
    outer loop
      vertex 7.05537 3.77117 40
      vertex 7.39104 3.06147 0
      vertex 7.39104 3.06147 40
    endloop
  endfacet
  facet normal 0.242979 -0.970032 0
    outer loop
      vertex -2.32228 7.65552 0
      vertex -1.56072 7.84628 40
      vertex -2.32228 7.65552 40
    endloop
  endfacet
  facet normal 0.242979 -0.970032 0
    outer loop
      vertex -1.56072 7.84628 40
      vertex -2.32228 7.65552 0
      vertex -1.56072 7.84628 0
    endloop
  endfacet
  facet normal 0.803206 -0.595701 0
    outer loop
      vertex -6.65176 4.44456 40
      vertex -6.18408 5.07515 0
      vertex -6.18408 5.07515 40
    endloop
  endfacet
  facet normal 0.803206 -0.595701 0
    outer loop
      vertex -6.18408 5.07515 0
      vertex -6.65176 4.44456 40
      vertex -6.65176 4.44456 0
    endloop
  endfacet
  facet normal -0.242979 -0.970032 0
    outer loop
      vertex 1.56072 7.84628 0
      vertex 2.32228 7.65552 40
      vertex 1.56072 7.84628 40
    endloop
  endfacet
  facet normal -0.242979 -0.970032 -0
    outer loop
      vertex 2.32228 7.65552 40
      vertex 1.56072 7.84628 0
      vertex 2.32228 7.65552 0
    endloop
  endfacet
  facet normal -0.336883 -0.941547 0
    outer loop
      vertex 2.32228 7.65552 0
      vertex 3.06147 7.39104 40
      vertex 2.32228 7.65552 40
    endloop
  endfacet
  facet normal -0.336883 -0.941547 -0
    outer loop
      vertex 3.06147 7.39104 40
      vertex 2.32228 7.65552 0
      vertex 3.06147 7.39104 0
    endloop
  endfacet
  facet normal -0.941547 -0.336883 0
    outer loop
      vertex 7.65552 2.32228 0
      vertex 7.39104 3.06147 40
      vertex 7.39104 3.06147 0
    endloop
  endfacet
  facet normal -0.941547 -0.336883 0
    outer loop
      vertex 7.39104 3.06147 40
      vertex 7.65552 2.32228 0
      vertex 7.65552 2.32228 40
    endloop
  endfacet
  facet normal -0.595701 -0.803206 0
    outer loop
      vertex 4.44456 6.65176 0
      vertex 5.07515 6.18408 40
      vertex 4.44456 6.65176 40
    endloop
  endfacet
  facet normal -0.595701 -0.803206 -0
    outer loop
      vertex 5.07515 6.18408 40
      vertex 4.44456 6.65176 0
      vertex 5.07515 6.18408 0
    endloop
  endfacet
  facet normal 0.857731 0.514099 0
    outer loop
      vertex -6.65176 -4.44456 40
      vertex -7.05537 -3.77117 0
      vertex -7.05537 -3.77117 40
    endloop
  endfacet
  facet normal 0.857731 0.514099 0
    outer loop
      vertex -7.05537 -3.77117 0
      vertex -6.65176 -4.44456 40
      vertex -6.65176 -4.44456 0
    endloop
  endfacet
  facet normal -0.514099 -0.857731 0
    outer loop
      vertex 3.77117 7.05537 0
      vertex 4.44456 6.65176 40
      vertex 3.77117 7.05537 40
    endloop
  endfacet
  facet normal -0.514099 -0.857731 -0
    outer loop
      vertex 4.44456 6.65176 40
      vertex 3.77117 7.05537 0
      vertex 4.44456 6.65176 0
    endloop
  endfacet
  facet normal -0.941547 0.336883 0
    outer loop
      vertex 7.39104 -3.06147 0
      vertex 7.65552 -2.32228 40
      vertex 7.65552 -2.32228 0
    endloop
  endfacet
  facet normal -0.941547 0.336883 0
    outer loop
      vertex 7.65552 -2.32228 40
      vertex 7.39104 -3.06147 0
      vertex 7.39104 -3.06147 40
    endloop
  endfacet
  facet normal 0.857731 -0.514099 0
    outer loop
      vertex -7.05537 3.77117 40
      vertex -6.65176 4.44456 0
      vertex -6.65176 4.44456 40
    endloop
  endfacet
  facet normal 0.857731 -0.514099 0
    outer loop
      vertex -6.65176 4.44456 0
      vertex -7.05537 3.77117 40
      vertex -7.05537 3.77117 0
    endloop
  endfacet
  facet normal 0.970032 0.242979 0
    outer loop
      vertex -7.65552 -2.32228 40
      vertex -7.84628 -1.56072 0
      vertex -7.84628 -1.56072 40
    endloop
  endfacet
  facet normal 0.970032 0.242979 0
    outer loop
      vertex -7.84628 -1.56072 0
      vertex -7.65552 -2.32228 40
      vertex -7.65552 -2.32228 0
    endloop
  endfacet
  facet normal -0.0490649 -0.998796 0
    outer loop
      vertex 0 8 0
      vertex 0.784137 7.96148 40
      vertex 0 8 40
    endloop
  endfacet
  facet normal -0.0490649 -0.998796 -0
    outer loop
      vertex 0.784137 7.96148 40
      vertex 0 8 0
      vertex 0.784137 7.96148 0
    endloop
  endfacet
  facet normal -0.857731 -0.514099 0
    outer loop
      vertex 7.05537 3.77117 0
      vertex 6.65176 4.44456 40
      vertex 6.65176 4.44456 0
    endloop
  endfacet
  facet normal -0.857731 -0.514099 0
    outer loop
      vertex 6.65176 4.44456 40
      vertex 7.05537 3.77117 0
      vertex 7.05537 3.77117 40
    endloop
  endfacet
  facet normal 0.941547 0.336883 0
    outer loop
      vertex -7.39104 -3.06147 40
      vertex -7.65552 -2.32228 0
      vertex -7.65552 -2.32228 40
    endloop
  endfacet
  facet normal 0.941547 0.336883 0
    outer loop
      vertex -7.65552 -2.32228 0
      vertex -7.39104 -3.06147 40
      vertex -7.39104 -3.06147 0
    endloop
  endfacet
  facet normal 0.671564 -0.740946 0
    outer loop
      vertex -5.65685 5.65685 0
      vertex -5.07515 6.18408 40
      vertex -5.65685 5.65685 40
    endloop
  endfacet
  facet normal 0.671564 -0.740946 0
    outer loop
      vertex -5.07515 6.18408 40
      vertex -5.65685 5.65685 0
      vertex -5.07515 6.18408 0
    endloop
  endfacet
  facet normal -0.970032 0.242979 0
    outer loop
      vertex 7.65552 -2.32228 0
      vertex 7.84628 -1.56072 40
      vertex 7.84628 -1.56072 0
    endloop
  endfacet
  facet normal -0.970032 0.242979 0
    outer loop
      vertex 7.84628 -1.56072 40
      vertex 7.65552 -2.32228 0
      vertex 7.65552 -2.32228 40
    endloop
  endfacet
  facet normal 0.514099 -0.857731 0
    outer loop
      vertex -4.44456 6.65176 0
      vertex -3.77117 7.05537 40
      vertex -4.44456 6.65176 40
    endloop
  endfacet
  facet normal 0.514099 -0.857731 0
    outer loop
      vertex -3.77117 7.05537 40
      vertex -4.44456 6.65176 0
      vertex -3.77117 7.05537 0
    endloop
  endfacet
  facet normal 0.970032 -0.242979 0
    outer loop
      vertex -7.84628 1.56072 40
      vertex -7.65552 2.32228 0
      vertex -7.65552 2.32228 40
    endloop
  endfacet
  facet normal 0.970032 -0.242979 0
    outer loop
      vertex -7.65552 2.32228 0
      vertex -7.84628 1.56072 40
      vertex -7.84628 1.56072 0
    endloop
  endfacet
  facet normal -0.427562 0.903986 0
    outer loop
      vertex 3.77117 -7.05537 0
      vertex 3.06147 -7.39104 40
      vertex 3.77117 -7.05537 40
    endloop
  endfacet
  facet normal -0.427562 0.903986 0
    outer loop
      vertex 3.06147 -7.39104 40
      vertex 3.77117 -7.05537 0
      vertex 3.06147 -7.39104 0
    endloop
  endfacet
  facet normal 0.336883 0.941547 -0
    outer loop
      vertex -2.32228 -7.65552 0
      vertex -3.06147 -7.39104 40
      vertex -2.32228 -7.65552 40
    endloop
  endfacet
  facet normal 0.336883 0.941547 0
    outer loop
      vertex -3.06147 -7.39104 40
      vertex -2.32228 -7.65552 0
      vertex -3.06147 -7.39104 0
    endloop
  endfacet
  facet normal 0.336883 -0.941547 0
    outer loop
      vertex -3.06147 7.39104 0
      vertex -2.32228 7.65552 40
      vertex -3.06147 7.39104 40
    endloop
  endfacet
  facet normal 0.336883 -0.941547 0
    outer loop
      vertex -2.32228 7.65552 40
      vertex -3.06147 7.39104 0
      vertex -2.32228 7.65552 0
    endloop
  endfacet
  facet normal -0.514099 0.857731 0
    outer loop
      vertex 4.44456 -6.65176 0
      vertex 3.77117 -7.05537 40
      vertex 4.44456 -6.65176 40
    endloop
  endfacet
  facet normal -0.514099 0.857731 0
    outer loop
      vertex 3.77117 -7.05537 40
      vertex 4.44456 -6.65176 0
      vertex 3.77117 -7.05537 0
    endloop
  endfacet
  facet normal -0.146736 0.989176 0
    outer loop
      vertex 1.56072 -7.84628 0
      vertex 0.784137 -7.96148 40
      vertex 1.56072 -7.84628 40
    endloop
  endfacet
  facet normal -0.146736 0.989176 0
    outer loop
      vertex 0.784137 -7.96148 40
      vertex 1.56072 -7.84628 0
      vertex 0.784137 -7.96148 0
    endloop
  endfacet
  facet normal -0.740946 0.671564 0
    outer loop
      vertex 5.65685 -5.65685 0
      vertex 6.18408 -5.07515 40
      vertex 6.18408 -5.07515 0
    endloop
  endfacet
  facet normal -0.740946 0.671564 0
    outer loop
      vertex 6.18408 -5.07515 40
      vertex 5.65685 -5.65685 0
      vertex 5.65685 -5.65685 40
    endloop
  endfacet
  facet normal -0.803206 0.595701 0
    outer loop
      vertex 6.18408 -5.07515 0
      vertex 6.65176 -4.44456 40
      vertex 6.65176 -4.44456 0
    endloop
  endfacet
  facet normal -0.803206 0.595701 0
    outer loop
      vertex 6.65176 -4.44456 40
      vertex 6.18408 -5.07515 0
      vertex 6.18408 -5.07515 40
    endloop
  endfacet
  facet normal 0.0490649 -0.998796 0
    outer loop
      vertex -0.784137 7.96148 0
      vertex 0 8 40
      vertex -0.784137 7.96148 40
    endloop
  endfacet
  facet normal 0.0490649 -0.998796 0
    outer loop
      vertex 0 8 40
      vertex -0.784137 7.96148 0
      vertex 0 8 0
    endloop
  endfacet
  facet normal 0.427562 -0.903986 0
    outer loop
      vertex -3.77117 7.05537 0
      vertex -3.06147 7.39104 40
      vertex -3.77117 7.05537 40
    endloop
  endfacet
  facet normal 0.427562 -0.903986 0
    outer loop
      vertex -3.06147 7.39104 40
      vertex -3.77117 7.05537 0
      vertex -3.06147 7.39104 0
    endloop
  endfacet
  facet normal 0.595701 -0.803206 0
    outer loop
      vertex -5.07515 6.18408 0
      vertex -4.44456 6.65176 40
      vertex -5.07515 6.18408 40
    endloop
  endfacet
  facet normal 0.595701 -0.803206 0
    outer loop
      vertex -4.44456 6.65176 40
      vertex -5.07515 6.18408 0
      vertex -4.44456 6.65176 0
    endloop
  endfacet
  facet normal 0.989176 -0.146736 0
    outer loop
      vertex -7.89979 1.2 40
      vertex -7.84628 1.56072 0
      vertex -7.84628 1.56072 40
    endloop
  endfacet
  facet normal 0.989176 -0.146736 0
    outer loop
      vertex -7.84628 1.56072 0
      vertex -7.89979 1.2 40
      vertex -7.89979 1.2 0
    endloop
  endfacet
  facet normal 0.242979 0.970032 -0
    outer loop
      vertex -1.56072 -7.84628 0
      vertex -2.32228 -7.65552 40
      vertex -1.56072 -7.84628 40
    endloop
  endfacet
  facet normal 0.242979 0.970032 0
    outer loop
      vertex -2.32228 -7.65552 40
      vertex -1.56072 -7.84628 0
      vertex -2.32228 -7.65552 0
    endloop
  endfacet
  facet normal -0.970032 -0.242979 0
    outer loop
      vertex 7.84628 1.56072 0
      vertex 7.65552 2.32228 40
      vertex 7.65552 2.32228 0
    endloop
  endfacet
  facet normal -0.970032 -0.242979 0
    outer loop
      vertex 7.65552 2.32228 40
      vertex 7.84628 1.56072 0
      vertex 7.84628 1.56072 40
    endloop
  endfacet
  facet normal -0.803206 -0.595701 0
    outer loop
      vertex 6.65176 4.44456 0
      vertex 6.18408 5.07515 40
      vertex 6.18408 5.07515 0
    endloop
  endfacet
  facet normal -0.803206 -0.595701 0
    outer loop
      vertex 6.18408 5.07515 40
      vertex 6.65176 4.44456 0
      vertex 6.65176 4.44456 40
    endloop
  endfacet
  facet normal 0.803206 0.595701 0
    outer loop
      vertex -6.18408 -5.07515 40
      vertex -6.65176 -4.44456 0
      vertex -6.65176 -4.44456 40
    endloop
  endfacet
  facet normal 0.803206 0.595701 0
    outer loop
      vertex -6.65176 -4.44456 0
      vertex -6.18408 -5.07515 40
      vertex -6.18408 -5.07515 0
    endloop
  endfacet
  facet normal 0.903986 0.427562 0
    outer loop
      vertex -7.05537 -3.77117 40
      vertex -7.39104 -3.06147 0
      vertex -7.39104 -3.06147 40
    endloop
  endfacet
  facet normal 0.903986 0.427562 0
    outer loop
      vertex -7.39104 -3.06147 0
      vertex -7.05537 -3.77117 40
      vertex -7.05537 -3.77117 0
    endloop
  endfacet
  facet normal -0.146736 -0.989176 0
    outer loop
      vertex 0.784137 7.96148 0
      vertex 1.56072 7.84628 40
      vertex 0.784137 7.96148 40
    endloop
  endfacet
  facet normal -0.146736 -0.989176 -0
    outer loop
      vertex 1.56072 7.84628 40
      vertex 0.784137 7.96148 0
      vertex 1.56072 7.84628 0
    endloop
  endfacet
  facet normal 0.427562 0.903986 -0
    outer loop
      vertex -3.06147 -7.39104 0
      vertex -3.77117 -7.05537 40
      vertex -3.06147 -7.39104 40
    endloop
  endfacet
  facet normal 0.427562 0.903986 0
    outer loop
      vertex -3.77117 -7.05537 40
      vertex -3.06147 -7.39104 0
      vertex -3.77117 -7.05537 0
    endloop
  endfacet
  facet normal -0.595701 0.803206 0
    outer loop
      vertex 5.07515 -6.18408 0
      vertex 4.44456 -6.65176 40
      vertex 5.07515 -6.18408 40
    endloop
  endfacet
  facet normal -0.595701 0.803206 0
    outer loop
      vertex 4.44456 -6.65176 40
      vertex 5.07515 -6.18408 0
      vertex 4.44456 -6.65176 0
    endloop
  endfacet
  facet normal -0.998796 0.0490649 0
    outer loop
      vertex 7.96148 -0.784137 0
      vertex 8 0 40
      vertex 8 0 0
    endloop
  endfacet
  facet normal -0.998796 0.0490649 0
    outer loop
      vertex 8 0 40
      vertex 7.96148 -0.784137 0
      vertex 7.96148 -0.784137 40
    endloop
  endfacet
  facet normal 0.146736 -0.989176 0
    outer loop
      vertex -1.56072 7.84628 0
      vertex -0.784137 7.96148 40
      vertex -1.56072 7.84628 40
    endloop
  endfacet
  facet normal 0.146736 -0.989176 0
    outer loop
      vertex -0.784137 7.96148 40
      vertex -1.56072 7.84628 0
      vertex -0.784137 7.96148 0
    endloop
  endfacet
  facet normal 0.989176 0.146736 0
    outer loop
      vertex -7.84628 -1.56072 40
      vertex -7.89979 -1.2 0
      vertex -7.89979 -1.2 40
    endloop
  endfacet
  facet normal 0.989176 0.146736 0
    outer loop
      vertex -7.89979 -1.2 0
      vertex -7.84628 -1.56072 40
      vertex -7.84628 -1.56072 0
    endloop
  endfacet
  facet normal -0.336883 0.941547 0
    outer loop
      vertex 3.06147 -7.39104 0
      vertex 2.32228 -7.65552 40
      vertex 3.06147 -7.39104 40
    endloop
  endfacet
  facet normal -0.336883 0.941547 0
    outer loop
      vertex 2.32228 -7.65552 40
      vertex 3.06147 -7.39104 0
      vertex 2.32228 -7.65552 0
    endloop
  endfacet
  facet normal -0.242979 0.970032 0
    outer loop
      vertex 2.32228 -7.65552 0
      vertex 1.56072 -7.84628 40
      vertex 2.32228 -7.65552 40
    endloop
  endfacet
  facet normal -0.242979 0.970032 0
    outer loop
      vertex 1.56072 -7.84628 40
      vertex 2.32228 -7.65552 0
      vertex 1.56072 -7.84628 0
    endloop
  endfacet
  facet normal 0.740946 0.671564 0
    outer loop
      vertex -5.65685 -5.65685 40
      vertex -6.18408 -5.07515 0
      vertex -6.18408 -5.07515 40
    endloop
  endfacet
  facet normal 0.740946 0.671564 0
    outer loop
      vertex -6.18408 -5.07515 0
      vertex -5.65685 -5.65685 40
      vertex -5.65685 -5.65685 0
    endloop
  endfacet
  facet normal 0.903986 -0.427562 0
    outer loop
      vertex -7.39104 3.06147 40
      vertex -7.05537 3.77117 0
      vertex -7.05537 3.77117 40
    endloop
  endfacet
  facet normal 0.903986 -0.427562 0
    outer loop
      vertex -7.05537 3.77117 0
      vertex -7.39104 3.06147 40
      vertex -7.39104 3.06147 0
    endloop
  endfacet
  facet normal 0.595701 0.803206 -0
    outer loop
      vertex -4.44456 -6.65176 0
      vertex -5.07515 -6.18408 40
      vertex -4.44456 -6.65176 40
    endloop
  endfacet
  facet normal 0.595701 0.803206 0
    outer loop
      vertex -5.07515 -6.18408 40
      vertex -4.44456 -6.65176 0
      vertex -5.07515 -6.18408 0
    endloop
  endfacet
  facet normal -0.903986 0.427562 0
    outer loop
      vertex 7.05537 -3.77117 0
      vertex 7.39104 -3.06147 40
      vertex 7.39104 -3.06147 0
    endloop
  endfacet
  facet normal -0.903986 0.427562 0
    outer loop
      vertex 7.39104 -3.06147 40
      vertex 7.05537 -3.77117 0
      vertex 7.05537 -3.77117 40
    endloop
  endfacet
  facet normal -0.857731 0.514099 0
    outer loop
      vertex 6.65176 -4.44456 0
      vertex 7.05537 -3.77117 40
      vertex 7.05537 -3.77117 0
    endloop
  endfacet
  facet normal -0.857731 0.514099 0
    outer loop
      vertex 7.05537 -3.77117 40
      vertex 6.65176 -4.44456 0
      vertex 6.65176 -4.44456 40
    endloop
  endfacet
  facet normal 0.740946 -0.671564 0
    outer loop
      vertex -6.18408 5.07515 40
      vertex -5.65685 5.65685 0
      vertex -5.65685 5.65685 40
    endloop
  endfacet
  facet normal 0.740946 -0.671564 0
    outer loop
      vertex -5.65685 5.65685 0
      vertex -6.18408 5.07515 40
      vertex -6.18408 5.07515 0
    endloop
  endfacet
  facet normal 0.0490649 0.998796 -0
    outer loop
      vertex 0 -8 0
      vertex -0.784137 -7.96148 40
      vertex 0 -8 40
    endloop
  endfacet
  facet normal 0.0490649 0.998796 0
    outer loop
      vertex -0.784137 -7.96148 40
      vertex 0 -8 0
      vertex -0.784137 -7.96148 0
    endloop
  endfacet
  facet normal -0.671564 0.740946 0
    outer loop
      vertex 5.65685 -5.65685 0
      vertex 5.07515 -6.18408 40
      vertex 5.65685 -5.65685 40
    endloop
  endfacet
  facet normal -0.671564 0.740946 0
    outer loop
      vertex 5.07515 -6.18408 40
      vertex 5.65685 -5.65685 0
      vertex 5.07515 -6.18408 0
    endloop
  endfacet
  facet normal 0 -1 0
    outer loop
      vertex -10.8317 1.2 11.6673
      vertex -10.5 1.2 18.75
      vertex -12.941 1.2 18.75
    endloop
  endfacet
  facet normal 0 -1 -0
    outer loop
      vertex -10.5 1.2 18.75
      vertex -10.6666 1.2 11.6918
      vertex -10.5 1.2 11.7
    endloop
  endfacet
  facet normal 0 -1 0
    outer loop
      vertex -10.5 1.2 18.75
      vertex -10.8317 1.2 11.6673
      vertex -10.6666 1.2 11.6918
    endloop
  endfacet
  facet normal 0 -1 0
    outer loop
      vertex -12.941 1.2 18.75
      vertex -10.9935 1.2 11.6268
      vertex -10.8317 1.2 11.6673
    endloop
  endfacet
  facet normal 0 -1 0
    outer loop
      vertex -12.941 1.2 18.75
      vertex -11.1506 1.2 11.5706
      vertex -10.9935 1.2 11.6268
    endloop
  endfacet
  facet normal 0 -1 0
    outer loop
      vertex -12.941 1.2 18.75
      vertex -11.3014 1.2 11.4993
      vertex -11.1506 1.2 11.5706
    endloop
  endfacet
  facet normal 0 -1 0
    outer loop
      vertex -12.941 1.2 18.75
      vertex -11.4445 1.2 11.4135
      vertex -11.3014 1.2 11.4993
    endloop
  endfacet
  facet normal 0 -1 0
    outer loop
      vertex -12.941 1.2 18.75
      vertex -11.5785 1.2 11.3141
      vertex -11.4445 1.2 11.4135
    endloop
  endfacet
  facet normal 0 -1 0
    outer loop
      vertex -12.941 1.2 18.75
      vertex -11.7021 1.2 11.2021
      vertex -11.5785 1.2 11.3141
    endloop
  endfacet
  facet normal 0 -1 0
    outer loop
      vertex -12.941 1.2 18.75
      vertex -11.8141 1.2 11.0785
      vertex -11.7021 1.2 11.2021
    endloop
  endfacet
  facet normal 0 -1 0
    outer loop
      vertex -12.941 1.2 18.75
      vertex -11.9135 1.2 10.9445
      vertex -11.8141 1.2 11.0785
    endloop
  endfacet
  facet normal 0 -1 0
    outer loop
      vertex -12.941 1.2 18.75
      vertex -11.9993 1.2 10.8014
      vertex -11.9135 1.2 10.9445
    endloop
  endfacet
  facet normal 0 -1 0
    outer loop
      vertex -12.941 1.2 18.75
      vertex -12.0706 1.2 10.6506
      vertex -11.9993 1.2 10.8014
    endloop
  endfacet
  facet normal 0 -1 0
    outer loop
      vertex -12.941 1.2 18.75
      vertex -12.1268 1.2 10.4935
      vertex -12.0706 1.2 10.6506
    endloop
  endfacet
  facet normal 0 -1 0
    outer loop
      vertex -12.941 1.2 18.75
      vertex -12.1673 1.2 10.3317
      vertex -12.1268 1.2 10.4935
    endloop
  endfacet
  facet normal 0 -1 0
    outer loop
      vertex -12.941 1.2 18.75
      vertex -12.1918 1.2 10.1666
      vertex -12.1673 1.2 10.3317
    endloop
  endfacet
  facet normal 0 -1 0
    outer loop
      vertex -12.941 1.2 18.75
      vertex -12.2 1.2 10
      vertex -12.1918 1.2 10.1666
    endloop
  endfacet
  facet normal 0 -1 0
    outer loop
      vertex -12.941 1.2 0
      vertex -12.2 1.2 10
      vertex -12.941 1.2 18.75
    endloop
  endfacet
  facet normal 0 -1 -0
    outer loop
      vertex -10.6666 1.2 8.30819
      vertex -12.941 1.2 0
      vertex -10.5 1.2 8.3
    endloop
  endfacet
  facet normal 0 -1 -0
    outer loop
      vertex -10.8317 1.2 8.33266
      vertex -12.941 1.2 0
      vertex -10.6666 1.2 8.30819
    endloop
  endfacet
  facet normal 0 -1 -0
    outer loop
      vertex -10.9935 1.2 8.3732
      vertex -12.941 1.2 0
      vertex -10.8317 1.2 8.33266
    endloop
  endfacet
  facet normal 0 -1 -0
    outer loop
      vertex -11.1506 1.2 8.4294
      vertex -12.941 1.2 0
      vertex -10.9935 1.2 8.3732
    endloop
  endfacet
  facet normal 0 -1 -0
    outer loop
      vertex -11.3014 1.2 8.50073
      vertex -12.941 1.2 0
      vertex -11.1506 1.2 8.4294
    endloop
  endfacet
  facet normal 0 -1 -0
    outer loop
      vertex -11.4445 1.2 8.5865
      vertex -12.941 1.2 0
      vertex -11.3014 1.2 8.50073
    endloop
  endfacet
  facet normal 0 -1 -0
    outer loop
      vertex -11.5785 1.2 8.68588
      vertex -12.941 1.2 0
      vertex -11.4445 1.2 8.5865
    endloop
  endfacet
  facet normal 0 -1 -0
    outer loop
      vertex -11.7021 1.2 8.79792
      vertex -12.941 1.2 0
      vertex -11.5785 1.2 8.68588
    endloop
  endfacet
  facet normal 0 -1 -0
    outer loop
      vertex -11.8141 1.2 8.92153
      vertex -12.941 1.2 0
      vertex -11.7021 1.2 8.79792
    endloop
  endfacet
  facet normal 0 -1 -0
    outer loop
      vertex -11.9135 1.2 9.05553
      vertex -12.941 1.2 0
      vertex -11.8141 1.2 8.92153
    endloop
  endfacet
  facet normal 0 -1 -0
    outer loop
      vertex -11.9993 1.2 9.19862
      vertex -12.941 1.2 0
      vertex -11.9135 1.2 9.05553
    endloop
  endfacet
  facet normal 0 -1 -0
    outer loop
      vertex -12.0706 1.2 9.34944
      vertex -12.941 1.2 0
      vertex -11.9993 1.2 9.19862
    endloop
  endfacet
  facet normal 0 -1 -0
    outer loop
      vertex -12.1268 1.2 9.50652
      vertex -12.941 1.2 0
      vertex -12.0706 1.2 9.34944
    endloop
  endfacet
  facet normal 0 -1 -0
    outer loop
      vertex -12.1673 1.2 9.66835
      vertex -12.941 1.2 0
      vertex -12.1268 1.2 9.50652
    endloop
  endfacet
  facet normal 0 -1 -0
    outer loop
      vertex -12.1918 1.2 9.83337
      vertex -12.941 1.2 0
      vertex -12.1673 1.2 9.66835
    endloop
  endfacet
  facet normal 0 -1 -0
    outer loop
      vertex -12.2 1.2 10
      vertex -12.941 1.2 0
      vertex -12.1918 1.2 9.83337
    endloop
  endfacet
  facet normal 0 -1 0
    outer loop
      vertex -12.941 1.2 40
      vertex -10.5 1.2 31.7
      vertex -7.89979 1.2 40
    endloop
  endfacet
  facet normal 0 -1 0
    outer loop
      vertex -12.941 1.2 40
      vertex -10.6666 1.2 31.6918
      vertex -10.5 1.2 31.7
    endloop
  endfacet
  facet normal 0 -1 0
    outer loop
      vertex -12.941 1.2 40
      vertex -10.8317 1.2 31.6673
      vertex -10.6666 1.2 31.6918
    endloop
  endfacet
  facet normal 0 -1 0
    outer loop
      vertex -12.941 1.2 40
      vertex -10.9935 1.2 31.6268
      vertex -10.8317 1.2 31.6673
    endloop
  endfacet
  facet normal 0 -1 0
    outer loop
      vertex -12.941 1.2 40
      vertex -11.1506 1.2 31.5706
      vertex -10.9935 1.2 31.6268
    endloop
  endfacet
  facet normal 0 -1 0
    outer loop
      vertex -12.941 1.2 40
      vertex -11.3014 1.2 31.4993
      vertex -11.1506 1.2 31.5706
    endloop
  endfacet
  facet normal 0 -1 0
    outer loop
      vertex -12.941 1.2 40
      vertex -11.4445 1.2 31.4135
      vertex -11.3014 1.2 31.4993
    endloop
  endfacet
  facet normal 0 -1 0
    outer loop
      vertex -12.941 1.2 40
      vertex -11.5785 1.2 31.3141
      vertex -11.4445 1.2 31.4135
    endloop
  endfacet
  facet normal 0 -1 0
    outer loop
      vertex -12.941 1.2 40
      vertex -11.7021 1.2 31.2021
      vertex -11.5785 1.2 31.3141
    endloop
  endfacet
  facet normal 0 -1 0
    outer loop
      vertex -12.941 1.2 40
      vertex -11.8141 1.2 31.0785
      vertex -11.7021 1.2 31.2021
    endloop
  endfacet
  facet normal 0 -1 0
    outer loop
      vertex -12.941 1.2 40
      vertex -11.9135 1.2 30.9445
      vertex -11.8141 1.2 31.0785
    endloop
  endfacet
  facet normal 0 -1 0
    outer loop
      vertex -12.941 1.2 40
      vertex -11.9993 1.2 30.8014
      vertex -11.9135 1.2 30.9445
    endloop
  endfacet
  facet normal 0 -1 0
    outer loop
      vertex -12.941 1.2 40
      vertex -12.0706 1.2 30.6506
      vertex -11.9993 1.2 30.8014
    endloop
  endfacet
  facet normal 0 -1 0
    outer loop
      vertex -12.941 1.2 40
      vertex -12.1268 1.2 30.4935
      vertex -12.0706 1.2 30.6506
    endloop
  endfacet
  facet normal 0 -1 0
    outer loop
      vertex -12.941 1.2 40
      vertex -12.1673 1.2 30.3317
      vertex -12.1268 1.2 30.4935
    endloop
  endfacet
  facet normal 0 -1 0
    outer loop
      vertex -12.941 1.2 40
      vertex -12.1918 1.2 30.1666
      vertex -12.1673 1.2 30.3317
    endloop
  endfacet
  facet normal 0 -1 0
    outer loop
      vertex -12.941 1.2 40
      vertex -12.2 1.2 30
      vertex -12.1918 1.2 30.1666
    endloop
  endfacet
  facet normal 0 -1 0
    outer loop
      vertex -12.941 1.2 21.25
      vertex -12.2 1.2 30
      vertex -12.941 1.2 40
    endloop
  endfacet
  facet normal 0 -1 0
    outer loop
      vertex -10.8317 1.2 28.3327
      vertex -10.5 1.2 21.25
      vertex -10.6666 1.2 28.3082
    endloop
  endfacet
  facet normal 0 -1 0
    outer loop
      vertex -10.5 1.2 21.25
      vertex -10.8317 1.2 28.3327
      vertex -12.941 1.2 21.25
    endloop
  endfacet
  facet normal 0 -1 -0
    outer loop
      vertex -10.9935 1.2 28.3732
      vertex -12.941 1.2 21.25
      vertex -10.8317 1.2 28.3327
    endloop
  endfacet
  facet normal 0 -1 -0
    outer loop
      vertex -11.1506 1.2 28.4294
      vertex -12.941 1.2 21.25
      vertex -10.9935 1.2 28.3732
    endloop
  endfacet
  facet normal 0 -1 -0
    outer loop
      vertex -11.3014 1.2 28.5007
      vertex -12.941 1.2 21.25
      vertex -11.1506 1.2 28.4294
    endloop
  endfacet
  facet normal 0 -1 -0
    outer loop
      vertex -11.4445 1.2 28.5865
      vertex -12.941 1.2 21.25
      vertex -11.3014 1.2 28.5007
    endloop
  endfacet
  facet normal 0 -1 -0
    outer loop
      vertex -11.5785 1.2 28.6859
      vertex -12.941 1.2 21.25
      vertex -11.4445 1.2 28.5865
    endloop
  endfacet
  facet normal 0 -1 -0
    outer loop
      vertex -11.7021 1.2 28.7979
      vertex -12.941 1.2 21.25
      vertex -11.5785 1.2 28.6859
    endloop
  endfacet
  facet normal 0 -1 -0
    outer loop
      vertex -11.8141 1.2 28.9215
      vertex -12.941 1.2 21.25
      vertex -11.7021 1.2 28.7979
    endloop
  endfacet
  facet normal 0 -1 -0
    outer loop
      vertex -11.9135 1.2 29.0555
      vertex -12.941 1.2 21.25
      vertex -11.8141 1.2 28.9215
    endloop
  endfacet
  facet normal 0 -1 -0
    outer loop
      vertex -11.9993 1.2 29.1986
      vertex -12.941 1.2 21.25
      vertex -11.9135 1.2 29.0555
    endloop
  endfacet
  facet normal 0 -1 -0
    outer loop
      vertex -12.0706 1.2 29.3494
      vertex -12.941 1.2 21.25
      vertex -11.9993 1.2 29.1986
    endloop
  endfacet
  facet normal 0 -1 -0
    outer loop
      vertex -12.1268 1.2 29.5065
      vertex -12.941 1.2 21.25
      vertex -12.0706 1.2 29.3494
    endloop
  endfacet
  facet normal 0 -1 -0
    outer loop
      vertex -12.1673 1.2 29.6683
      vertex -12.941 1.2 21.25
      vertex -12.1268 1.2 29.5065
    endloop
  endfacet
  facet normal 0 -1 -0
    outer loop
      vertex -12.1918 1.2 29.8334
      vertex -12.941 1.2 21.25
      vertex -12.1673 1.2 29.6683
    endloop
  endfacet
  facet normal 0 -1 -0
    outer loop
      vertex -12.2 1.2 30
      vertex -12.941 1.2 21.25
      vertex -12.1918 1.2 29.8334
    endloop
  endfacet
  facet normal 0 -1 0
    outer loop
      vertex -10.3334 1.2 31.6918
      vertex -7.89979 1.2 40
      vertex -10.5 1.2 31.7
    endloop
  endfacet
  facet normal 0 -1 0
    outer loop
      vertex -10.1683 1.2 31.6673
      vertex -7.89979 1.2 40
      vertex -10.3334 1.2 31.6918
    endloop
  endfacet
  facet normal 0 -1 0
    outer loop
      vertex -10.0065 1.2 31.6268
      vertex -7.89979 1.2 40
      vertex -10.1683 1.2 31.6673
    endloop
  endfacet
  facet normal 0 -1 0
    outer loop
      vertex -9.84944 1.2 31.5706
      vertex -7.89979 1.2 40
      vertex -10.0065 1.2 31.6268
    endloop
  endfacet
  facet normal 0 -1 0
    outer loop
      vertex -9.69862 1.2 31.4993
      vertex -7.89979 1.2 40
      vertex -9.84944 1.2 31.5706
    endloop
  endfacet
  facet normal 0 -1 0
    outer loop
      vertex -9.55553 1.2 31.4135
      vertex -7.89979 1.2 40
      vertex -9.69862 1.2 31.4993
    endloop
  endfacet
  facet normal 0 -1 0
    outer loop
      vertex -9.42153 1.2 31.3141
      vertex -7.89979 1.2 40
      vertex -9.55553 1.2 31.4135
    endloop
  endfacet
  facet normal 0 -1 0
    outer loop
      vertex -9.29792 1.2 31.2021
      vertex -7.89979 1.2 40
      vertex -9.42153 1.2 31.3141
    endloop
  endfacet
  facet normal 0 -1 0
    outer loop
      vertex -9.18588 1.2 31.0785
      vertex -7.89979 1.2 40
      vertex -9.29792 1.2 31.2021
    endloop
  endfacet
  facet normal 0 -1 0
    outer loop
      vertex -9.0865 1.2 30.9445
      vertex -7.89979 1.2 40
      vertex -9.18588 1.2 31.0785
    endloop
  endfacet
  facet normal 0 -1 0
    outer loop
      vertex -9.00073 1.2 30.8014
      vertex -7.89979 1.2 40
      vertex -9.0865 1.2 30.9445
    endloop
  endfacet
  facet normal 0 -1 0
    outer loop
      vertex -8.9294 1.2 30.6506
      vertex -7.89979 1.2 40
      vertex -9.00073 1.2 30.8014
    endloop
  endfacet
  facet normal 0 -1 0
    outer loop
      vertex -8.8732 1.2 30.4935
      vertex -7.89979 1.2 40
      vertex -8.9294 1.2 30.6506
    endloop
  endfacet
  facet normal 0 -1 0
    outer loop
      vertex -8.83266 1.2 30.3317
      vertex -7.89979 1.2 40
      vertex -8.8732 1.2 30.4935
    endloop
  endfacet
  facet normal 0 -1 0
    outer loop
      vertex -8.80819 1.2 30.1666
      vertex -7.89979 1.2 40
      vertex -8.83266 1.2 30.3317
    endloop
  endfacet
  facet normal 0 -1 0
    outer loop
      vertex -8.8 1.2 30
      vertex -7.89979 1.2 40
      vertex -8.80819 1.2 30.1666
    endloop
  endfacet
  facet normal 0 -1 0
    outer loop
      vertex -8.80819 1.2 29.8334
      vertex -7.89979 1.2 40
      vertex -8.8 1.2 30
    endloop
  endfacet
  facet normal 0 -1 0
    outer loop
      vertex -10.6666 1.2 28.3082
      vertex -10.5 1.2 21.25
      vertex -10.5 1.2 28.3
    endloop
  endfacet
  facet normal 0 -1 0
    outer loop
      vertex -10.5 1.2 28.3
      vertex -10.5 1.2 21.25
      vertex -10.3334 1.2 28.3082
    endloop
  endfacet
  facet normal 0 -1 -0
    outer loop
      vertex -10.3334 1.2 28.3082
      vertex -10.5 1.2 21.25
      vertex -10.1683 1.2 28.3327
    endloop
  endfacet
  facet normal 0 -1 -0
    outer loop
      vertex -10.1683 1.2 28.3327
      vertex -10.5 1.2 21.25
      vertex -10.0065 1.2 28.3732
    endloop
  endfacet
  facet normal 0 -1 -0
    outer loop
      vertex -10.0065 1.2 28.3732
      vertex -10.5 1.2 21.25
      vertex -9.84944 1.2 28.4294
    endloop
  endfacet
  facet normal 0 -1 -0
    outer loop
      vertex -9.84944 1.2 28.4294
      vertex -10.5 1.2 21.25
      vertex -9.69862 1.2 28.5007
    endloop
  endfacet
  facet normal 0 -1 -0
    outer loop
      vertex -9.69862 1.2 28.5007
      vertex -10.5 1.2 21.25
      vertex -9.55553 1.2 28.5865
    endloop
  endfacet
  facet normal 0 -1 -0
    outer loop
      vertex -9.55553 1.2 28.5865
      vertex -10.5 1.2 21.25
      vertex -9.42153 1.2 28.6859
    endloop
  endfacet
  facet normal 0 -1 -0
    outer loop
      vertex -9.42153 1.2 28.6859
      vertex -10.5 1.2 21.25
      vertex -9.29792 1.2 28.7979
    endloop
  endfacet
  facet normal 0 -1 -0
    outer loop
      vertex -9.29792 1.2 28.7979
      vertex -10.5 1.2 21.25
      vertex -9.18588 1.2 28.9215
    endloop
  endfacet
  facet normal 0 -1 -0
    outer loop
      vertex -9.18588 1.2 28.9215
      vertex -10.5 1.2 21.25
      vertex -9.0865 1.2 29.0555
    endloop
  endfacet
  facet normal 0 -1 -0
    outer loop
      vertex -9.0865 1.2 29.0555
      vertex -10.5 1.2 21.25
      vertex -9.00073 1.2 29.1986
    endloop
  endfacet
  facet normal 0 -1 0
    outer loop
      vertex -10.5 1.2 21.25
      vertex -8.9294 1.2 29.3494
      vertex -9.00073 1.2 29.1986
    endloop
  endfacet
  facet normal 0 -1 0
    outer loop
      vertex -10.5 1.2 21.25
      vertex -8.8732 1.2 29.5065
      vertex -8.9294 1.2 29.3494
    endloop
  endfacet
  facet normal 0 -1 0
    outer loop
      vertex -10.5 1.2 18.75
      vertex -8.8732 1.2 29.5065
      vertex -10.5 1.2 21.25
    endloop
  endfacet
  facet normal 0 -1 0
    outer loop
      vertex -8.9294 1.2 10.6506
      vertex -8.8732 1.2 29.5065
      vertex -10.5 1.2 18.75
    endloop
  endfacet
  facet normal 0 -1 0
    outer loop
      vertex -10.3334 1.2 11.6918
      vertex -10.5 1.2 18.75
      vertex -10.5 1.2 11.7
    endloop
  endfacet
  facet normal 0 -1 0
    outer loop
      vertex -10.1683 1.2 11.6673
      vertex -10.5 1.2 18.75
      vertex -10.3334 1.2 11.6918
    endloop
  endfacet
  facet normal 0 -1 0
    outer loop
      vertex -10.0065 1.2 11.6268
      vertex -10.5 1.2 18.75
      vertex -10.1683 1.2 11.6673
    endloop
  endfacet
  facet normal 0 -1 0
    outer loop
      vertex -9.84944 1.2 11.5706
      vertex -10.5 1.2 18.75
      vertex -10.0065 1.2 11.6268
    endloop
  endfacet
  facet normal 0 -1 0
    outer loop
      vertex -9.69862 1.2 11.4993
      vertex -10.5 1.2 18.75
      vertex -9.84944 1.2 11.5706
    endloop
  endfacet
  facet normal 0 -1 0
    outer loop
      vertex -9.55553 1.2 11.4135
      vertex -10.5 1.2 18.75
      vertex -9.69862 1.2 11.4993
    endloop
  endfacet
  facet normal 0 -1 0
    outer loop
      vertex -9.42153 1.2 11.3141
      vertex -10.5 1.2 18.75
      vertex -9.55553 1.2 11.4135
    endloop
  endfacet
  facet normal 0 -1 0
    outer loop
      vertex -9.29792 1.2 11.2021
      vertex -10.5 1.2 18.75
      vertex -9.42153 1.2 11.3141
    endloop
  endfacet
  facet normal 0 -1 0
    outer loop
      vertex -9.18588 1.2 11.0785
      vertex -10.5 1.2 18.75
      vertex -9.29792 1.2 11.2021
    endloop
  endfacet
  facet normal 0 -1 0
    outer loop
      vertex -9.0865 1.2 10.9445
      vertex -10.5 1.2 18.75
      vertex -9.18588 1.2 11.0785
    endloop
  endfacet
  facet normal 0 -1 0
    outer loop
      vertex -9.00073 1.2 10.8014
      vertex -10.5 1.2 18.75
      vertex -9.0865 1.2 10.9445
    endloop
  endfacet
  facet normal 0 -1 0
    outer loop
      vertex -8.9294 1.2 10.6506
      vertex -10.5 1.2 18.75
      vertex -9.00073 1.2 10.8014
    endloop
  endfacet
  facet normal 0 -1 0
    outer loop
      vertex -8.8732 1.2 10.4935
      vertex -8.8732 1.2 29.5065
      vertex -8.9294 1.2 10.6506
    endloop
  endfacet
  facet normal 0 -1 0
    outer loop
      vertex -8.8732 1.2 29.5065
      vertex -8.8732 1.2 10.4935
      vertex -8.83266 1.2 29.6683
    endloop
  endfacet
  facet normal 0 -1 0
    outer loop
      vertex -8.83266 1.2 10.3317
      vertex -8.83266 1.2 29.6683
      vertex -8.8732 1.2 10.4935
    endloop
  endfacet
  facet normal 0 -1 0
    outer loop
      vertex -8.83266 1.2 29.6683
      vertex -8.83266 1.2 10.3317
      vertex -8.80819 1.2 29.8334
    endloop
  endfacet
  facet normal 0 -1 0
    outer loop
      vertex -8.80819 1.2 10.1666
      vertex -8.80819 1.2 29.8334
      vertex -8.83266 1.2 10.3317
    endloop
  endfacet
  facet normal 0 -1 0
    outer loop
      vertex -8.80819 1.2 29.8334
      vertex -8.80819 1.2 10.1666
      vertex -7.89979 1.2 40
    endloop
  endfacet
  facet normal 0 -1 0
    outer loop
      vertex -7.89979 1.2 0
      vertex -8.80819 1.2 10.1666
      vertex -8.8 1.2 10
    endloop
  endfacet
  facet normal 0 -1 0
    outer loop
      vertex -7.89979 1.2 0
      vertex -10.5 1.2 8.3
      vertex -12.941 1.2 0
    endloop
  endfacet
  facet normal 0 -1 0
    outer loop
      vertex -10.5 1.2 8.3
      vertex -7.89979 1.2 0
      vertex -10.3334 1.2 8.30819
    endloop
  endfacet
  facet normal 0 -1 0
    outer loop
      vertex -10.3334 1.2 8.30819
      vertex -7.89979 1.2 0
      vertex -10.1683 1.2 8.33266
    endloop
  endfacet
  facet normal 0 -1 0
    outer loop
      vertex -10.1683 1.2 8.33266
      vertex -7.89979 1.2 0
      vertex -10.0065 1.2 8.3732
    endloop
  endfacet
  facet normal 0 -1 0
    outer loop
      vertex -10.0065 1.2 8.3732
      vertex -7.89979 1.2 0
      vertex -9.84944 1.2 8.4294
    endloop
  endfacet
  facet normal 0 -1 0
    outer loop
      vertex -9.84944 1.2 8.4294
      vertex -7.89979 1.2 0
      vertex -9.69862 1.2 8.50073
    endloop
  endfacet
  facet normal 0 -1 0
    outer loop
      vertex -9.69862 1.2 8.50073
      vertex -7.89979 1.2 0
      vertex -9.55553 1.2 8.5865
    endloop
  endfacet
  facet normal 0 -1 0
    outer loop
      vertex -9.55553 1.2 8.5865
      vertex -7.89979 1.2 0
      vertex -9.42153 1.2 8.68588
    endloop
  endfacet
  facet normal 0 -1 0
    outer loop
      vertex -9.42153 1.2 8.68588
      vertex -7.89979 1.2 0
      vertex -9.29792 1.2 8.79792
    endloop
  endfacet
  facet normal 0 -1 0
    outer loop
      vertex -9.29792 1.2 8.79792
      vertex -7.89979 1.2 0
      vertex -9.18588 1.2 8.92153
    endloop
  endfacet
  facet normal 0 -1 0
    outer loop
      vertex -9.18588 1.2 8.92153
      vertex -7.89979 1.2 0
      vertex -9.0865 1.2 9.05553
    endloop
  endfacet
  facet normal 0 -1 0
    outer loop
      vertex -9.0865 1.2 9.05553
      vertex -7.89979 1.2 0
      vertex -9.00073 1.2 9.19862
    endloop
  endfacet
  facet normal 0 -1 0
    outer loop
      vertex -8.80819 1.2 10.1666
      vertex -7.89979 1.2 0
      vertex -7.89979 1.2 40
    endloop
  endfacet
  facet normal 0 -1 0
    outer loop
      vertex -8.80819 1.2 9.83337
      vertex -7.89979 1.2 0
      vertex -8.8 1.2 10
    endloop
  endfacet
  facet normal 0 -1 0
    outer loop
      vertex -8.83266 1.2 9.66835
      vertex -7.89979 1.2 0
      vertex -8.80819 1.2 9.83337
    endloop
  endfacet
  facet normal 0 -1 0
    outer loop
      vertex -8.8732 1.2 9.50652
      vertex -7.89979 1.2 0
      vertex -8.83266 1.2 9.66835
    endloop
  endfacet
  facet normal 0 -1 0
    outer loop
      vertex -8.9294 1.2 9.34944
      vertex -7.89979 1.2 0
      vertex -8.8732 1.2 9.50652
    endloop
  endfacet
  facet normal 0 -1 0
    outer loop
      vertex -9.00073 1.2 9.19862
      vertex -7.89979 1.2 0
      vertex -8.9294 1.2 9.34944
    endloop
  endfacet
  facet normal 0 1 0
    outer loop
      vertex -7.89979 -1.2 40
      vertex -10.5 -1.2 31.7
      vertex -12.941 -1.2 40
    endloop
  endfacet
  facet normal 0 1 0
    outer loop
      vertex -7.89979 -1.2 40
      vertex -10.3334 -1.2 31.6918
      vertex -10.5 -1.2 31.7
    endloop
  endfacet
  facet normal 0 1 0
    outer loop
      vertex -7.89979 -1.2 40
      vertex -10.1683 -1.2 31.6673
      vertex -10.3334 -1.2 31.6918
    endloop
  endfacet
  facet normal 0 1 0
    outer loop
      vertex -7.89979 -1.2 40
      vertex -10.0065 -1.2 31.6268
      vertex -10.1683 -1.2 31.6673
    endloop
  endfacet
  facet normal 0 1 0
    outer loop
      vertex -7.89979 -1.2 40
      vertex -9.84944 -1.2 31.5706
      vertex -10.0065 -1.2 31.6268
    endloop
  endfacet
  facet normal 0 1 0
    outer loop
      vertex -7.89979 -1.2 40
      vertex -9.69862 -1.2 31.4993
      vertex -9.84944 -1.2 31.5706
    endloop
  endfacet
  facet normal 0 1 0
    outer loop
      vertex -7.89979 -1.2 40
      vertex -9.55553 -1.2 31.4135
      vertex -9.69862 -1.2 31.4993
    endloop
  endfacet
  facet normal 0 1 0
    outer loop
      vertex -7.89979 -1.2 40
      vertex -9.42153 -1.2 31.3141
      vertex -9.55553 -1.2 31.4135
    endloop
  endfacet
  facet normal 0 1 0
    outer loop
      vertex -7.89979 -1.2 40
      vertex -9.29792 -1.2 31.2021
      vertex -9.42153 -1.2 31.3141
    endloop
  endfacet
  facet normal 0 1 0
    outer loop
      vertex -7.89979 -1.2 40
      vertex -9.18588 -1.2 31.0785
      vertex -9.29792 -1.2 31.2021
    endloop
  endfacet
  facet normal 0 1 0
    outer loop
      vertex -7.89979 -1.2 40
      vertex -9.0865 -1.2 30.9445
      vertex -9.18588 -1.2 31.0785
    endloop
  endfacet
  facet normal 0 1 0
    outer loop
      vertex -7.89979 -1.2 40
      vertex -9.00073 -1.2 30.8014
      vertex -9.0865 -1.2 30.9445
    endloop
  endfacet
  facet normal 0 1 0
    outer loop
      vertex -7.89979 -1.2 40
      vertex -8.9294 -1.2 30.6506
      vertex -9.00073 -1.2 30.8014
    endloop
  endfacet
  facet normal 0 1 0
    outer loop
      vertex -7.89979 -1.2 40
      vertex -8.8732 -1.2 30.4935
      vertex -8.9294 -1.2 30.6506
    endloop
  endfacet
  facet normal 0 1 0
    outer loop
      vertex -7.89979 -1.2 40
      vertex -8.83266 -1.2 30.3317
      vertex -8.8732 -1.2 30.4935
    endloop
  endfacet
  facet normal 0 1 0
    outer loop
      vertex -7.89979 -1.2 40
      vertex -8.80819 -1.2 30.1666
      vertex -8.83266 -1.2 30.3317
    endloop
  endfacet
  facet normal 0 1 0
    outer loop
      vertex -7.89979 -1.2 40
      vertex -8.8 -1.2 30
      vertex -8.80819 -1.2 30.1666
    endloop
  endfacet
  facet normal 0 1 0
    outer loop
      vertex -7.89979 -1.2 40
      vertex -8.80819 -1.2 29.8334
      vertex -8.8 -1.2 30
    endloop
  endfacet
  facet normal 0 1 0
    outer loop
      vertex -10.3334 -1.2 28.3082
      vertex -10.5 -1.2 21.25
      vertex -10.5 -1.2 28.3
    endloop
  endfacet
  facet normal 0 1 0
    outer loop
      vertex -10.1683 -1.2 28.3327
      vertex -10.5 -1.2 21.25
      vertex -10.3334 -1.2 28.3082
    endloop
  endfacet
  facet normal 0 1 0
    outer loop
      vertex -10.0065 -1.2 28.3732
      vertex -10.5 -1.2 21.25
      vertex -10.1683 -1.2 28.3327
    endloop
  endfacet
  facet normal 0 1 0
    outer loop
      vertex -9.84944 -1.2 28.4294
      vertex -10.5 -1.2 21.25
      vertex -10.0065 -1.2 28.3732
    endloop
  endfacet
  facet normal 0 1 0
    outer loop
      vertex -9.69862 -1.2 28.5007
      vertex -10.5 -1.2 21.25
      vertex -9.84944 -1.2 28.4294
    endloop
  endfacet
  facet normal 0 1 0
    outer loop
      vertex -9.55553 -1.2 28.5865
      vertex -10.5 -1.2 21.25
      vertex -9.69862 -1.2 28.5007
    endloop
  endfacet
  facet normal 0 1 0
    outer loop
      vertex -9.42153 -1.2 28.6859
      vertex -10.5 -1.2 21.25
      vertex -9.55553 -1.2 28.5865
    endloop
  endfacet
  facet normal 0 1 0
    outer loop
      vertex -9.29792 -1.2 28.7979
      vertex -10.5 -1.2 21.25
      vertex -9.42153 -1.2 28.6859
    endloop
  endfacet
  facet normal 0 1 0
    outer loop
      vertex -9.18588 -1.2 28.9215
      vertex -10.5 -1.2 21.25
      vertex -9.29792 -1.2 28.7979
    endloop
  endfacet
  facet normal 0 1 0
    outer loop
      vertex -9.0865 -1.2 29.0555
      vertex -10.5 -1.2 21.25
      vertex -9.18588 -1.2 28.9215
    endloop
  endfacet
  facet normal 0 1 0
    outer loop
      vertex -9.00073 -1.2 29.1986
      vertex -10.5 -1.2 21.25
      vertex -9.0865 -1.2 29.0555
    endloop
  endfacet
  facet normal 0 1 0
    outer loop
      vertex -8.9294 -1.2 29.3494
      vertex -10.5 -1.2 21.25
      vertex -9.00073 -1.2 29.1986
    endloop
  endfacet
  facet normal 0 1 0
    outer loop
      vertex -8.8732 -1.2 29.5065
      vertex -10.5 -1.2 21.25
      vertex -8.9294 -1.2 29.3494
    endloop
  endfacet
  facet normal 0 1 0
    outer loop
      vertex -8.8732 -1.2 10.4935
      vertex -8.8732 -1.2 29.5065
      vertex -8.83266 -1.2 29.6683
    endloop
  endfacet
  facet normal 0 1 0
    outer loop
      vertex -8.8732 -1.2 29.5065
      vertex -10.5 -1.2 18.75
      vertex -10.5 -1.2 21.25
    endloop
  endfacet
  facet normal 0 1 0
    outer loop
      vertex -10.6666 -1.2 11.6918
      vertex -10.5 -1.2 18.75
      vertex -10.5 -1.2 11.7
    endloop
  endfacet
  facet normal 0 1 0
    outer loop
      vertex -8.8732 -1.2 29.5065
      vertex -8.9294 -1.2 10.6506
      vertex -10.5 -1.2 18.75
    endloop
  endfacet
  facet normal 0 1 0
    outer loop
      vertex -8.83266 -1.2 10.3317
      vertex -8.83266 -1.2 29.6683
      vertex -8.80819 -1.2 29.8334
    endloop
  endfacet
  facet normal 0 1 0
    outer loop
      vertex -10.5 -1.2 18.75
      vertex -10.3334 -1.2 11.6918
      vertex -10.5 -1.2 11.7
    endloop
  endfacet
  facet normal 0 1 0
    outer loop
      vertex -8.80819 -1.2 10.1666
      vertex -8.80819 -1.2 29.8334
      vertex -7.89979 -1.2 40
    endloop
  endfacet
  facet normal 0 1 0
    outer loop
      vertex -10.5 -1.2 18.75
      vertex -10.1683 -1.2 11.6673
      vertex -10.3334 -1.2 11.6918
    endloop
  endfacet
  facet normal 0 1 0
    outer loop
      vertex -10.5 -1.2 18.75
      vertex -10.0065 -1.2 11.6268
      vertex -10.1683 -1.2 11.6673
    endloop
  endfacet
  facet normal 0 1 0
    outer loop
      vertex -10.5 -1.2 18.75
      vertex -9.84944 -1.2 11.5706
      vertex -10.0065 -1.2 11.6268
    endloop
  endfacet
  facet normal 0 1 0
    outer loop
      vertex -10.5 -1.2 18.75
      vertex -9.69862 -1.2 11.4993
      vertex -9.84944 -1.2 11.5706
    endloop
  endfacet
  facet normal 0 1 0
    outer loop
      vertex -10.5 -1.2 18.75
      vertex -9.55553 -1.2 11.4135
      vertex -9.69862 -1.2 11.4993
    endloop
  endfacet
  facet normal 0 1 0
    outer loop
      vertex -10.5 -1.2 18.75
      vertex -9.42153 -1.2 11.3141
      vertex -9.55553 -1.2 11.4135
    endloop
  endfacet
  facet normal 0 1 0
    outer loop
      vertex -10.5 -1.2 18.75
      vertex -9.29792 -1.2 11.2021
      vertex -9.42153 -1.2 11.3141
    endloop
  endfacet
  facet normal 0 1 0
    outer loop
      vertex -10.5 -1.2 18.75
      vertex -9.18588 -1.2 11.0785
      vertex -9.29792 -1.2 11.2021
    endloop
  endfacet
  facet normal 0 1 0
    outer loop
      vertex -10.5 -1.2 18.75
      vertex -9.0865 -1.2 10.9445
      vertex -9.18588 -1.2 11.0785
    endloop
  endfacet
  facet normal 0 1 0
    outer loop
      vertex -10.5 -1.2 18.75
      vertex -9.00073 -1.2 10.8014
      vertex -9.0865 -1.2 10.9445
    endloop
  endfacet
  facet normal 0 1 0
    outer loop
      vertex -10.5 -1.2 18.75
      vertex -8.9294 -1.2 10.6506
      vertex -9.00073 -1.2 10.8014
    endloop
  endfacet
  facet normal 0 1 0
    outer loop
      vertex -8.8732 -1.2 29.5065
      vertex -8.8732 -1.2 10.4935
      vertex -8.9294 -1.2 10.6506
    endloop
  endfacet
  facet normal 0 1 0
    outer loop
      vertex -8.83266 -1.2 29.6683
      vertex -8.83266 -1.2 10.3317
      vertex -8.8732 -1.2 10.4935
    endloop
  endfacet
  facet normal 0 1 0
    outer loop
      vertex -8.80819 -1.2 29.8334
      vertex -8.80819 -1.2 10.1666
      vertex -8.83266 -1.2 10.3317
    endloop
  endfacet
  facet normal 0 1 -0
    outer loop
      vertex -7.89979 -1.2 0
      vertex -8.80819 -1.2 10.1666
      vertex -7.89979 -1.2 40
    endloop
  endfacet
  facet normal 0 1 0
    outer loop
      vertex -10.3334 -1.2 8.30819
      vertex -7.89979 -1.2 0
      vertex -10.5 -1.2 8.3
    endloop
  endfacet
  facet normal 0 1 0
    outer loop
      vertex -10.1683 -1.2 8.33266
      vertex -7.89979 -1.2 0
      vertex -10.3334 -1.2 8.30819
    endloop
  endfacet
  facet normal 0 1 0
    outer loop
      vertex -10.0065 -1.2 8.3732
      vertex -7.89979 -1.2 0
      vertex -10.1683 -1.2 8.33266
    endloop
  endfacet
  facet normal 0 1 0
    outer loop
      vertex -9.84944 -1.2 8.4294
      vertex -7.89979 -1.2 0
      vertex -10.0065 -1.2 8.3732
    endloop
  endfacet
  facet normal 0 1 0
    outer loop
      vertex -9.69862 -1.2 8.50073
      vertex -7.89979 -1.2 0
      vertex -9.84944 -1.2 8.4294
    endloop
  endfacet
  facet normal 0 1 0
    outer loop
      vertex -9.55553 -1.2 8.5865
      vertex -7.89979 -1.2 0
      vertex -9.69862 -1.2 8.50073
    endloop
  endfacet
  facet normal 0 1 0
    outer loop
      vertex -9.42153 -1.2 8.68588
      vertex -7.89979 -1.2 0
      vertex -9.55553 -1.2 8.5865
    endloop
  endfacet
  facet normal 0 1 0
    outer loop
      vertex -9.29792 -1.2 8.79792
      vertex -7.89979 -1.2 0
      vertex -9.42153 -1.2 8.68588
    endloop
  endfacet
  facet normal 0 1 0
    outer loop
      vertex -9.18588 -1.2 8.92153
      vertex -7.89979 -1.2 0
      vertex -9.29792 -1.2 8.79792
    endloop
  endfacet
  facet normal 0 1 0
    outer loop
      vertex -9.0865 -1.2 9.05553
      vertex -7.89979 -1.2 0
      vertex -9.18588 -1.2 8.92153
    endloop
  endfacet
  facet normal 0 1 0
    outer loop
      vertex -9.00073 -1.2 9.19862
      vertex -7.89979 -1.2 0
      vertex -9.0865 -1.2 9.05553
    endloop
  endfacet
  facet normal 0 1 0
    outer loop
      vertex -8.9294 -1.2 9.34944
      vertex -7.89979 -1.2 0
      vertex -9.00073 -1.2 9.19862
    endloop
  endfacet
  facet normal 0 1 0
    outer loop
      vertex -8.8732 -1.2 9.50652
      vertex -7.89979 -1.2 0
      vertex -8.9294 -1.2 9.34944
    endloop
  endfacet
  facet normal 0 1 0
    outer loop
      vertex -8.83266 -1.2 9.66835
      vertex -7.89979 -1.2 0
      vertex -8.8732 -1.2 9.50652
    endloop
  endfacet
  facet normal 0 1 0
    outer loop
      vertex -8.80819 -1.2 9.83337
      vertex -7.89979 -1.2 0
      vertex -8.83266 -1.2 9.66835
    endloop
  endfacet
  facet normal 0 1 0
    outer loop
      vertex -8.8 -1.2 10
      vertex -7.89979 -1.2 0
      vertex -8.80819 -1.2 9.83337
    endloop
  endfacet
  facet normal 0 1 0
    outer loop
      vertex -8.80819 -1.2 10.1666
      vertex -7.89979 -1.2 0
      vertex -8.8 -1.2 10
    endloop
  endfacet
  facet normal 0 1 -0
    outer loop
      vertex -10.6666 -1.2 31.6918
      vertex -12.941 -1.2 40
      vertex -10.5 -1.2 31.7
    endloop
  endfacet
  facet normal 0 1 -0
    outer loop
      vertex -10.8317 -1.2 31.6673
      vertex -12.941 -1.2 40
      vertex -10.6666 -1.2 31.6918
    endloop
  endfacet
  facet normal 0 1 -0
    outer loop
      vertex -10.9935 -1.2 31.6268
      vertex -12.941 -1.2 40
      vertex -10.8317 -1.2 31.6673
    endloop
  endfacet
  facet normal 0 1 -0
    outer loop
      vertex -11.1506 -1.2 31.5706
      vertex -12.941 -1.2 40
      vertex -10.9935 -1.2 31.6268
    endloop
  endfacet
  facet normal 0 1 -0
    outer loop
      vertex -11.3014 -1.2 31.4993
      vertex -12.941 -1.2 40
      vertex -11.1506 -1.2 31.5706
    endloop
  endfacet
  facet normal 0 1 -0
    outer loop
      vertex -11.4445 -1.2 31.4135
      vertex -12.941 -1.2 40
      vertex -11.3014 -1.2 31.4993
    endloop
  endfacet
  facet normal 0 1 -0
    outer loop
      vertex -11.5785 -1.2 31.3141
      vertex -12.941 -1.2 40
      vertex -11.4445 -1.2 31.4135
    endloop
  endfacet
  facet normal 0 1 -0
    outer loop
      vertex -11.7021 -1.2 31.2021
      vertex -12.941 -1.2 40
      vertex -11.5785 -1.2 31.3141
    endloop
  endfacet
  facet normal 0 1 -0
    outer loop
      vertex -11.8141 -1.2 31.0785
      vertex -12.941 -1.2 40
      vertex -11.7021 -1.2 31.2021
    endloop
  endfacet
  facet normal 0 1 -0
    outer loop
      vertex -11.9135 -1.2 30.9445
      vertex -12.941 -1.2 40
      vertex -11.8141 -1.2 31.0785
    endloop
  endfacet
  facet normal 0 1 -0
    outer loop
      vertex -11.9993 -1.2 30.8014
      vertex -12.941 -1.2 40
      vertex -11.9135 -1.2 30.9445
    endloop
  endfacet
  facet normal 0 1 -0
    outer loop
      vertex -12.0706 -1.2 30.6506
      vertex -12.941 -1.2 40
      vertex -11.9993 -1.2 30.8014
    endloop
  endfacet
  facet normal 0 1 -0
    outer loop
      vertex -12.1268 -1.2 30.4935
      vertex -12.941 -1.2 40
      vertex -12.0706 -1.2 30.6506
    endloop
  endfacet
  facet normal 0 1 -0
    outer loop
      vertex -12.1673 -1.2 30.3317
      vertex -12.941 -1.2 40
      vertex -12.1268 -1.2 30.4935
    endloop
  endfacet
  facet normal 0 1 -0
    outer loop
      vertex -12.1918 -1.2 30.1666
      vertex -12.941 -1.2 40
      vertex -12.1673 -1.2 30.3317
    endloop
  endfacet
  facet normal 0 1 -0
    outer loop
      vertex -12.2 -1.2 30
      vertex -12.941 -1.2 40
      vertex -12.1918 -1.2 30.1666
    endloop
  endfacet
  facet normal 0 1 0
    outer loop
      vertex -12.941 -1.2 21.25
      vertex -12.2 -1.2 30
      vertex -12.1918 -1.2 29.8334
    endloop
  endfacet
  facet normal 0 1 -0
    outer loop
      vertex -10.5 -1.2 21.25
      vertex -10.6666 -1.2 28.3082
      vertex -10.5 -1.2 28.3
    endloop
  endfacet
  facet normal 0 1 0
    outer loop
      vertex -10.5 -1.2 21.25
      vertex -10.8317 -1.2 28.3327
      vertex -10.6666 -1.2 28.3082
    endloop
  endfacet
  facet normal 0 1 0
    outer loop
      vertex -12.941 -1.2 21.25
      vertex -10.8317 -1.2 28.3327
      vertex -10.5 -1.2 21.25
    endloop
  endfacet
  facet normal 0 1 0
    outer loop
      vertex -10.8317 -1.2 28.3327
      vertex -12.941 -1.2 21.25
      vertex -10.9935 -1.2 28.3732
    endloop
  endfacet
  facet normal 0 1 0
    outer loop
      vertex -10.9935 -1.2 28.3732
      vertex -12.941 -1.2 21.25
      vertex -11.1506 -1.2 28.4294
    endloop
  endfacet
  facet normal 0 1 0
    outer loop
      vertex -11.1506 -1.2 28.4294
      vertex -12.941 -1.2 21.25
      vertex -11.3014 -1.2 28.5007
    endloop
  endfacet
  facet normal 0 1 0
    outer loop
      vertex -11.3014 -1.2 28.5007
      vertex -12.941 -1.2 21.25
      vertex -11.4445 -1.2 28.5865
    endloop
  endfacet
  facet normal 0 1 0
    outer loop
      vertex -11.4445 -1.2 28.5865
      vertex -12.941 -1.2 21.25
      vertex -11.5785 -1.2 28.6859
    endloop
  endfacet
  facet normal 0 1 0
    outer loop
      vertex -11.5785 -1.2 28.6859
      vertex -12.941 -1.2 21.25
      vertex -11.7021 -1.2 28.7979
    endloop
  endfacet
  facet normal 0 1 0
    outer loop
      vertex -11.7021 -1.2 28.7979
      vertex -12.941 -1.2 21.25
      vertex -11.8141 -1.2 28.9215
    endloop
  endfacet
  facet normal 0 1 0
    outer loop
      vertex -11.8141 -1.2 28.9215
      vertex -12.941 -1.2 21.25
      vertex -11.9135 -1.2 29.0555
    endloop
  endfacet
  facet normal 0 1 0
    outer loop
      vertex -11.9135 -1.2 29.0555
      vertex -12.941 -1.2 21.25
      vertex -11.9993 -1.2 29.1986
    endloop
  endfacet
  facet normal 0 1 0
    outer loop
      vertex -11.9993 -1.2 29.1986
      vertex -12.941 -1.2 21.25
      vertex -12.0706 -1.2 29.3494
    endloop
  endfacet
  facet normal 0 1 0
    outer loop
      vertex -12.0706 -1.2 29.3494
      vertex -12.941 -1.2 21.25
      vertex -12.1268 -1.2 29.5065
    endloop
  endfacet
  facet normal 0 1 0
    outer loop
      vertex -12.2 -1.2 30
      vertex -12.941 -1.2 21.25
      vertex -12.941 -1.2 40
    endloop
  endfacet
  facet normal 0 1 0
    outer loop
      vertex -12.1673 -1.2 29.6683
      vertex -12.941 -1.2 21.25
      vertex -12.1918 -1.2 29.8334
    endloop
  endfacet
  facet normal 0 1 0
    outer loop
      vertex -12.1268 -1.2 29.5065
      vertex -12.941 -1.2 21.25
      vertex -12.1673 -1.2 29.6683
    endloop
  endfacet
  facet normal 0 1 0
    outer loop
      vertex -10.8317 -1.2 11.6673
      vertex -10.5 -1.2 18.75
      vertex -10.6666 -1.2 11.6918
    endloop
  endfacet
  facet normal 0 1 0
    outer loop
      vertex -10.5 -1.2 18.75
      vertex -10.8317 -1.2 11.6673
      vertex -12.941 -1.2 18.75
    endloop
  endfacet
  facet normal 0 1 -0
    outer loop
      vertex -10.9935 -1.2 11.6268
      vertex -12.941 -1.2 18.75
      vertex -10.8317 -1.2 11.6673
    endloop
  endfacet
  facet normal 0 1 -0
    outer loop
      vertex -11.1506 -1.2 11.5706
      vertex -12.941 -1.2 18.75
      vertex -10.9935 -1.2 11.6268
    endloop
  endfacet
  facet normal 0 1 -0
    outer loop
      vertex -11.3014 -1.2 11.4993
      vertex -12.941 -1.2 18.75
      vertex -11.1506 -1.2 11.5706
    endloop
  endfacet
  facet normal 0 1 -0
    outer loop
      vertex -11.4445 -1.2 11.4135
      vertex -12.941 -1.2 18.75
      vertex -11.3014 -1.2 11.4993
    endloop
  endfacet
  facet normal 0 1 -0
    outer loop
      vertex -11.5785 -1.2 11.3141
      vertex -12.941 -1.2 18.75
      vertex -11.4445 -1.2 11.4135
    endloop
  endfacet
  facet normal 0 1 -0
    outer loop
      vertex -11.7021 -1.2 11.2021
      vertex -12.941 -1.2 18.75
      vertex -11.5785 -1.2 11.3141
    endloop
  endfacet
  facet normal 0 1 -0
    outer loop
      vertex -11.8141 -1.2 11.0785
      vertex -12.941 -1.2 18.75
      vertex -11.7021 -1.2 11.2021
    endloop
  endfacet
  facet normal 0 1 -0
    outer loop
      vertex -11.9135 -1.2 10.9445
      vertex -12.941 -1.2 18.75
      vertex -11.8141 -1.2 11.0785
    endloop
  endfacet
  facet normal 0 1 -0
    outer loop
      vertex -11.9993 -1.2 10.8014
      vertex -12.941 -1.2 18.75
      vertex -11.9135 -1.2 10.9445
    endloop
  endfacet
  facet normal 0 1 -0
    outer loop
      vertex -12.0706 -1.2 10.6506
      vertex -12.941 -1.2 18.75
      vertex -11.9993 -1.2 10.8014
    endloop
  endfacet
  facet normal 0 1 -0
    outer loop
      vertex -12.1268 -1.2 10.4935
      vertex -12.941 -1.2 18.75
      vertex -12.0706 -1.2 10.6506
    endloop
  endfacet
  facet normal 0 1 -0
    outer loop
      vertex -12.1673 -1.2 10.3317
      vertex -12.941 -1.2 18.75
      vertex -12.1268 -1.2 10.4935
    endloop
  endfacet
  facet normal 0 1 -0
    outer loop
      vertex -12.1918 -1.2 10.1666
      vertex -12.941 -1.2 18.75
      vertex -12.1673 -1.2 10.3317
    endloop
  endfacet
  facet normal 0 1 -0
    outer loop
      vertex -12.2 -1.2 10
      vertex -12.941 -1.2 18.75
      vertex -12.1918 -1.2 10.1666
    endloop
  endfacet
  facet normal 0 1 0
    outer loop
      vertex -12.941 -1.2 0
      vertex -12.2 -1.2 10
      vertex -12.1918 -1.2 9.83337
    endloop
  endfacet
  facet normal 0 1 0
    outer loop
      vertex -12.941 -1.2 0
      vertex -10.5 -1.2 8.3
      vertex -7.89979 -1.2 0
    endloop
  endfacet
  facet normal 0 1 0
    outer loop
      vertex -10.5 -1.2 8.3
      vertex -12.941 -1.2 0
      vertex -10.6666 -1.2 8.30819
    endloop
  endfacet
  facet normal 0 1 0
    outer loop
      vertex -10.6666 -1.2 8.30819
      vertex -12.941 -1.2 0
      vertex -10.8317 -1.2 8.33266
    endloop
  endfacet
  facet normal 0 1 0
    outer loop
      vertex -10.8317 -1.2 8.33266
      vertex -12.941 -1.2 0
      vertex -10.9935 -1.2 8.3732
    endloop
  endfacet
  facet normal 0 1 0
    outer loop
      vertex -10.9935 -1.2 8.3732
      vertex -12.941 -1.2 0
      vertex -11.1506 -1.2 8.4294
    endloop
  endfacet
  facet normal 0 1 0
    outer loop
      vertex -11.1506 -1.2 8.4294
      vertex -12.941 -1.2 0
      vertex -11.3014 -1.2 8.50073
    endloop
  endfacet
  facet normal 0 1 0
    outer loop
      vertex -11.3014 -1.2 8.50073
      vertex -12.941 -1.2 0
      vertex -11.4445 -1.2 8.5865
    endloop
  endfacet
  facet normal 0 1 0
    outer loop
      vertex -11.4445 -1.2 8.5865
      vertex -12.941 -1.2 0
      vertex -11.5785 -1.2 8.68588
    endloop
  endfacet
  facet normal 0 1 0
    outer loop
      vertex -11.5785 -1.2 8.68588
      vertex -12.941 -1.2 0
      vertex -11.7021 -1.2 8.79792
    endloop
  endfacet
  facet normal 0 1 0
    outer loop
      vertex -11.7021 -1.2 8.79792
      vertex -12.941 -1.2 0
      vertex -11.8141 -1.2 8.92153
    endloop
  endfacet
  facet normal 0 1 0
    outer loop
      vertex -11.8141 -1.2 8.92153
      vertex -12.941 -1.2 0
      vertex -11.9135 -1.2 9.05553
    endloop
  endfacet
  facet normal 0 1 0
    outer loop
      vertex -11.9135 -1.2 9.05553
      vertex -12.941 -1.2 0
      vertex -11.9993 -1.2 9.19862
    endloop
  endfacet
  facet normal 0 1 0
    outer loop
      vertex -12.2 -1.2 10
      vertex -12.941 -1.2 0
      vertex -12.941 -1.2 18.75
    endloop
  endfacet
  facet normal 0 1 0
    outer loop
      vertex -12.1673 -1.2 9.66835
      vertex -12.941 -1.2 0
      vertex -12.1918 -1.2 9.83337
    endloop
  endfacet
  facet normal 0 1 0
    outer loop
      vertex -12.1268 -1.2 9.50652
      vertex -12.941 -1.2 0
      vertex -12.1673 -1.2 9.66835
    endloop
  endfacet
  facet normal 0 1 0
    outer loop
      vertex -12.0706 -1.2 9.34944
      vertex -12.941 -1.2 0
      vertex -12.1268 -1.2 9.50652
    endloop
  endfacet
  facet normal 0 1 0
    outer loop
      vertex -11.9993 -1.2 9.19862
      vertex -12.941 -1.2 0
      vertex -12.0706 -1.2 9.34944
    endloop
  endfacet
  facet normal -1 0 0
    outer loop
      vertex 39.4 -6.45 0
      vertex 39.4 6.45 5
      vertex 39.4 6.45 0
    endloop
  endfacet
  facet normal -1 -0 0
    outer loop
      vertex 39.4 6.45 5
      vertex 39.4 -6.45 0
      vertex 39.4 -6.45 5
    endloop
  endfacet
  facet normal 1 -0 0
    outer loop
      vertex 16 -6.45 5
      vertex 16 6.45 0
      vertex 16 6.45 5
    endloop
  endfacet
  facet normal 1 0 0
    outer loop
      vertex 16 6.45 0
      vertex 16 -6.45 5
      vertex 16 -6.45 0
    endloop
  endfacet
endsolid OpenSCAD_Model
